# Blender v3.0.0 OBJ File: ''
# www.blender.org
mtllib free_head_rotated_3b_obj.mtl
o man_body_0014_uv_map_man_body_0014_uv_map.003
v -0.054926 0.674587 -0.192256
v -0.001092 0.676500 -0.214727
v -0.001092 0.676500 -0.214727
v 0.001092 0.676500 -0.214727
v 0.001092 0.676500 -0.214727
v 0.054926 0.674587 -0.192256
v -0.085045 0.666235 -0.171508
v 0.085045 0.666235 -0.171508
v -0.125385 0.658563 -0.146838
v 0.125385 0.658563 -0.146838
v -0.165654 0.653481 -0.116957
v 0.165654 0.653481 -0.116957
v -0.204909 0.631660 -0.089230
v 0.000000 0.592923 0.426895
v 0.138395 0.570977 0.441880
v 0.319555 0.569537 0.244995
v 0.310610 0.593783 0.158770
v -0.310610 0.593783 0.158770
v -0.319555 0.569537 0.244995
v -0.138395 0.570977 0.441880
v 0.204909 0.631660 -0.089230
v -0.298295 0.559012 0.321890
v -0.200670 0.562443 0.421035
v 0.064895 0.583428 0.442060
v -0.064895 0.583428 0.442060
v -0.256050 0.558717 0.384605
v 0.298295 0.559012 0.321890
v 0.200670 0.562443 0.421035
v 0.256050 0.558717 0.384605
v 0.037628 0.673736 -0.206201
v 0.019660 0.675508 -0.213142
v 0.102305 0.041413 -0.439055
v 0.099170 0.045922 -0.441490
v 0.114040 0.047432 -0.446235
v 0.118220 0.039842 -0.446645
v -0.000000 -0.173283 -0.515785
v -0.000000 -0.121343 -0.526720
v 0.056510 -0.119337 -0.525450
v 0.057745 -0.174202 -0.512050
v 0.063070 0.023242 -0.453595
v 0.065785 0.012997 -0.457765
v 0.058315 0.011297 -0.469210
v 0.055245 0.022718 -0.464335
v 0.172635 -0.019622 -0.484555
v 0.173300 -0.030733 -0.488380
v 0.151085 -0.031278 -0.495465
v 0.151900 -0.022658 -0.486600
v 0.205055 -0.072818 -0.493250
v 0.202105 -0.052497 -0.490505
v 0.227505 -0.043297 -0.471175
v 0.233490 -0.060223 -0.469705
v 0.206855 -0.096263 -0.486975
v 0.238635 -0.080528 -0.461780
v 0.274950 0.001388 -0.400810
v 0.270140 -0.022858 -0.421195
v 0.261985 -0.011628 -0.425985
v 0.268565 0.009047 -0.408080
v 0.179455 0.481492 0.396280
v 0.229715 0.480307 0.366325
v 0.242195 0.520527 0.373530
v 0.188935 0.522442 0.406910
v 0.169255 0.247868 0.398715
v 0.173635 0.200427 0.412730
v 0.224575 0.198708 0.385105
v 0.220375 0.245562 0.374340
v 0.059895 0.203832 0.445270
v 0.058190 0.250703 0.422530
v 0.000000 0.250638 0.425055
v 0.000000 0.203592 0.449165
v 0.064225 0.095533 0.483255
v 0.062010 0.153058 0.466950
v 0.000000 0.151718 0.471360
v 0.000000 0.093458 0.488145
v 0.262115 -0.181558 -0.377245
v 0.249300 -0.151672 -0.403045
v 0.272250 -0.115873 -0.373825
v 0.282020 -0.138153 -0.345305
v 0.284175 -0.007393 -0.390165
v 0.280230 -0.035012 -0.412400
v 0.205695 -0.120648 -0.470760
v 0.207260 -0.149013 -0.451590
v 0.163825 -0.165743 -0.475860
v 0.163845 -0.131463 -0.493155
v 0.283040 0.020702 -0.374940
v 0.275315 0.025557 -0.387780
v 0.272700 0.047387 -0.380560
v 0.281175 0.047172 -0.367645
v 0.315505 0.042793 -0.302735
v 0.309040 0.000963 -0.310700
v 0.302210 0.006948 -0.338450
v 0.304270 0.044593 -0.330610
v 0.235005 0.157567 -0.416685
v 0.229080 0.138907 -0.421655
v 0.211335 0.142527 -0.435725
v 0.214700 0.162128 -0.433270
v 0.241150 0.180112 -0.408530
v 0.216845 0.186877 -0.429235
v 0.152525 0.234283 -0.469670
v 0.170565 0.250102 -0.456105
v 0.181090 0.230783 -0.450385
v 0.160480 0.216092 -0.465760
v 0.172460 0.139602 -0.457365
v 0.153635 0.134717 -0.464440
v 0.151350 0.150037 -0.466545
v 0.171525 0.156493 -0.458545
v 0.090775 0.113587 -0.497430
v 0.091500 0.102893 -0.488775
v 0.078725 0.092452 -0.494005
v 0.077905 0.102983 -0.503440
v 0.105190 0.061718 -0.452040
v 0.100665 0.069813 -0.457785
v 0.113845 0.075462 -0.457585
v 0.117635 0.065938 -0.453800
v 0.057810 0.059292 -0.493095
v 0.049230 0.045797 -0.496715
v 0.047150 0.053207 -0.509420
v 0.056500 0.067667 -0.504455
v 0.044355 0.063627 -0.523170
v 0.054580 0.078697 -0.515815
v 0.038830 0.037057 -0.513145
v 0.033155 0.044942 -0.531230
v 0.043340 0.030997 -0.499960
v 0.075400 -0.002202 -0.481755
v 0.068210 -0.002928 -0.495035
v 0.058340 0.001612 -0.487590
v 0.065680 0.003282 -0.475410
v 0.025875 0.004153 -0.522845
v 0.029120 -0.012687 -0.526025
v 0.015570 -0.013583 -0.531390
v 0.013545 0.004787 -0.527640
v -0.000000 0.056587 -0.554410
v -0.000000 0.073572 -0.563570
v 0.017005 0.076622 -0.562315
v 0.017395 0.057957 -0.552830
v 0.014680 0.022953 -0.534155
v -0.000000 0.004892 -0.529695
v -0.000000 0.023187 -0.537425
v 0.017175 0.041108 -0.543465
v -0.000000 0.041472 -0.546355
v 0.222570 -0.029303 -0.470910
v 0.218460 -0.017958 -0.470770
v 0.236570 -0.008863 -0.454150
v 0.242075 -0.018557 -0.451820
v 0.223840 0.122833 -0.424710
v 0.207645 0.126377 -0.436830
v 0.085685 0.523353 -0.497890
v 0.097315 0.513082 -0.483940
v 0.088130 0.496297 -0.487645
v 0.076580 0.504367 -0.499520
v 0.082545 0.479258 -0.492905
v 0.069010 0.486022 -0.499485
v 0.100565 0.486763 -0.479595
v 0.095910 0.471947 -0.488145
v 0.107190 0.501752 -0.471575
v 0.194235 -0.014787 -0.480220
v 0.190810 -0.006208 -0.477160
v 0.209805 -0.000492 -0.468155
v 0.214535 -0.008603 -0.470445
v 0.248600 -0.030143 -0.449295
v 0.267365 -0.077292 -0.420750
v 0.264065 -0.059482 -0.437000
v 0.286260 -0.049248 -0.396620
v 0.297125 -0.028887 -0.352965
v 0.300395 -0.038612 -0.325795
v 0.288520 -0.077698 -0.347745
v 0.286095 -0.063007 -0.374320
v 0.147160 -0.391123 -0.381575
v 0.137680 -0.342107 -0.430840
v 0.198565 -0.307807 -0.407315
v 0.211780 -0.350392 -0.362595
v 0.228660 -0.221832 -0.409305
v 0.215200 -0.183038 -0.432275
v 0.131135 0.157163 -0.479780
v 0.115755 0.146757 -0.489570
v 0.111660 0.161452 -0.495710
v 0.127450 0.173357 -0.485205
v 0.327390 0.213223 0.208710
v 0.330675 0.200517 0.170575
v 0.325505 0.243697 0.150380
v 0.324855 0.258303 0.192725
v 0.317145 0.269707 0.238000
v 0.320980 0.306587 0.173680
v 0.314035 0.315617 0.223975
v 0.318780 0.293972 0.118210
v 0.113550 0.296788 0.401955
v 0.113565 0.344377 0.396010
v 0.057505 0.345182 0.397445
v 0.057475 0.297393 0.405780
v 0.148635 0.166817 -0.469560
v 0.145525 0.184823 -0.473995
v 0.063585 0.103933 -0.518965
v 0.052265 0.092152 -0.526510
v 0.049665 0.107082 -0.536375
v 0.060495 0.117462 -0.527775
v 0.075895 0.114818 -0.512360
v 0.072525 0.127577 -0.520485
v 0.133075 -0.020593 -0.489800
v 0.134940 -0.013562 -0.481505
v 0.152175 -0.013058 -0.481745
v 0.231185 -0.001218 -0.455080
v 0.225615 0.004658 -0.454195
v 0.262055 0.164617 -0.389715
v 0.248465 0.207018 -0.395745
v 0.271745 0.187612 -0.372220
v 0.240530 -0.101812 -0.445850
v 0.118830 -0.223632 -0.485525
v 0.114120 -0.174593 -0.497970
v 0.170345 -0.207648 -0.460740
v 0.145000 0.373743 -0.477400
v 0.149555 0.369253 -0.474630
v 0.144815 0.357707 -0.480635
v 0.141040 0.364192 -0.483065
v 0.275610 0.303552 -0.310970
v 0.304980 0.276622 -0.261165
v 0.296415 0.239317 -0.311190
v 0.270450 0.266622 -0.341410
v 0.241860 -0.124713 -0.425180
v 0.248960 0.067807 -0.408725
v 0.240680 0.079637 -0.414975
v 0.243745 0.088623 -0.409690
v 0.252515 0.074567 -0.403415
v 0.060090 -0.229493 -0.500550
v -0.000000 -0.227737 -0.504835
v 0.009200 0.302082 -0.541740
v 0.008985 0.293097 -0.541745
v -0.000000 0.292512 -0.540580
v -0.000000 0.301692 -0.540525
v 0.027410 0.123627 -0.575105
v 0.037265 0.131183 -0.566080
v 0.039025 0.113288 -0.556600
v 0.029635 0.104207 -0.566420
v 0.216575 0.274402 -0.410315
v 0.201475 0.248927 -0.431140
v 0.186900 0.268638 -0.440320
v 0.200790 0.291243 -0.424610
v 0.141505 0.337653 -0.484735
v 0.137880 0.346422 -0.488040
v 0.149155 0.350682 -0.477065
v 0.119145 0.326833 -0.504775
v 0.129260 0.335997 -0.496375
v 0.132100 0.325378 -0.493415
v 0.120455 0.314167 -0.502065
v 0.155215 0.309168 -0.463575
v 0.150130 0.319048 -0.472405
v 0.159550 0.335357 -0.464155
v 0.166035 0.326762 -0.455075
v 0.138185 0.397288 -0.473205
v 0.134055 0.393277 -0.476755
v 0.130200 0.397997 -0.481770
v 0.135165 0.404087 -0.477380
v 0.140770 0.377243 -0.479455
v 0.136885 0.379347 -0.480945
v 0.137725 0.384567 -0.476680
v 0.141780 0.384333 -0.475190
v 0.224770 0.429518 -0.345355
v 0.213080 0.429738 -0.372675
v 0.204495 0.456932 -0.369510
v 0.215330 0.459567 -0.342315
v 0.145815 0.328438 -0.479795
v 0.154205 0.343238 -0.471750
v 0.283550 0.214133 -0.346460
v 0.303320 0.176212 -0.326930
v 0.291515 0.157123 -0.354820
v 0.397525 0.159922 0.064980
v 0.391215 0.175238 0.052930
v 0.397470 0.186872 0.059225
v 0.403565 0.169852 0.073640
v 0.409755 0.151783 0.084830
v 0.407300 0.176702 0.081970
v 0.415350 0.157877 0.093635
v 0.398570 0.195352 0.066695
v 0.414845 0.014538 0.089580
v 0.416865 0.031682 0.095005
v 0.425470 0.025283 0.105110
v 0.427280 0.004463 0.096020
v 0.243700 0.008067 -0.437745
v 0.237830 0.011212 -0.438535
v 0.243805 0.019367 -0.422725
v 0.250695 0.018902 -0.421405
v 0.316340 0.133737 -0.312960
v 0.314940 0.196357 -0.290030
v 0.325925 0.145342 -0.276700
v 0.131290 0.361747 -0.492035
v 0.128080 0.367488 -0.493710
v 0.133425 0.373312 -0.486595
v 0.137145 0.369492 -0.485025
v 0.008725 0.284687 -0.542570
v -0.000000 0.283868 -0.541755
v 0.008715 0.330448 -0.548520
v -0.000000 0.330397 -0.547595
v -0.000000 0.337933 -0.551495
v 0.007705 0.336732 -0.551685
v 0.009295 0.311583 -0.542640
v -0.000000 0.311303 -0.541300
v 0.033755 0.440043 -0.527535
v 0.016570 0.440987 -0.529225
v 0.016310 0.457572 -0.517530
v 0.033400 0.456067 -0.516785
v -0.000000 0.458927 -0.517630
v -0.000000 0.480728 -0.516120
v 0.017000 0.478578 -0.515175
v 0.050255 0.472227 -0.507745
v 0.064915 0.467898 -0.503505
v 0.063535 0.451297 -0.512035
v 0.048940 0.454068 -0.514795
v -0.000000 0.440617 -0.529280
v 0.063660 0.436587 -0.522000
v 0.049265 0.438532 -0.524985
v 0.034575 0.475847 -0.511975
v 0.136730 0.418698 -0.475245
v 0.141045 0.409687 -0.471740
v 0.131020 0.411233 -0.481810
v 0.126250 0.403292 -0.486760
v 0.131040 0.427467 -0.479455
v 0.125725 0.418503 -0.486290
v 0.146420 0.382892 -0.472860
v 0.121590 0.409123 -0.491715
v 0.088300 0.335478 -0.527885
v 0.097745 0.339072 -0.521945
v 0.097580 0.327373 -0.520880
v 0.087335 0.323957 -0.526590
v 0.133650 0.380512 -0.481935
v 0.130935 0.381262 -0.482475
v 0.132340 0.384352 -0.479080
v 0.134710 0.384402 -0.478005
v 0.088740 0.345683 -0.528910
v 0.097470 0.349277 -0.522770
v 0.106900 0.343372 -0.515195
v 0.107815 0.331997 -0.514200
v 0.068570 0.329812 -0.537310
v 0.078580 0.332437 -0.532995
v 0.077130 0.321323 -0.531385
v 0.066990 0.319157 -0.535570
v 0.105820 0.353197 -0.516120
v 0.123980 0.354682 -0.499965
v 0.134735 0.354612 -0.490275
v 0.126805 0.345802 -0.498460
v 0.135345 0.314192 -0.488675
v 0.121715 0.300367 -0.497385
v 0.113965 0.357482 -0.509160
v 0.121545 0.362232 -0.501645
v 0.115770 0.348552 -0.507870
v 0.117705 0.338193 -0.506620
v 0.170990 -0.010368 -0.480965
v 0.096320 0.314878 -0.519105
v 0.085380 0.311972 -0.524635
v 0.107780 0.319523 -0.512450
v 0.075010 0.309988 -0.529455
v 0.064995 0.308462 -0.533770
v 0.143695 0.400662 -0.469090
v 0.104075 0.450773 -0.492085
v 0.114705 0.443648 -0.488070
v 0.110720 0.432222 -0.495490
v 0.100805 0.438063 -0.499910
v 0.280850 0.438743 -0.194360
v 0.292860 0.442628 -0.149040
v 0.313445 0.397292 -0.139475
v 0.299065 0.394142 -0.190770
v 0.107795 0.420693 -0.501750
v 0.098620 0.425618 -0.506885
v 0.092145 0.457273 -0.496100
v 0.089570 0.443202 -0.504290
v 0.140550 0.390747 -0.472450
v 0.145770 0.391762 -0.469750
v 0.088275 0.429952 -0.512340
v 0.038245 0.496373 -0.514485
v 0.018805 0.499693 -0.518595
v 0.021510 0.521038 -0.524930
v 0.044240 0.516803 -0.521395
v 0.024330 0.545117 -0.526575
v 0.050415 0.540392 -0.523090
v -0.000000 0.522842 -0.524495
v -0.000000 0.546463 -0.525180
v -0.000000 0.501972 -0.519510
v 0.009165 0.321292 -0.544970
v -0.000000 0.320997 -0.543640
v 0.154830 0.364177 -0.470730
v 0.160755 0.358592 -0.465030
v 0.149945 0.403087 -0.464225
v 0.151640 0.391877 -0.465840
v 0.119050 0.425637 -0.490920
v 0.123775 0.435863 -0.483895
v 0.151765 0.380663 -0.469695
v 0.136875 0.435817 -0.471685
v 0.142705 0.425233 -0.467840
v 0.147070 0.414237 -0.465215
v 0.119570 0.455102 -0.479860
v 0.129135 0.445787 -0.475810
v 0.079010 0.463008 -0.499925
v 0.077155 0.447662 -0.508500
v 0.076740 0.433728 -0.517710
v 0.046990 0.315502 -0.542610
v 0.037080 0.314047 -0.544700
v 0.037830 0.323682 -0.546540
v 0.048185 0.325353 -0.544480
v 0.054605 0.491772 -0.507350
v 0.193500 0.482848 -0.368910
v 0.202890 0.487583 -0.341610
v 0.052990 0.617923 -0.414060
v 0.025725 0.619022 -0.416240
v 0.024593 0.621657 -0.382045
v 0.050522 0.621139 -0.379701
v 0.056795 0.601618 -0.474895
v 0.027705 0.607167 -0.478875
v 0.026750 0.614492 -0.448920
v 0.055025 0.611237 -0.446190
v -0.000000 0.614117 -0.448715
v -0.000000 0.618272 -0.416235
v -0.000000 0.607103 -0.478715
v 0.329335 0.093297 -0.268390
v 0.324925 0.041547 -0.269190
v 0.320225 0.088612 -0.303085
v 0.156580 0.404732 -0.457935
v 0.158375 0.391358 -0.460825
v 0.158040 0.377833 -0.465460
v 0.166155 0.390292 -0.454490
v 0.164985 0.374382 -0.459430
v 0.150035 0.451447 -0.452780
v 0.155815 0.436597 -0.449730
v 0.149040 0.431132 -0.459435
v 0.143275 0.443802 -0.462935
v 0.153395 0.418003 -0.457570
v 0.160350 0.421227 -0.448695
v 0.132130 0.478212 -0.460990
v 0.142315 0.465378 -0.456885
v 0.135405 0.455672 -0.466950
v 0.125490 0.466753 -0.470995
v 0.070480 0.532578 -0.511685
v 0.062385 0.511227 -0.511605
v -0.000000 0.620973 -0.382460
v 0.181830 0.507218 -0.370940
v 0.188865 0.513297 -0.343010
v 0.168965 0.529968 -0.375055
v 0.173780 0.536842 -0.346200
v 0.154595 0.550848 -0.380665
v 0.157200 0.558133 -0.350660
v 0.139100 0.569962 -0.387320
v 0.139090 0.577002 -0.356110
v 0.098252 0.607128 -0.369034
v 0.119420 0.593467 -0.362345
v 0.121720 0.587242 -0.394755
v 0.101485 0.601792 -0.402360
v 0.172375 0.470678 -0.411085
v 0.182530 0.476902 -0.391730
v 0.191675 0.453382 -0.391635
v 0.179640 0.449352 -0.409945
v 0.199425 0.428967 -0.394395
v 0.186145 0.427492 -0.411770
v 0.226855 0.462853 -0.311525
v 0.238440 0.429972 -0.314200
v 0.047235 0.123193 -0.545840
v 0.041320 0.095533 -0.546960
v 0.241943 0.509427 -0.164944
v 0.268820 0.480493 -0.157675
v 0.260205 0.475847 -0.198865
v 0.235775 0.506023 -0.202520
v 0.266865 0.433663 -0.238240
v 0.248570 0.470818 -0.238830
v 0.168075 0.423927 -0.438600
v 0.172155 0.406272 -0.441180
v 0.164165 0.405843 -0.450485
v 0.131160 0.390322 -0.479185
v 0.128985 0.388522 -0.480920
v 0.123990 0.389962 -0.485835
v 0.126650 0.393237 -0.484455
v 0.313380 0.342823 -0.188935
v 0.295635 0.340657 -0.246650
v 0.282675 0.390577 -0.240195
v 0.327945 0.347757 -0.129460
v 0.322295 0.283048 -0.189130
v 0.302325 -0.182903 -0.271805
v 0.288465 -0.240552 -0.303895
v 0.275935 -0.211768 -0.344190
v 0.291820 -0.160723 -0.310775
v 0.335825 0.283582 -0.121775
v 0.220900 0.025038 -0.425510
v 0.216915 0.027862 -0.429820
v 0.215980 0.027137 -0.432095
v 0.219435 0.024688 -0.427610
v 0.016365 0.232177 -0.629955
v 0.014500 0.246457 -0.623135
v 0.026505 0.243807 -0.616180
v 0.029540 0.231202 -0.621790
v 0.249485 0.049797 -0.408420
v 0.250660 0.038797 -0.405540
v 0.245330 0.035537 -0.410180
v 0.244315 0.044227 -0.413490
v 0.314905 -0.057068 -0.256740
v 0.324980 -0.007623 -0.241100
v 0.333855 -0.012273 -0.201300
v 0.326115 -0.068977 -0.220420
v 0.227445 0.077502 -0.427510
v 0.237340 0.069562 -0.420445
v 0.233515 0.059662 -0.425045
v 0.224360 0.065863 -0.431820
v 0.257580 0.081887 -0.396640
v 0.248670 0.098913 -0.403780
v 0.256700 0.110763 -0.397215
v 0.265230 0.090178 -0.388260
v 0.254130 0.055287 -0.403170
v 0.244905 0.059987 -0.413970
v 0.281030 0.073403 -0.370005
v 0.276405 0.099362 -0.377865
v 0.290290 0.109878 -0.363235
v 0.294470 0.078623 -0.353725
v 0.250850 0.027207 -0.408100
v 0.244480 0.025448 -0.409800
v 0.187125 -0.001878 -0.472455
v 0.205625 0.003088 -0.464355
v 0.268065 -0.095572 -0.398975
v 0.125155 0.371953 -0.494775
v 0.122380 0.375407 -0.495150
v 0.127275 0.377837 -0.487810
v 0.130180 0.375987 -0.487520
v 0.233885 0.017692 -0.420650
v 0.230065 0.013958 -0.435060
v 0.227900 0.015357 -0.430430
v 0.231305 0.018963 -0.420270
v 0.267200 0.123882 -0.388490
v 0.244920 0.129532 -0.408190
v 0.253105 0.145738 -0.401075
v 0.237790 0.113662 -0.413330
v 0.233435 0.012968 -0.437705
v 0.238155 0.018712 -0.421890
v 0.196620 -0.025328 -0.481990
v 0.239380 0.024073 -0.411925
v 0.240655 0.032557 -0.413555
v 0.256945 0.028707 -0.405460
v 0.255655 0.041962 -0.400385
v 0.212960 0.070602 -0.438680
v 0.211000 0.060408 -0.441580
v 0.198525 0.063428 -0.447215
v 0.199700 0.073537 -0.444890
v 0.070562 0.615707 -0.340489
v 0.047509 0.620046 -0.344489
v 0.044172 0.615417 -0.308816
v 0.065791 0.612959 -0.305432
v 0.151315 -0.006332 -0.476675
v 0.168570 -0.004928 -0.475890
v 0.249460 0.003603 -0.435195
v 0.256810 0.017353 -0.418405
v 0.135715 -0.006437 -0.475775
v 0.072600 0.005248 -0.463210
v 0.116360 -0.015557 -0.491430
v 0.100790 -0.011433 -0.490030
v 0.105420 -0.008963 -0.477565
v 0.119395 -0.011883 -0.480325
v 0.072965 0.017232 -0.450860
v 0.078845 0.009428 -0.454795
v 0.069615 0.025073 -0.446175
v 0.221405 0.007417 -0.451935
v 0.170845 0.087332 -0.452085
v 0.170470 0.075142 -0.453300
v 0.156365 0.073947 -0.455270
v 0.155950 0.085672 -0.455360
v 0.121700 -0.005478 -0.473110
v 0.109210 -0.003297 -0.469270
v 0.131175 -0.025027 -0.502390
v 0.112090 -0.018868 -0.504840
v 0.094695 -0.013363 -0.503785
v 0.185275 0.075033 -0.449850
v 0.184590 0.065023 -0.451745
v 0.170100 0.065243 -0.454730
v 0.057865 0.035257 -0.461140
v 0.064955 0.034028 -0.450560
v 0.156750 0.064228 -0.455890
v 0.219600 0.221462 -0.421325
v 0.190320 0.207852 -0.446095
v 0.061515 0.049047 -0.471055
v 0.065930 0.046052 -0.459755
v 0.053465 0.037013 -0.473445
v 0.049800 0.023503 -0.476970
v 0.072105 0.043103 -0.449730
v 0.092905 0.056353 -0.450895
v 0.088180 0.062752 -0.458510
v 0.109550 0.054007 -0.448165
v 0.097010 0.050352 -0.445670
v 0.027685 0.322433 -0.547425
v 0.027400 0.312912 -0.545180
v 0.096715 0.077592 -0.464800
v 0.110465 0.084518 -0.462880
v 0.127495 0.079743 -0.457740
v 0.130185 0.069332 -0.455235
v 0.076450 0.054913 -0.459055
v 0.081625 0.050272 -0.449940
v 0.124845 0.089973 -0.461130
v 0.071420 0.034028 -0.443740
v 0.077760 0.041558 -0.443010
v 0.060730 -0.004668 -0.505175
v 0.051400 0.000932 -0.497125
v 0.040835 -0.010918 -0.519570
v 0.036255 0.003088 -0.515365
v 0.044335 0.001453 -0.506325
v 0.041935 0.015672 -0.502745
v 0.047350 0.012962 -0.492370
v 0.052110 0.011268 -0.481840
v 0.046610 0.026267 -0.488380
v 0.147035 -0.053158 -0.521345
v 0.150025 -0.039573 -0.508480
v 0.174305 -0.041643 -0.497510
v 0.175610 -0.055528 -0.508895
v 0.185420 0.337452 -0.437760
v 0.198415 0.327982 -0.426100
v 0.188065 0.305107 -0.437170
v 0.176345 0.316762 -0.447055
v 0.118640 -0.046412 -0.529035
v 0.126535 -0.033368 -0.516320
v 0.013500 0.256417 -0.610310
v 0.024805 0.251992 -0.602435
v 0.015370 0.169027 -0.605345
v 0.016280 0.183128 -0.614875
v 0.030850 0.183852 -0.609340
v 0.028860 0.170712 -0.599865
v 0.049665 0.225857 -0.600930
v 0.059945 0.225717 -0.589715
v 0.061740 0.216247 -0.587750
v 0.051740 0.215257 -0.599765
v 0.061350 0.206137 -0.583005
v 0.051440 0.203447 -0.594150
v 0.071520 0.218877 -0.577010
v 0.072165 0.209212 -0.573435
v 0.069430 0.227497 -0.578220
v 0.036150 0.304677 -0.543620
v 0.045665 0.305837 -0.541265
v 0.033845 0.287538 -0.542710
v 0.035045 0.295777 -0.542960
v 0.044150 0.296568 -0.540195
v 0.042515 0.287892 -0.539410
v 0.038545 0.332993 -0.549870
v 0.049310 0.334827 -0.547160
v 0.032110 0.274107 -0.544605
v 0.032750 0.280228 -0.543100
v 0.041000 0.280073 -0.539170
v 0.039970 0.273387 -0.539870
v 0.017325 0.197732 -0.624670
v 0.032280 0.198472 -0.617860
v 0.006885 0.266207 -0.565855
v 0.015575 0.265222 -0.563220
v 0.012440 0.261648 -0.573540
v 0.006205 0.263438 -0.575570
v 0.042930 0.215483 -0.611630
v 0.040090 0.228372 -0.611565
v 0.031895 0.215228 -0.622465
v 0.043515 0.200592 -0.606800
v 0.062785 0.254012 -0.531250
v 0.065440 0.257198 -0.526195
v 0.070525 0.252172 -0.530205
v 0.067390 0.250602 -0.533875
v 0.075355 0.248448 -0.536045
v 0.071700 0.248212 -0.538060
v 0.073980 0.252888 -0.525765
v 0.079180 0.247992 -0.533370
v 0.068940 0.260242 -0.520735
v 0.037575 0.240538 -0.581810
v 0.033520 0.235267 -0.576845
v 0.038740 0.235137 -0.570550
v 0.044015 0.239307 -0.575215
v 0.044995 0.235028 -0.563910
v 0.050195 0.238832 -0.568440
v 0.033495 0.228363 -0.566020
v 0.040030 0.228677 -0.559250
v 0.027650 0.236167 -0.581765
v 0.021095 0.238242 -0.582290
v 0.018010 0.225397 -0.573185
v 0.022360 0.225263 -0.575050
v 0.031120 0.242673 -0.586350
v 0.059750 0.239788 -0.532290
v 0.061270 0.238897 -0.536760
v 0.056525 0.226502 -0.532630
v 0.054810 0.226802 -0.526935
v 0.022715 0.245047 -0.588230
v 0.007500 0.268927 -0.558005
v -0.000000 0.266337 -0.566710
v -0.000000 0.268717 -0.559135
v 0.016830 0.285907 -0.544030
v 0.016230 0.278637 -0.545685
v 0.008325 0.277373 -0.545635
v 0.035700 0.253692 -0.539345
v 0.032485 0.247328 -0.534995
v 0.026295 0.246857 -0.540195
v 0.029280 0.254022 -0.544930
v 0.015640 0.272937 -0.549770
v 0.024335 0.279722 -0.545085
v 0.023760 0.273808 -0.547575
v 0.025170 0.286887 -0.544110
v 0.007265 0.262012 -0.586305
v -0.000000 0.262817 -0.587380
v -0.000000 0.263857 -0.576395
v 0.012515 0.259647 -0.583585
v 0.018060 0.257983 -0.592675
v 0.010685 0.260912 -0.597590
v 0.051035 0.234963 -0.557410
v 0.055835 0.238922 -0.561370
v 0.016990 0.242273 -0.561725
v 0.018650 0.244387 -0.554330
v 0.017325 0.236222 -0.548805
v 0.015965 0.234427 -0.555325
v 0.016490 0.248752 -0.575085
v 0.017515 0.251098 -0.567785
v 0.016370 0.240412 -0.568545
v 0.016335 0.238407 -0.576460
v 0.015110 0.227712 -0.568140
v 0.015015 0.231683 -0.561370
v 0.020255 0.253032 -0.559975
v 0.048675 0.251747 -0.532965
v 0.045630 0.246543 -0.529380
v 0.039305 0.247152 -0.531565
v 0.042670 0.252947 -0.535615
v 0.035195 0.238352 -0.525470
v 0.028850 0.238543 -0.529380
v 0.051465 0.229092 -0.547775
v 0.055550 0.234942 -0.551645
v 0.046910 0.229177 -0.552775
v -0.000000 0.256562 -0.612520
v -0.000000 0.261437 -0.599105
v -0.000000 0.198258 -0.626825
v -0.000000 0.214548 -0.632010
v 0.017435 0.214797 -0.630115
v 0.064345 0.244632 -0.538955
v 0.061870 0.245363 -0.535195
v 0.056045 0.241898 -0.529045
v 0.058205 0.247113 -0.532585
v 0.050715 0.228453 -0.522475
v 0.027285 0.226297 -0.572865
v 0.021650 0.245798 -0.546985
v 0.024125 0.253748 -0.552125
v 0.019505 0.237048 -0.541775
v 0.063665 0.241207 -0.548165
v 0.059175 0.235212 -0.546460
v 0.061255 0.236772 -0.540875
v 0.065240 0.243458 -0.543200
v 0.056355 0.227562 -0.538160
v 0.023245 0.237448 -0.534675
v 0.076370 0.230727 -0.567910
v 0.079470 0.223007 -0.566565
v 0.081250 0.214033 -0.563410
v 0.140465 0.202932 -0.478025
v 0.166520 0.196092 -0.461975
v 0.031845 0.084313 -0.557070
v 0.068670 0.141222 -0.528250
v 0.080370 0.151572 -0.520000
v 0.085015 0.138537 -0.512855
v 0.061620 0.237052 -0.575945
v 0.056030 0.239248 -0.573005
v 0.061655 0.239962 -0.564590
v 0.067245 0.238863 -0.566745
v 0.092295 0.163493 -0.511030
v 0.105275 0.177332 -0.500985
v 0.097935 0.149853 -0.504695
v 0.057470 0.132567 -0.536405
v 0.109770 0.370327 -0.509510
v 0.116460 0.373012 -0.502675
v 0.119100 0.368317 -0.502630
v 0.112050 0.364742 -0.509840
v 0.121230 0.056778 -0.451545
v 0.043130 0.078672 -0.535995
v 0.033080 0.064532 -0.545670
v 0.119745 0.120807 -0.477295
v 0.105015 0.112267 -0.483165
v 0.104110 0.123702 -0.490730
v 0.118130 0.133228 -0.483100
v 0.105835 0.102152 -0.475985
v 0.091785 0.093538 -0.480100
v 0.038900 0.263227 -0.542300
v 0.037670 0.258743 -0.541590
v 0.031230 0.259522 -0.547720
v 0.032060 0.264288 -0.548410
v 0.074670 0.244203 -0.549660
v 0.069440 0.243843 -0.549410
v 0.070065 0.245832 -0.543765
v 0.074520 0.246208 -0.543345
v 0.068035 0.247167 -0.539140
v 0.025385 0.259838 -0.555005
v 0.024795 0.265073 -0.555250
v 0.019895 0.259578 -0.563015
v 0.017375 0.246893 -0.583215
v 0.054585 0.228652 -0.543220
v 0.019070 0.252953 -0.587480
v 0.025560 0.249627 -0.592405
v 0.015580 0.255308 -0.579940
v 0.046040 0.261682 -0.537235
v 0.044755 0.257533 -0.537300
v 0.050830 0.255747 -0.534230
v 0.016145 0.257338 -0.571040
v 0.026910 0.228872 -0.525480
v 0.027975 0.221083 -0.525155
v 0.022620 0.221927 -0.530960
v 0.021900 0.228627 -0.531275
v 0.043815 0.238622 -0.594700
v 0.034475 0.244237 -0.600780
v 0.034000 0.245332 -0.592300
v 0.041675 0.241078 -0.588860
v 0.049100 0.239552 -0.581080
v 0.053455 0.236537 -0.586075
v 0.051030 0.223727 -0.540095
v 0.052115 0.222588 -0.536345
v 0.037440 0.223733 -0.553825
v 0.035685 0.220428 -0.549520
v 0.042695 0.220003 -0.542825
v 0.044545 0.223618 -0.546725
v 0.064545 0.248563 -0.535415
v 0.060470 0.250717 -0.532975
v 0.052120 0.221447 -0.531825
v 0.027925 0.224043 -0.563505
v 0.032665 0.224478 -0.559750
v 0.048585 0.219557 -0.535715
v 0.047775 0.218228 -0.532040
v 0.048745 0.220953 -0.538370
v 0.041015 0.236418 -0.522710
v 0.038155 0.227708 -0.519690
v 0.032765 0.229048 -0.521680
v 0.032020 0.221407 -0.554825
v 0.029380 0.221937 -0.558720
v 0.016530 0.227957 -0.549855
v 0.016420 0.224983 -0.554885
v 0.033145 0.221677 -0.521550
v 0.037050 0.222272 -0.519960
v 0.017165 0.229747 -0.544800
v 0.018230 0.222858 -0.545085
v 0.019915 0.220168 -0.549090
v 0.017850 0.225257 -0.542360
v 0.017790 0.222132 -0.559520
v 0.021265 0.221058 -0.563260
v 0.018720 0.229707 -0.538575
v 0.024690 0.222102 -0.564880
v 0.019230 0.223727 -0.537455
v 0.027580 0.220382 -0.557735
v 0.025105 0.219387 -0.555620
v 0.065940 0.233653 -0.577525
v 0.072050 0.236148 -0.567885
v 0.050600 0.221117 -0.526765
v 0.047345 0.222107 -0.522310
v 0.046095 0.217552 -0.527865
v 0.043395 0.217952 -0.523910
v 0.046005 0.232022 -0.521060
v 0.051140 0.244848 -0.528360
v 0.032075 0.269082 -0.546790
v 0.039525 0.267987 -0.541380
v 0.015445 0.269132 -0.555760
v 0.023950 0.269352 -0.551495
v 0.038800 0.341988 -0.552350
v 0.038635 0.350317 -0.552415
v 0.049520 0.351287 -0.547665
v 0.049875 0.343623 -0.548805
v 0.007900 0.272278 -0.551220
v 0.010470 0.382692 -0.529610
v 0.010885 0.382392 -0.537230
v -0.000000 0.383202 -0.540280
v -0.000000 0.383652 -0.533375
v 0.046440 0.233657 -0.599020
v 0.036255 0.238097 -0.608340
v 0.056745 0.232472 -0.588750
v 0.017055 0.331178 -0.550640
v 0.027625 0.331727 -0.551250
v 0.018060 0.321683 -0.546860
v 0.058430 0.327448 -0.541200
v 0.056955 0.317222 -0.539395
v 0.017410 0.294023 -0.543435
v 0.026040 0.294937 -0.543880
v 0.026820 0.303667 -0.544190
v 0.017915 0.302787 -0.543485
v 0.018200 0.312092 -0.544445
v 0.013775 0.349723 -0.559750
v 0.027060 0.349848 -0.556945
v 0.026980 0.340832 -0.555025
v 0.013230 0.340458 -0.555155
v 0.037555 0.214227 -0.532680
v 0.039615 0.215492 -0.536450
v 0.033785 0.216517 -0.542925
v 0.031600 0.214977 -0.539560
v 0.104590 0.402017 -0.507685
v 0.097090 0.405688 -0.514450
v 0.097535 0.414813 -0.511925
v 0.105830 0.410497 -0.505870
v 0.087990 0.418633 -0.518370
v 0.247250 0.394998 -0.320335
v 0.231205 0.398033 -0.351385
v 0.175260 0.284398 -0.449445
v 0.138700 0.303512 -0.481250
v 0.125085 0.288578 -0.489790
v 0.069505 0.354843 -0.537470
v 0.078775 0.357627 -0.532535
v 0.079630 0.350968 -0.534460
v 0.070250 0.348102 -0.539610
v 0.088485 0.354202 -0.528915
v 0.079545 0.342417 -0.534410
v 0.087420 0.360807 -0.527325
v 0.095320 0.364152 -0.521655
v 0.096725 0.357687 -0.522860
v 0.104520 0.361227 -0.516500
v 0.102665 0.367392 -0.515740
v 0.305835 -0.048203 -0.293550
v 0.294930 -0.093307 -0.317065
v 0.119805 0.391473 -0.490675
v 0.122630 0.396562 -0.489540
v 0.118255 0.400797 -0.494675
v 0.115730 0.394058 -0.495795
v 0.075078 0.616566 -0.375127
v 0.078305 0.612288 -0.409135
v 0.064900 0.413733 -0.534000
v 0.051100 0.415583 -0.539325
v 0.050540 0.426877 -0.534565
v 0.064630 0.424852 -0.530225
v 0.034965 0.428637 -0.538435
v 0.035475 0.417287 -0.544055
v 0.017820 0.419027 -0.548600
v 0.017335 0.430272 -0.541790
v -0.000000 0.430598 -0.542460
v -0.000000 0.419238 -0.548535
v 0.027865 -0.078983 -0.537265
v -0.000000 -0.083303 -0.537540
v 0.041830 0.215333 -0.529805
v 0.039215 0.215563 -0.526155
v 0.034540 0.214353 -0.529440
v 0.043770 0.216302 -0.533550
v 0.028435 0.214707 -0.536115
v 0.030825 0.216398 -0.526885
v 0.024935 0.216967 -0.532865
v 0.020745 0.219212 -0.539470
v 0.023715 0.217028 -0.542860
v 0.035025 0.218347 -0.546030
v 0.041185 0.217537 -0.539820
v 0.030860 0.219437 -0.551865
v 0.029280 0.218018 -0.549105
v 0.083855 0.069153 -0.466980
v 0.071705 0.241407 -0.557655
v 0.076885 0.239598 -0.558395
v 0.081800 0.235273 -0.557900
v 0.079670 0.243182 -0.549330
v 0.084580 0.240287 -0.548060
v 0.048475 0.223942 -0.543315
v 0.046400 0.220357 -0.539955
v 0.066300 0.241562 -0.556575
v 0.060325 0.239713 -0.554510
v 0.085395 0.228407 -0.556050
v 0.087765 0.220258 -0.552850
v 0.088545 0.234637 -0.545685
v 0.091115 0.227298 -0.542220
v 0.059805 0.352768 -0.542635
v 0.060415 0.345672 -0.544595
v 0.059775 0.337042 -0.543510
v 0.069825 0.339562 -0.539155
v 0.046725 0.266147 -0.535725
v 0.053515 0.263792 -0.530915
v 0.052460 0.259672 -0.533475
v 0.047525 0.271838 -0.534310
v 0.054895 0.269433 -0.529000
v 0.042990 0.224438 -0.519715
v 0.040100 0.219662 -0.520975
v 0.055895 0.253547 -0.532690
v 0.057900 0.257317 -0.531285
v 0.053720 0.249683 -0.532015
v 0.049015 0.279372 -0.534145
v 0.056840 0.278053 -0.528795
v 0.051060 0.287997 -0.534915
v 0.059635 0.287772 -0.530015
v 0.055220 0.307122 -0.537720
v 0.053220 0.297332 -0.536185
v 0.062505 0.297967 -0.531840
v 0.045130 0.218037 -0.536910
v 0.035970 0.217388 -0.523195
v 0.121940 0.190282 -0.489355
v 0.143005 0.071923 -0.455810
v 0.141510 0.083117 -0.457145
v 0.085860 0.046617 -0.443175
v 0.046355 0.139523 -0.555955
v 0.056180 0.147603 -0.546205
v 0.101855 0.136358 -0.497945
v 0.088670 0.125642 -0.505480
v 0.079030 0.083237 -0.484650
v 0.067800 0.071747 -0.489065
v 0.067025 0.080782 -0.499195
v 0.065685 0.091593 -0.509290
v 0.046450 0.168192 -0.571495
v 0.046535 0.154597 -0.564735
v 0.036870 0.148258 -0.574900
v 0.037495 0.162197 -0.582040
v 0.026950 0.142502 -0.583860
v 0.027540 0.157117 -0.591385
v 0.064815 0.181652 -0.550660
v 0.064410 0.169637 -0.543560
v 0.055980 0.161592 -0.554200
v 0.054800 0.174958 -0.560300
v 0.066085 0.155627 -0.536760
v 0.154440 0.121132 -0.462150
v 0.137235 0.115957 -0.467275
v 0.135790 0.128418 -0.470945
v 0.133585 0.142223 -0.474560
v 0.121315 0.109572 -0.471850
v 0.071865 0.059763 -0.468905
v 0.186150 0.087578 -0.447620
v 0.201195 0.086262 -0.441800
v 0.144315 0.062332 -0.455635
v 0.132720 0.059822 -0.454120
v 0.249700 0.319753 -0.344705
v 0.245620 0.285828 -0.367500
v 0.226245 0.302427 -0.390365
v 0.231740 0.332952 -0.373275
v 0.169330 0.175418 -0.459880
v 0.164535 0.297682 -0.456960
v 0.142660 0.292832 -0.472795
v 0.150545 0.280442 -0.466795
v 0.134685 0.264903 -0.475380
v 0.128735 0.277482 -0.481710
v 0.160545 0.266333 -0.462090
v 0.143830 0.250537 -0.472915
v 0.026500 0.570288 -0.519965
v 0.054840 0.564693 -0.515255
v 0.057570 0.587018 -0.499385
v 0.027890 0.592712 -0.503845
v -0.000000 0.592393 -0.502925
v -0.000000 0.570778 -0.518085
v 0.099645 0.561693 -0.477210
v 0.094295 0.542938 -0.491245
v 0.077125 0.554773 -0.504515
v 0.080915 0.575337 -0.489240
v 0.088185 0.408893 -0.521700
v 0.077310 0.411568 -0.528210
v 0.077180 0.422118 -0.524815
v 0.102075 0.590878 -0.432015
v 0.079975 0.602807 -0.440035
v 0.081390 0.591217 -0.467015
v 0.102190 0.577977 -0.457200
v 0.125645 0.531843 -0.453355
v 0.116555 0.516847 -0.464210
v 0.107210 0.530137 -0.477555
v 0.114470 0.547158 -0.465070
v 0.110835 0.397893 -0.501495
v 0.112760 0.405697 -0.500125
v 0.115460 0.415102 -0.496655
v 0.119775 0.490012 -0.465060
v 0.113605 0.477033 -0.474900
v 0.108410 0.463808 -0.483900
v 0.157195 0.458493 -0.441390
v 0.163215 0.441537 -0.438850
v 0.170880 0.445538 -0.425980
v 0.176320 0.425863 -0.426665
v 0.164405 0.464647 -0.427845
v 0.149420 0.474392 -0.445440
v 0.156310 0.482807 -0.431590
v 0.139260 0.489092 -0.449970
v 0.146525 0.499892 -0.436815
v 0.173090 0.499592 -0.394740
v 0.162615 0.521203 -0.400060
v 0.163955 0.491157 -0.414580
v 0.154510 0.510733 -0.420295
v 0.127505 0.502942 -0.455370
v 0.135975 0.516112 -0.443865
v 0.144300 0.529193 -0.427935
v 0.132575 0.546408 -0.436635
v 0.150530 0.541137 -0.406840
v 0.136960 0.559558 -0.414660
v 0.211535 0.316488 -0.410200
v 0.167000 0.352442 -0.457020
v 0.191000 0.405073 -0.416105
v 0.204755 0.403842 -0.399745
v 0.206950 0.378097 -0.407045
v 0.192915 0.382127 -0.421960
v 0.204925 0.352538 -0.416000
v 0.191020 0.359408 -0.429255
v 0.220510 0.372612 -0.386805
v 0.218230 0.343878 -0.397425
v 0.218625 0.401502 -0.378460
v 0.174480 0.345528 -0.447375
v 0.181905 0.385547 -0.434550
v 0.179915 0.365272 -0.440475
v 0.180420 0.405858 -0.429820
v 0.192145 0.182793 -0.447120
v 0.139790 0.094252 -0.459275
v 0.082060 -0.000272 -0.468870
v 0.093135 -0.004668 -0.473860
v 0.086915 -0.006993 -0.486960
v 0.106540 0.305002 -0.509750
v 0.103000 0.285982 -0.505400
v 0.133640 0.220323 -0.480665
v 0.192065 0.142502 -0.448065
v 0.190110 0.126817 -0.447690
v 0.172110 0.124878 -0.455965
v 0.342475 0.167412 -0.139645
v 0.346530 0.173717 -0.096190
v 0.350730 0.122837 -0.096775
v 0.346980 0.109878 -0.139470
v 0.193055 0.161042 -0.447775
v 0.188330 0.113257 -0.446465
v 0.171435 0.112157 -0.453920
v 0.093880 -0.036383 -0.531070
v 0.104445 -0.026302 -0.518545
v 0.085675 -0.018498 -0.516800
v 0.073890 -0.025948 -0.528020
v 0.240300 0.052252 -0.418750
v 0.097825 -0.000653 -0.464645
v 0.087170 0.002043 -0.458520
v 0.021930 -0.053363 -0.538705
v -0.000000 -0.055733 -0.542490
v 0.089020 -0.535412 -0.116070
v 0.090670 -0.544813 -0.033140
v -0.000000 -0.556152 -0.032910
v -0.000000 -0.548097 -0.117000
v 0.317610 -0.205253 -0.230750
v 0.301065 -0.266973 -0.258675
v 0.360815 -0.257403 -0.083800
v 0.366655 -0.264457 -0.027250
v 0.343635 -0.334153 -0.031680
v 0.337405 -0.325717 -0.094855
v 0.092420 -0.546933 0.052430
v 0.173925 -0.513012 -0.033765
v 0.178295 -0.517678 0.048985
v 0.378330 -0.244282 0.151850
v 0.373595 -0.223287 0.211095
v 0.347490 -0.289147 0.232335
v 0.353840 -0.314468 0.168760
v 0.282705 0.518733 0.315885
v 0.304845 0.523573 0.248155
v 0.384135 -0.129157 0.071580
v 0.386185 -0.111048 0.118245
v 0.388400 -0.175052 0.135865
v 0.385825 -0.190232 0.081440
v 0.226100 -0.235693 0.431375
v 0.159210 -0.258808 0.458780
v 0.165415 -0.331892 0.419700
v 0.235055 -0.300403 0.394770
v 0.169400 -0.501618 -0.113635
v 0.380495 -0.137613 0.026700
v 0.380905 -0.197803 0.028830
v 0.375515 -0.197927 -0.022335
v 0.375125 -0.138072 -0.016940
v 0.075990 -0.411097 -0.394165
v 0.153305 -0.429627 -0.324375
v 0.080160 -0.454878 -0.335520
v -0.000000 -0.462508 -0.338320
v -0.000000 -0.415522 -0.395475
v 0.083640 -0.490603 -0.269395
v 0.158820 -0.460078 -0.261570
v 0.164865 -0.484273 -0.190285
v 0.086695 -0.517228 -0.195415
v -0.000000 -0.529072 -0.197185
v -0.000000 -0.501553 -0.272025
v 0.089485 -0.474657 0.303550
v 0.087480 -0.421453 0.376935
v 0.000000 -0.428392 0.379670
v 0.000000 -0.479218 0.303525
v 0.083530 -0.352263 0.432960
v 0.000000 -0.357928 0.437995
v 0.391155 0.165048 0.045505
v 0.399600 0.152493 0.055895
v 0.399715 0.146148 0.049940
v 0.392320 0.157347 0.039810
v 0.374785 -0.017163 0.051765
v 0.366265 -0.022368 0.052025
v 0.367295 -0.024518 0.027925
v 0.374795 -0.021313 0.032035
v 0.365485 -0.040078 0.055940
v 0.365910 -0.045497 0.024220
v 0.365950 -0.029033 0.081810
v 0.374325 -0.062988 0.095310
v 0.373845 -0.078757 0.060955
v 0.091025 -0.511522 0.222735
v 0.000000 -0.516223 0.223830
v 0.325435 -0.223262 0.333245
v 0.350635 -0.180163 0.310225
v 0.337095 -0.163457 0.338575
v 0.315250 -0.183002 0.363670
v 0.296085 0.445513 -0.104310
v 0.289640 0.446417 -0.060345
v 0.309775 0.403562 -0.044725
v 0.318005 0.402293 -0.091505
v 0.373855 -0.038642 0.123765
v 0.367590 -0.015352 0.102405
v 0.256965 -0.461922 0.125020
v 0.257810 -0.441608 0.205320
v 0.180880 -0.487863 0.217985
v 0.180970 -0.510027 0.133970
v 0.390195 0.086343 0.072455
v 0.390070 0.072578 0.074665
v 0.380350 0.073798 0.073225
v 0.380000 0.085688 0.071445
v 0.390695 0.074912 0.129065
v 0.383185 0.076172 0.133740
v 0.383610 0.053247 0.132325
v 0.391435 0.051007 0.129525
v 0.057960 0.393572 0.395840
v 0.000000 0.394067 0.391165
v 0.000000 0.345517 0.396170
v 0.058470 0.441678 0.400355
v 0.000000 0.443107 0.393205
v 0.340910 -0.024403 -0.159385
v 0.336510 -0.084562 -0.181690
v 0.316395 -0.004748 -0.277340
v 0.302735 -0.109028 -0.281625
v 0.333555 0.155352 -0.234475
v 0.337210 0.098382 -0.229305
v 0.236485 0.045387 -0.422410
v 0.230320 0.051082 -0.428485
v 0.221720 0.056092 -0.435020
v 0.279375 0.139332 -0.375105
v 0.292025 0.045897 -0.351275
v 0.308580 0.083832 -0.331370
v 0.256735 -0.043132 -0.446050
v 0.215230 0.083157 -0.434840
v 0.262875 0.029132 -0.401615
v 0.260700 0.044547 -0.394930
v 0.293540 -0.018033 -0.374495
v 0.365990 -0.071018 0.291050
v 0.343010 -0.070022 0.339200
v 0.341340 -0.124277 0.339775
v 0.362525 -0.128248 0.297760
v 0.264810 0.392057 -0.283545
v 0.253035 0.431187 -0.278685
v 0.126570 -0.279788 -0.465840
v 0.181385 -0.257708 -0.441305
v 0.314325 -0.125707 -0.243990
v 0.329235 -0.144567 -0.205335
v 0.114553 0.595136 -0.328907
v 0.135982 0.580815 -0.322950
v 0.000162 0.620011 -0.347839
v 0.023154 0.620509 -0.346866
v 0.092832 0.607095 -0.335083
v 0.087943 0.608007 -0.300754
v 0.000216 0.614814 -0.312067
v 0.021423 0.615328 -0.310974
v 0.260420 0.235997 -0.371205
v 0.236710 0.254827 -0.393800
v 0.156930 0.563536 -0.318085
v 0.176935 0.543168 -0.314525
v 0.195180 0.519592 -0.312220
v 0.212135 0.492772 -0.310885
v 0.120945 0.576237 -0.423245
v 0.119105 0.562847 -0.446760
v 0.244910 -0.261202 -0.377160
v 0.070045 -0.356978 -0.443215
v 0.259345 -0.297593 -0.335485
v 0.270610 -0.329078 -0.286015
v 0.219730 -0.385048 -0.308130
v 0.064095 -0.291613 -0.479110
v 0.172020 0.370212 -0.450920
v 0.337100 -0.226483 -0.187205
v 0.316225 -0.291123 -0.209530
v 0.014910 0.119522 -0.580525
v 0.016060 0.098078 -0.571860
v 0.323060 0.213397 -0.243705
v 0.329730 0.220872 -0.188630
v 0.338110 0.223302 -0.135785
v 0.341425 0.045093 -0.188625
v 0.333555 0.043752 -0.231900
v 0.343115 0.104187 -0.186310
v 0.348325 0.043347 -0.135145
v 0.239910 0.039397 -0.417330
v 0.227360 0.501562 -0.240405
v 0.203350 0.528162 -0.242170
v 0.209162 0.530066 -0.205664
v 0.270685 0.068722 -0.382180
v 0.265995 0.046343 -0.389055
v 0.263290 0.064238 -0.391310
v 0.304425 0.121862 -0.341640
v 0.116020 -0.132152 -0.511740
v 0.230800 -0.434062 -0.182660
v 0.224985 -0.411708 -0.247715
v 0.159825 0.048698 -0.460075
v 0.157630 0.057552 -0.457420
v 0.170940 0.058748 -0.456760
v 0.172715 0.049562 -0.460190
v -0.000000 -0.360363 -0.445625
v -0.000000 -0.294722 -0.482950
v 0.251610 -0.467787 0.043920
v 0.338495 0.162147 -0.187390
v 0.233425 0.365468 -0.360495
v 0.093540 0.085382 -0.472145
v 0.080320 0.075718 -0.475695
v 0.199040 0.524952 -0.278555
v 0.177550 0.548033 -0.280610
v 0.178397 0.551105 -0.244851
v 0.219860 0.497773 -0.277165
v 0.238050 0.466548 -0.276895
v 0.134071 0.586753 -0.289282
v 0.155568 0.568607 -0.284047
v 0.111307 0.599964 -0.295170
v 0.250680 0.357692 -0.329900
v 0.041537 0.613016 -0.273460
v 0.019885 0.612341 -0.275802
v 0.018680 0.615618 -0.245585
v 0.039344 0.614934 -0.243081
v 0.182457 0.550960 -0.208981
v 0.000183 0.612046 -0.277192
v 0.000175 0.615432 -0.246836
v 0.062828 0.613155 -0.270480
v 0.085329 0.610947 -0.266669
v 0.272590 0.349137 -0.293240
v 0.154125 0.570934 -0.249447
v 0.131738 0.589631 -0.255720
v 0.131700 0.386813 -0.478720
v 0.133755 0.387617 -0.476955
v 0.136415 0.389003 -0.474705
v 0.305095 0.409282 0.093310
v 0.295560 0.405148 0.045120
v 0.288825 0.456132 0.028035
v 0.300740 0.463147 0.076390
v 0.232820 0.100638 -0.417480
v 0.230135 0.089718 -0.421925
v 0.217265 0.096557 -0.429940
v 0.219815 0.108727 -0.427000
v 0.174210 -0.077128 -0.514100
v 0.202450 0.099443 -0.438500
v 0.204570 0.112252 -0.437190
v -0.000000 0.095437 -0.573405
v 0.349740 -0.336457 0.033655
v 0.310235 -0.406502 0.038510
v 0.303480 -0.402843 -0.033905
v 0.177625 -0.450917 0.296785
v 0.172135 -0.397997 0.365680
v 0.237575 -0.450768 -0.109730
v 0.092410 -0.536312 0.138730
v 0.244505 -0.462382 -0.034325
v 0.315220 -0.400538 0.113320
v 0.253395 -0.406502 0.279915
v 0.245035 -0.358338 0.344095
v 0.352005 -0.244492 -0.137840
v 0.328970 -0.311252 -0.154780
v -0.000000 -0.543913 0.140520
v 0.277985 -0.208688 0.397120
v 0.287565 -0.262213 0.363030
v 0.172620 0.438412 0.389045
v 0.222750 0.434042 0.359250
v 0.280220 -0.355272 -0.230625
v 0.288775 -0.376608 -0.169655
v -0.000000 -0.556968 0.053665
v 0.296340 -0.392607 -0.103605
v 0.315175 -0.381258 0.187635
v 0.114755 0.249612 0.414275
v 0.118385 0.202553 0.433295
v 0.372135 -0.265217 0.031115
v 0.377015 -0.258778 0.091145
v 0.353995 -0.330902 0.101070
v 0.309135 -0.350137 0.256440
v 0.298630 -0.309517 0.315555
v 0.081450 -0.273902 0.474080
v 0.361800 -0.013018 0.287135
v 0.339345 -0.011787 0.337380
v 0.336995 -0.258288 0.288200
v 0.344875 -0.163243 -0.163955
v 0.168565 -0.104383 -0.509295
v 0.117410 0.439677 0.401970
v 0.114750 0.392243 0.396410
v 0.169485 0.390508 0.385120
v 0.168370 0.342788 0.386265
v 0.123400 0.152158 0.453295
v 0.128510 0.095552 0.469345
v 0.188440 0.096893 0.445830
v 0.180640 0.151023 0.430055
v 0.134350 0.033157 0.482345
v 0.140435 -0.034763 0.490485
v 0.203570 -0.028378 0.464205
v 0.196150 0.036783 0.457720
v 0.312030 -0.133163 0.378995
v 0.271175 -0.149063 0.417725
v 0.227150 0.011618 -0.423730
v 0.217320 0.004557 -0.435050
v 0.219520 0.001397 -0.437620
v 0.229320 0.008227 -0.426885
v 0.067745 0.031652 0.496255
v 0.263305 0.287557 0.331760
v 0.261165 0.334088 0.323385
v 0.218640 0.339637 0.361995
v 0.219370 0.292543 0.368125
v 0.260455 0.381922 0.316670
v 0.263450 0.429717 0.313745
v 0.218985 0.386878 0.357980
v 0.267610 0.195792 0.348520
v 0.264215 0.241442 0.339365
v 0.288245 0.101262 0.373445
v 0.276680 0.150542 0.360565
v 0.232840 0.150967 0.399745
v 0.242485 0.099372 0.413885
v 0.328355 0.135447 0.271720
v 0.318380 0.179517 0.261210
v 0.299270 0.189192 0.305015
v 0.309025 0.144283 0.316175
v 0.218070 -0.166997 0.453585
v 0.310315 0.368147 0.213520
v 0.307320 0.421247 0.203290
v 0.293900 0.426043 0.261455
v 0.293100 0.375773 0.267925
v 0.363855 -0.201033 0.265585
v 0.385595 -0.078743 0.171640
v 0.386120 -0.154387 0.192395
v 0.370680 -0.007578 0.142985
v 0.375445 -0.017338 0.186630
v 0.155609 0.571434 -0.215309
v 0.218435 0.008627 -0.448655
v 0.306255 0.469642 0.131575
v 0.310775 0.414962 0.146640
v 0.377480 -0.139973 0.249155
v 0.358405 -0.179902 -0.119315
v 0.368485 -0.191913 -0.071760
v 0.152880 -0.182807 0.482060
v 0.078475 -0.193322 0.498555
v 0.060148 0.613155 -0.238998
v 0.082708 0.609453 -0.234002
v 0.301515 0.355858 0.057560
v 0.310775 0.354093 0.107190
v 0.268885 0.028148 -0.396040
v 0.374280 0.040627 -0.006400
v 0.376510 0.040097 0.000695
v 0.383360 0.016698 0.005790
v 0.381300 0.014912 0.000285
v 0.270365 0.475882 0.314175
v 0.296785 0.475612 0.254460
v 0.199085 -0.037467 -0.485570
v 0.168375 0.295417 0.391070
v 0.265685 -0.085313 0.428095
v 0.210770 -0.097038 0.463645
v 0.309820 -0.075293 0.386090
v -0.000000 0.117943 -0.582155
v -0.000000 0.137317 -0.590705
v 0.014620 0.139102 -0.589440
v 0.297270 0.280042 0.286290
v 0.294970 0.325688 0.275750
v 0.380890 -0.076203 0.237990
v 0.000000 -0.116338 0.511920
v 0.000000 -0.196792 0.503275
v 0.075010 -0.113788 0.507125
v 0.369505 -0.086268 -0.011515
v 0.372775 -0.086247 0.024445
v 0.357925 -0.119902 -0.101140
v 0.367355 -0.132012 -0.059475
v 0.347215 -0.102748 -0.141740
v 0.255515 -0.002773 -0.430980
v 0.356705 0.140197 0.129820
v 0.343460 0.148762 0.153185
v 0.351165 0.111268 0.163145
v 0.362805 0.106322 0.144140
v 0.128740 -0.101687 -0.526360
v 0.140605 -0.074418 -0.529940
v 0.108936 0.603645 -0.261546
v 0.258195 0.059822 -0.397965
v 0.085035 -0.090023 -0.538360
v 0.055965 -0.066658 -0.543105
v 0.077450 -0.050613 -0.541420
v 0.105865 -0.065287 -0.539780
v 0.057895 -0.035847 -0.536430
v 0.041415 -0.045843 -0.539580
v 0.186905 0.100448 -0.445970
v 0.171000 0.099753 -0.451990
v 0.173990 0.042908 -0.461395
v 0.173480 0.045897 -0.461005
v 0.186750 0.045142 -0.459840
v 0.187460 0.041692 -0.460470
v 0.068680 0.064597 -0.479185
v 0.058895 0.052828 -0.482225
v 0.107870 0.093172 -0.469385
v 0.122730 0.099642 -0.466410
v 0.262635 0.014322 -0.413985
v 0.026820 0.022852 -0.525135
v 0.034500 0.019457 -0.513100
v 0.051720 -0.007778 -0.513705
v 0.106632 0.602197 -0.228364
v 0.130559 0.589595 -0.222319
v 0.051065 0.040082 -0.485140
v 0.076780 0.187383 -0.542830
v 0.072595 0.179092 -0.533390
v 0.390370 0.014262 0.053120
v 0.392545 -0.000333 0.047400
v 0.379475 0.007502 0.034800
v 0.375830 0.015852 0.046905
v 0.297765 0.234522 0.296085
v 0.075970 0.165768 -0.526935
v 0.081530 0.204542 -0.558330
v 0.071115 0.199417 -0.567565
v 0.091545 0.207382 -0.526280
v 0.090180 0.202308 -0.517385
v 0.082735 0.189102 -0.525220
v 0.086160 0.196083 -0.534320
v 0.085270 0.177177 -0.516570
v 0.095415 0.195438 -0.504360
v 0.093635 0.218787 -0.520470
v 0.093155 0.216572 -0.513240
v 0.095280 0.216542 -0.501425
v 0.092505 0.227087 -0.511635
v 0.093855 0.230402 -0.501765
v 0.093325 0.226117 -0.517115
v 0.088775 0.211697 -0.548175
v 0.088285 0.203497 -0.542000
v 0.079990 0.195512 -0.551370
v 0.092265 0.213193 -0.532685
v 0.068335 0.190402 -0.559610
v 0.059120 0.196322 -0.576030
v 0.049315 0.192292 -0.586680
v 0.056125 0.186498 -0.567790
v 0.047130 0.180812 -0.578730
v 0.041740 0.187358 -0.598900
v 0.039165 0.175073 -0.590145
v 0.014880 0.154282 -0.597125
v 0.091265 0.234503 -0.532735
v 0.092975 0.227643 -0.528305
v 0.092210 0.219833 -0.537815
v 0.093545 0.222663 -0.524675
v 0.092680 0.229833 -0.518715
v 0.088340 0.240892 -0.525215
v 0.091410 0.234417 -0.521100
v 0.083180 0.244457 -0.540485
v 0.087670 0.240877 -0.537270
v 0.083635 0.245817 -0.529825
v 0.078805 0.245878 -0.542325
v 0.026845 0.216947 -0.546205
v 0.022235 0.219153 -0.552565
v 0.059715 0.261073 -0.527515
v 0.061710 0.265858 -0.524400
v 0.064420 0.276067 -0.523580
v 0.072115 0.273417 -0.518760
v 0.068370 0.287262 -0.524985
v 0.077650 0.286598 -0.519805
v 0.072110 0.298592 -0.527270
v 0.093510 0.301232 -0.516565
v 0.082275 0.299497 -0.522295
v 0.088410 0.286002 -0.513910
v 0.078645 0.251033 -0.521890
v 0.084345 0.246162 -0.518060
v 0.075625 0.257338 -0.516700
v 0.082650 0.252593 -0.512175
v 0.088570 0.239698 -0.514640
v 0.090845 0.233827 -0.512565
v 0.088105 0.246583 -0.507275
v 0.091370 0.239617 -0.504010
v 0.126015 0.236607 -0.481470
v 0.118595 0.251102 -0.483440
v 0.109335 0.273972 -0.496650
v 0.113715 0.263202 -0.489400
v 0.107155 0.030667 -0.432605
v 0.106760 0.031573 -0.434500
v 0.122215 0.031422 -0.443225
v 0.122995 0.031447 -0.440670
v 0.114890 0.207527 -0.491085
v 0.080130 0.270377 -0.513825
v 0.089195 0.265908 -0.507920
v 0.100625 0.250272 -0.496145
v 0.096060 0.258818 -0.501610
v 0.109140 0.224717 -0.489950
v 0.104530 0.239223 -0.491725
v 0.206260 0.031927 -0.444065
v 0.206355 0.031667 -0.446485
v 0.212195 0.028957 -0.441505
v 0.211825 0.029182 -0.439170
v 0.190104 0.548078 -0.171596
v 0.215500 0.529887 -0.170955
v 0.161487 0.569889 -0.179562
v 0.364340 0.089718 0.047000
v 0.360360 0.089402 0.038905
v 0.362500 0.091757 0.035020
v 0.366200 0.094897 0.043215
v 0.404455 0.015233 0.060485
v 0.391660 0.027213 0.057205
v 0.404210 0.027667 0.061325
v 0.352560 0.143808 0.023975
v 0.350535 0.135933 0.031490
v 0.340430 0.136322 0.027345
v 0.342630 0.142732 0.021330
v 0.416490 0.025023 0.079100
v 0.417255 0.030503 0.074150
v 0.418770 0.039762 0.075720
v 0.418865 0.036398 0.083650
v 0.343260 0.175837 0.117860
v 0.334825 0.186527 0.139790
v 0.341960 0.089967 0.280300
v 0.350775 0.082303 0.236470
v 0.337715 0.126097 0.230190
v 0.328920 0.169277 0.220635
v 0.381065 0.197307 -0.005110
v 0.382080 0.207477 -0.002845
v 0.384195 0.205128 0.007090
v 0.384260 0.193657 0.004530
v 0.383165 0.116562 0.120410
v 0.376650 0.133502 0.111920
v 0.367335 0.136142 0.119030
v 0.374610 0.118203 0.125670
v 0.369760 0.149583 0.101225
v 0.362010 0.152467 0.108635
v 0.318240 0.224447 0.250885
v 0.336035 0.158942 0.184025
v 0.343565 0.117828 0.193135
v 0.374065 -0.017068 0.237755
v 0.363315 0.035132 0.238600
v 0.353305 0.040423 0.285170
v 0.367880 0.022348 0.026725
v 0.369335 0.029567 0.039055
v 0.384495 0.183747 0.002820
v 0.385050 0.186368 0.017695
v 0.386825 0.176377 0.013885
v 0.407665 0.071253 0.070180
v 0.399395 0.071343 0.072480
v 0.399425 0.086163 0.070640
v 0.407070 0.086293 0.068800
v 0.386440 0.059037 0.071670
v 0.378780 0.063152 0.070155
v 0.384895 0.199057 0.021440
v 0.379510 0.035647 0.047950
v 0.380290 0.025902 0.052145
v 0.355845 0.088367 0.042165
v 0.359515 0.086697 0.049605
v 0.381190 0.188982 -0.004070
v 0.428815 0.012378 0.134055
v 0.411745 0.016177 0.132525
v 0.407600 -0.009328 0.118840
v 0.425555 -0.016018 0.120140
v 0.349115 0.087287 0.046425
v 0.352695 0.085722 0.053935
v 0.366690 0.135958 -0.021075
v 0.363670 0.156847 -0.013020
v 0.361430 0.147858 -0.005445
v 0.365180 0.133997 -0.009845
v 0.364105 0.115817 -0.021540
v 0.364275 0.118732 -0.011150
v 0.350025 0.058007 0.021330
v 0.358335 0.057492 0.015375
v 0.358190 0.074182 0.019595
v 0.349795 0.074527 0.022780
v 0.344555 0.061157 0.029060
v 0.342555 0.074452 0.028945
v 0.376920 0.137272 0.034930
v 0.379790 0.127382 0.043695
v 0.372760 0.120717 0.042455
v 0.367930 0.131543 0.036125
v 0.390995 0.041572 0.058195
v 0.412760 0.119662 0.065335
v 0.406765 0.133708 0.058450
v 0.407130 0.138507 0.064840
v 0.413445 0.123262 0.072480
v 0.352915 0.085142 0.032400
v 0.359240 0.085697 0.029345
v 0.366570 0.186483 0.069925
v 0.374730 0.168542 0.085855
v 0.384595 0.176628 0.092570
v 0.376145 0.194442 0.075325
v 0.345120 0.084037 0.036445
v 0.383425 0.117698 0.051130
v 0.376370 0.111923 0.048235
v 0.377945 0.104212 0.055865
v 0.378250 0.096272 0.064905
v 0.368890 0.091757 0.058330
v 0.371015 0.099158 0.050700
v 0.403515 0.143777 0.075085
v 0.409030 0.126733 0.083250
v 0.417090 0.104488 0.070950
v 0.418150 0.106807 0.078620
v 0.363215 0.073947 -0.024640
v 0.358605 0.104768 -0.034710
v 0.362640 0.097132 -0.016050
v 0.413670 0.109032 0.089615
v 0.370795 0.083593 0.068225
v 0.362060 0.081217 0.067515
v 0.364640 0.086707 0.057900
v 0.383740 0.176647 0.000085
v 0.388430 0.168498 0.010170
v 0.380145 0.170118 -0.000765
v 0.386805 0.160562 0.008115
v 0.373135 0.181047 -0.008035
v 0.366405 0.172123 -0.009255
v 0.363190 0.186977 -0.021920
v 0.372485 0.192012 -0.014180
v 0.374985 0.152593 0.011650
v 0.381445 0.155212 0.008785
v 0.383545 0.148807 0.021280
v 0.376430 0.145987 0.023245
v 0.384190 0.141572 0.033900
v 0.388270 0.153797 0.021560
v 0.397425 0.099207 0.065895
v 0.405020 0.100343 0.065170
v 0.388230 0.098377 0.066920
v 0.414380 0.087137 0.070085
v 0.419455 0.088183 0.075200
v 0.419940 0.071113 0.077350
v 0.415085 0.071312 0.072030
v 0.336940 0.226318 0.039360
v 0.351670 0.228267 0.036730
v 0.355095 0.246298 0.016545
v 0.336410 0.248367 0.012500
v 0.441445 0.015022 0.123035
v 0.441825 -0.012212 0.110825
v 0.378675 0.186058 -0.006560
v 0.395010 0.116813 0.118785
v 0.389365 0.134717 0.110230
v 0.406590 0.120223 0.125280
v 0.400615 0.140007 0.117225
v 0.393005 0.158492 0.106265
v 0.412995 0.143548 0.119555
v 0.404935 0.162953 0.108595
v 0.419450 0.122808 0.127650
v 0.358055 0.205932 0.053075
v 0.368565 0.212798 0.057090
v 0.419715 0.054427 0.077235
v 0.414915 0.055127 0.071060
v 0.423590 0.098547 0.133395
v 0.426210 0.071312 0.137095
v 0.433970 0.071167 0.129110
v 0.433095 0.097957 0.126755
v 0.406395 0.055497 0.068445
v 0.420695 0.089107 0.083025
v 0.357280 0.166917 -0.030620
v 0.385880 0.176668 0.032040
v 0.388095 0.167457 0.027070
v 0.373650 0.165117 0.001130
v 0.386545 0.188717 0.037865
v 0.378075 0.195987 -0.009560
v 0.367025 0.161113 0.003005
v 0.404665 0.040773 0.063750
v 0.396185 0.055673 0.069880
v 0.437630 0.020173 0.111700
v 0.439120 -0.002843 0.099865
v 0.432115 0.071732 0.119315
v 0.432440 0.095803 0.115415
v 0.410730 0.097547 0.130715
v 0.413380 0.072218 0.135040
v 0.436035 0.043283 0.127775
v 0.433105 0.045462 0.117865
v 0.420540 -0.007697 0.080045
v 0.410830 -0.012172 0.061365
v 0.404610 -0.001848 0.061865
v 0.412670 0.004103 0.077515
v 0.382425 -0.013003 0.011330
v 0.374250 -0.012187 0.008245
v 0.368525 0.006862 -0.012330
v 0.375480 0.013157 -0.005295
v 0.382565 0.151697 0.099160
v 0.357455 0.135292 -0.036475
v 0.389555 0.160353 0.023410
v 0.391850 0.151423 0.036355
v 0.395330 -0.033318 0.037160
v 0.406220 -0.026492 0.034610
v 0.420550 -0.036678 0.062285
v 0.405815 -0.041108 0.067265
v 0.391280 0.201417 0.042595
v 0.423350 0.047907 0.108885
v 0.397695 0.141057 0.046530
v 0.393375 0.135972 0.044125
v 0.389450 0.146188 0.034420
v 0.403455 0.129212 0.054570
v 0.398005 0.125058 0.052325
v 0.416605 0.090362 0.094070
v 0.421130 0.113617 0.100100
v 0.422965 0.093023 0.105710
v 0.383660 -0.029008 0.040235
v 0.390365 -0.011408 0.013510
v 0.361155 0.105028 -0.007640
v 0.361020 0.156648 0.005355
v 0.359740 0.096232 0.005355
v 0.365920 0.086457 -0.005535
v 0.368475 0.143877 0.025310
v 0.366810 0.150958 0.014965
v 0.376805 0.228472 0.039235
v 0.365750 0.230612 0.039940
v 0.378665 0.215873 0.058230
v 0.386305 0.199552 0.077600
v 0.381160 0.226777 0.019645
v 0.376680 0.233037 0.020560
v 0.382830 0.223727 0.036260
v 0.399315 0.096382 0.124145
v 0.401995 0.073327 0.128145
v 0.377665 0.220687 -0.010765
v 0.375465 0.206082 -0.015295
v 0.369145 0.205337 -0.022835
v 0.373050 0.224248 -0.018075
v 0.364255 0.041288 0.021325
v 0.362890 0.046548 0.034165
v 0.423180 -0.022433 0.057455
v 0.409090 -0.016357 0.035140
v 0.400600 -0.008467 0.041780
v 0.378215 -0.010788 0.071830
v 0.367155 -0.013188 0.074145
v 0.380730 0.224918 0.006210
v 0.377925 0.229862 0.003165
v 0.379525 0.207523 -0.009060
v 0.380670 0.218087 -0.003935
v 0.383220 0.221623 0.016980
v 0.385895 0.218353 0.031335
v 0.382100 0.221657 0.007870
v 0.368760 0.240372 -0.004605
v 0.364840 0.242612 0.017845
v 0.422710 0.071042 0.109335
v 0.421250 0.070872 0.085285
v 0.429655 0.118437 0.110070
v 0.359290 0.058677 -0.045780
v 0.357135 0.092843 -0.058145
v 0.404905 0.180963 0.089500
v 0.414125 0.161693 0.102750
v 0.395710 0.182042 0.094665
v 0.394660 0.199577 0.073385
v 0.376835 0.076377 0.139370
v 0.369325 0.073467 0.147065
v 0.372280 0.037388 0.136730
v 0.377995 0.055217 0.136375
v 0.380625 -0.024083 0.054260
v 0.386165 -0.021843 0.073525
v 0.392400 -0.032538 0.071340
v 0.352670 0.133232 -0.061325
v 0.349485 0.180233 -0.057630
v 0.380070 0.049767 0.060335
v 0.420485 0.052677 0.085450
v 0.417435 0.050793 0.096955
v 0.417150 -0.035052 0.097055
v 0.434230 -0.031698 0.091210
v 0.433850 -0.017537 0.081115
v 0.400160 -0.025803 0.098080
v 0.391950 -0.012888 0.094670
v 0.389370 0.028347 0.123265
v 0.400325 0.022737 0.125495
v 0.402270 0.047628 0.130465
v 0.413165 0.018792 0.070185
v 0.414450 0.029677 0.068365
v 0.417485 0.070797 0.096570
v 0.386955 0.213968 0.054605
v 0.391095 0.208697 0.048840
v 0.382475 -0.001283 0.092530
v 0.390985 0.121688 0.051935
v 0.387155 0.131868 0.043765
v 0.387845 0.097103 0.125910
v 0.360620 0.051848 0.053410
v 0.353775 0.053067 0.039380
v 0.348075 0.057257 0.041250
v 0.351580 0.055442 0.049675
v 0.364685 0.032037 0.195230
v 0.353800 0.076252 0.197275
v 0.212845 0.011978 -0.440490
v 0.212770 0.011578 -0.438715
v 0.224060 0.017297 -0.424020
v 0.224335 0.017437 -0.425915
v 0.396790 0.001273 0.112385
v 0.385995 0.009832 0.108995
v 0.344165 0.203277 0.058750
v 0.353095 0.183523 0.074500
v 0.327320 0.271217 -0.009190
v 0.348480 0.245193 -0.026090
v 0.341750 0.259312 -0.050185
v 0.340540 0.078837 0.041945
v 0.340655 0.074148 0.044790
v 0.340765 0.069907 0.042495
v 0.340065 0.072312 0.036655
v 0.342475 0.064107 0.035595
v 0.350600 0.060033 0.056055
v 0.347585 0.058402 0.047570
v 0.346315 0.061693 0.050565
v 0.342880 0.080807 0.050190
v 0.379970 0.031357 0.125515
v 0.347030 0.077952 0.058025
v 0.362190 0.118417 0.039110
v 0.356180 0.121682 0.037430
v 0.359260 0.133708 0.033405
v 0.342350 0.064448 0.040745
v 0.344675 0.072758 0.054140
v 0.342105 0.073907 0.049590
v 0.345145 0.060117 0.042865
v 0.349210 0.068492 0.058650
v 0.355895 0.069827 0.064485
v 0.358195 0.059983 0.061060
v 0.371630 0.056493 0.061930
v 0.367015 0.063587 0.064790
v 0.372580 0.066803 0.067680
v 0.333480 0.121737 0.021960
v 0.333810 0.127842 0.023880
v 0.338425 0.126842 0.030545
v 0.336495 0.116782 0.028460
v 0.360330 0.143502 0.025175
v 0.358755 0.149518 0.016405
v 0.351690 0.148072 0.016230
v 0.344320 0.145472 0.014835
v 0.345505 0.111822 0.034050
v 0.343260 0.104262 0.023475
v 0.336040 0.110232 0.019985
v 0.354395 0.152202 0.006710
v 0.355545 0.143647 -0.001340
v 0.356685 0.101112 0.024640
v 0.350950 0.102552 0.023970
v 0.352535 0.109968 0.035380
v 0.358170 0.107712 0.036545
v 0.348850 0.148032 0.007300
v 0.343600 0.143642 0.008110
v 0.349635 0.140582 0.001395
v 0.343770 0.137997 0.003695
v 0.333705 0.117943 0.016960
v 0.350345 0.131652 0.000130
v 0.343370 0.131083 0.002230
v 0.352185 0.101632 0.007535
v 0.349430 0.122417 0.000395
v 0.342000 0.123907 0.002575
v 0.370075 0.105888 0.045190
v 0.366910 0.112407 0.041795
v 0.337620 0.130942 0.003855
v 0.335870 0.125253 0.004355
v 0.348035 0.124667 0.035785
v 0.343515 0.105157 0.009365
v 0.337275 0.111647 0.010665
v 0.358295 0.132577 -0.003530
v 0.358295 0.120537 -0.003930
v 0.334630 0.134417 0.022630
v 0.336125 0.139387 0.018725
v 0.338050 0.141047 0.013730
v 0.332990 0.136088 0.016510
v 0.334020 0.137208 0.013000
v 0.332080 0.132717 0.018920
v 0.346400 0.113173 0.002590
v 0.339650 0.116972 0.004900
v 0.354965 0.109438 -0.001030
v 0.338855 0.139508 0.009025
v 0.334505 0.120342 0.007120
v 0.334560 0.117278 0.010910
v 0.338870 0.135943 0.005375
v 0.333165 0.131813 0.006055
v 0.331540 0.127267 0.007250
v 0.335470 0.134972 0.006655
v 0.334890 0.136402 0.009430
v 0.331450 0.124007 0.009190
v 0.332425 0.121822 0.011260
v 0.332470 0.122417 0.015015
v 0.331195 0.125368 0.013075
v 0.331280 0.133902 0.012835
v 0.331500 0.133178 0.009740
v 0.330370 0.130193 0.014010
v 0.330190 0.128942 0.011140
v 0.332320 0.124782 0.018105
v 0.331215 0.127147 0.015695
v 0.331235 0.128877 0.017135
v 0.330755 0.131537 0.016170
v 0.331310 0.134028 0.015130
v 0.361840 0.165992 0.088920
v 0.219025 0.024393 -0.429690
v 0.219560 0.024282 -0.431515
v 0.222150 0.022298 -0.426915
v 0.221630 0.022337 -0.425285
v 0.359060 0.073357 0.166025
v 0.365735 0.033457 0.159680
v 0.336720 0.205922 0.074220
v 0.346295 0.186267 0.085835
v 0.328400 0.230142 0.056865
v 0.324635 0.236762 0.076475
v 0.333740 0.205553 0.096485
v 0.297945 0.045112 0.382770
v 0.332665 0.044838 0.334075
v 0.322400 0.097142 0.327060
v 0.305065 -0.014542 0.386920
v 0.259390 -0.020447 0.429930
v 0.251510 0.041857 0.424535
v 0.146590 -0.107238 0.491420
v 0.071470 -0.038503 0.505030
v 0.000000 0.029262 0.501520
v 0.000000 -0.040653 0.511065
v 0.126630 0.382348 -0.482280
v 0.124830 0.382382 -0.481920
v 0.127305 0.384032 -0.480650
v 0.128690 0.384743 -0.480500
v 0.122060 0.380142 -0.486495
v 0.119710 0.380567 -0.485225
v 0.292820 0.014002 -0.359070
v 0.116225 0.378847 -0.492655
v 0.113580 0.380042 -0.490840
v 0.315925 0.358887 0.159475
v 0.000000 0.297772 0.406395
v 0.309515 0.309228 0.065000
v 0.322205 0.251728 0.038655
v 0.320360 0.254542 0.058965
v 0.428345 0.042163 0.137950
v 0.209045 0.039847 -0.451680
v 0.208865 0.036283 -0.452885
v 0.199255 0.039377 -0.457555
v 0.199085 0.042952 -0.456680
v 0.295780 0.402588 -0.000420
v 0.303150 0.356947 0.010585
v 0.321265 0.358372 -0.032345
v 0.308180 0.313812 0.020145
v 0.324120 0.313612 -0.021375
v 0.354315 0.074257 -0.090210
v 0.348100 -0.046073 -0.120355
v 0.364865 -0.044653 -0.005470
v 0.350455 0.005512 -0.097550
v 0.320720 0.256757 0.094255
v 0.327090 0.222692 0.119910
v 0.355675 0.037673 -0.070015
v 0.315970 0.274348 0.061750
v 0.387865 0.002717 0.025355
v 0.374730 0.018597 0.017515
v 0.386435 0.211167 0.025715
v 0.360965 -0.033032 -0.034520
v 0.363705 -0.005457 -0.020930
v 0.366665 -0.020062 0.002350
v 0.370010 -0.002602 0.094265
v 0.374450 0.011212 0.110645
v 0.369220 0.003402 0.120475
v 0.216375 0.026748 -0.436385
v 0.215785 0.026847 -0.434290
v 0.356335 -0.065333 -0.083530
v 0.363895 -0.078757 -0.047310
v 0.283365 0.449423 -0.016330
v 0.382395 0.216528 0.002245
v 0.383895 0.215297 0.011680
v 0.277835 0.506613 0.006870
v 0.293800 0.516517 0.055235
v 0.261371 0.551554 -0.020753
v 0.283199 0.567829 0.029710
v 0.245651 0.533841 -0.059723
v 0.238370 0.519258 -0.097483
v 0.206208 0.544456 -0.128176
v 0.218510 0.561694 -0.088019
v 0.272274 0.599121 -0.002206
v 0.245447 0.578597 -0.048187
v 0.221054 0.602287 -0.075634
v 0.254785 0.615967 -0.035537
v 0.192478 0.627637 -0.099570
v 0.230063 0.630167 -0.065726
v 0.386085 0.108463 0.059255
v 0.293570 0.580642 0.089465
v 0.315270 0.275792 0.027680
v 0.354605 0.168982 0.097805
v 0.018038 0.621970 -0.221605
v 0.037197 0.619920 -0.218056
v 0.057192 0.617038 -0.211679
v 0.080849 0.612220 -0.204079
v 0.083866 0.631822 -0.186781
v 0.059882 0.639111 -0.202883
v 0.107693 0.603944 -0.196215
v 0.134628 0.589668 -0.188211
v 0.220862 0.528502 -0.142664
v 0.243156 0.511323 -0.129880
v 0.264765 0.485888 -0.076690
v 0.266495 0.495002 -0.035170
v 0.190132 0.589433 -0.113079
v 0.161256 0.619514 -0.131137
v 0.174122 0.573827 -0.144973
v 0.145730 0.599312 -0.158991
v 0.114496 0.620172 -0.171550
v 0.305740 0.474527 0.191445
v 0.300400 0.524678 0.113070
v 0.307645 0.530102 0.176900
v 0.122335 0.483893 0.411915
v 0.125630 0.385758 -0.482890
v 0.124195 0.384107 -0.482865
v 0.118385 0.383472 -0.486110
v 0.120170 0.385423 -0.486750
v 0.059145 0.488532 0.410460
v 0.129120 0.527282 0.425120
v 0.060535 0.534973 0.425385
v 0.414710 0.040737 0.068575
v 0.225890 0.018153 -0.416520
v 0.226440 0.018283 -0.416815
v 0.224035 0.017142 -0.422185
v 0.224135 0.016583 -0.421400
v 0.231100 0.016257 -0.417150
v 0.236390 0.013238 -0.418900
v 0.238035 0.019692 -0.413335
v 0.231355 0.019717 -0.414780
v 0.413710 0.044143 0.137095
v 0.372240 0.073882 0.069680
v 0.416050 0.133042 0.093270
v 0.343855 0.219097 -0.095120
v 0.346795 0.221277 -0.060405
v 0.233100 0.023597 -0.417120
v 0.235605 0.023648 -0.414805
v 0.018100 -0.032473 -0.535455
v -0.000000 -0.033073 -0.539850
v 0.379910 0.098608 0.131255
v 0.217580 0.010588 -0.445230
v 0.194165 0.002713 -0.451535
v 0.194315 0.001928 -0.450950
v 0.213030 0.010343 -0.436555
v 0.212970 0.011252 -0.437515
v 0.201875 0.004767 -0.460130
v 0.197410 0.005813 -0.455080
v 0.183585 -0.000393 -0.468285
v 0.179980 -0.000103 -0.464165
v 0.207855 0.033497 -0.451535
v 0.198865 0.036743 -0.456175
v 0.198440 0.035042 -0.448625
v 0.198275 0.034738 -0.450995
v 0.174095 0.041047 -0.460580
v 0.188115 0.039347 -0.459160
v 0.188495 0.037187 -0.454625
v 0.188695 0.037403 -0.452245
v 0.173050 0.039197 -0.454320
v 0.173380 0.039113 -0.456800
v 0.210175 0.053257 -0.444775
v 0.198415 0.056688 -0.450220
v 0.107560 0.030512 -0.430660
v 0.101890 0.027732 -0.428670
v 0.099825 0.030192 -0.429840
v 0.228320 0.017533 -0.416660
v 0.225655 0.013688 -0.422490
v 0.188240 0.037912 -0.457115
v 0.173785 0.039833 -0.458975
v 0.171835 -0.003638 -0.460080
v 0.172295 -0.006303 -0.458520
v 0.194895 0.000272 -0.450025
v 0.173190 0.041162 -0.449290
v 0.173135 0.040277 -0.451835
v 0.188845 0.038342 -0.449825
v 0.189045 0.039213 -0.447235
v 0.217055 0.036113 -0.445315
v 0.216515 0.033078 -0.446545
v 0.101725 0.019763 -0.437420
v 0.094410 0.023257 -0.435785
v 0.095885 0.024768 -0.435380
v 0.102835 0.021563 -0.436925
v 0.227165 0.029957 -0.432455
v 0.225185 0.027332 -0.433895
v 0.221445 0.030012 -0.440085
v 0.222860 0.032862 -0.438750
v 0.198145 -0.004048 -0.449740
v 0.175070 -0.012432 -0.456235
v 0.176645 -0.017163 -0.454385
v 0.201900 -0.008337 -0.450620
v 0.230150 0.027393 -0.426245
v 0.227355 0.025283 -0.427825
v 0.214975 0.030602 -0.445935
v 0.220170 0.048892 -0.438435
v 0.223085 0.025362 -0.434120
v 0.219710 0.027992 -0.439940
v 0.233515 0.039358 -0.426005
v 0.228115 0.043948 -0.432030
v 0.224180 0.020702 -0.422535
v 0.223685 0.020732 -0.421220
v 0.185020 0.058522 -0.454320
v 0.198675 0.047047 -0.454940
v 0.186150 0.049062 -0.458495
v 0.162315 0.040143 -0.458560
v 0.161935 0.041327 -0.460345
v 0.162515 0.039322 -0.456420
v 0.152440 0.037792 -0.454765
v 0.151775 0.038562 -0.456820
v 0.150915 0.039747 -0.458800
v 0.141580 0.035607 -0.454230
v 0.140255 0.036632 -0.456115
v 0.142705 0.035087 -0.452155
v 0.132875 0.032772 -0.448825
v 0.121660 0.032188 -0.445375
v 0.131625 0.033277 -0.450900
v 0.137755 0.043023 -0.456255
v 0.134950 0.052183 -0.454710
v 0.145875 0.055237 -0.456705
v 0.148515 0.046408 -0.458705
v 0.127795 0.040392 -0.452470
v 0.124620 0.049292 -0.451330
v 0.084060 0.039657 -0.436250
v 0.080660 0.041332 -0.439400
v 0.088810 0.043948 -0.440345
v 0.093200 0.040848 -0.437200
v 0.104655 0.036077 -0.437580
v 0.103640 0.038902 -0.438200
v 0.119695 0.037172 -0.446950
v 0.120765 0.034853 -0.447160
v 0.093975 0.026168 -0.430290
v 0.097670 0.022287 -0.426570
v 0.099645 0.020198 -0.428275
v 0.098355 0.023683 -0.431630
v 0.105465 0.034292 -0.437170
v 0.121290 0.033218 -0.446825
v 0.225190 0.023493 -0.428440
v 0.236435 0.034878 -0.420800
v 0.231315 0.025318 -0.421330
v 0.228885 0.023323 -0.422600
v 0.082920 0.013868 -0.449525
v 0.088915 0.018792 -0.441295
v 0.096090 0.013617 -0.446035
v 0.091100 0.007427 -0.453500
v 0.081630 0.029423 -0.434040
v 0.081605 0.034508 -0.434135
v 0.083050 0.033953 -0.433610
v 0.082975 0.029647 -0.433115
v 0.084625 0.033662 -0.433190
v 0.084610 0.030392 -0.433170
v 0.087730 0.036662 -0.434310
v 0.089110 0.035418 -0.433485
v 0.086090 0.038112 -0.435100
v 0.086850 0.025253 -0.434465
v 0.085600 0.024592 -0.435500
v 0.092810 0.021232 -0.435955
v 0.091235 0.019982 -0.437735
v 0.088465 0.026892 -0.434575
v 0.098000 0.015047 -0.442045
v 0.123750 0.001817 -0.458750
v 0.122785 -0.001503 -0.467770
v 0.111400 0.000172 -0.463640
v 0.113595 0.004247 -0.454155
v 0.146240 -0.000257 -0.466470
v 0.149345 -0.003018 -0.471645
v 0.135395 -0.002418 -0.470480
v 0.134515 0.000628 -0.463105
v 0.165360 -0.002608 -0.471445
v 0.161185 -0.000858 -0.468100
v 0.234085 0.027422 -0.419690
v 0.237175 0.029942 -0.416895
v 0.226670 0.016912 -0.429115
v 0.225250 0.017433 -0.427750
v 0.227985 0.019103 -0.419050
v 0.229255 0.019332 -0.419950
v 0.225635 0.019242 -0.418620
v 0.225240 0.019172 -0.417500
v 0.227470 0.018952 -0.417845
v 0.231115 0.022632 -0.418170
v 0.229220 0.021322 -0.418770
v 0.226625 0.019562 -0.419055
v 0.227290 0.018603 -0.417310
v 0.092505 0.028688 -0.428310
v 0.097245 0.024387 -0.426015
v 0.091500 0.028318 -0.429530
v 0.227845 0.020317 -0.418905
v 0.076750 0.020187 -0.445315
v 0.083365 0.023623 -0.438300
v 0.216285 0.012062 -0.443975
v 0.226895 0.021762 -0.423430
v 0.196740 0.005493 -0.454610
v 0.213940 0.012428 -0.442475
v 0.195745 0.004967 -0.454365
v 0.178285 -0.000858 -0.462935
v 0.158905 -0.000377 -0.466225
v 0.145680 0.001568 -0.463730
v 0.134500 0.003077 -0.459930
v 0.124400 0.004457 -0.455125
v 0.114875 0.006533 -0.450100
v 0.100025 0.016847 -0.438615
v 0.073685 0.026762 -0.441980
v 0.079875 0.029092 -0.436195
v 0.075405 0.034707 -0.440040
v 0.079755 0.035152 -0.435160
v 0.232875 0.030057 -0.424060
v 0.094590 0.039222 -0.436015
v 0.229535 0.032923 -0.430535
v 0.224645 0.036097 -0.436990
v 0.128655 0.037813 -0.452775
v 0.138660 0.040212 -0.456630
v 0.217940 0.039948 -0.443500
v 0.149485 0.043473 -0.459160
v 0.160740 0.045403 -0.460625
v 0.209235 0.043693 -0.449790
v 0.104515 0.009047 -0.450505
v 0.100875 0.002502 -0.458325
v 0.226390 0.017833 -0.416355
v 0.225845 0.019438 -0.416060
v 0.173995 -0.009773 -0.456935
v 0.153375 -0.010012 -0.455085
v 0.153020 -0.013072 -0.453880
v 0.224615 0.015392 -0.421680
v 0.215290 0.006343 -0.435135
v 0.196300 -0.002087 -0.449370
v 0.000000 -0.278677 0.478815
v 0.172775 -0.002503 -0.461210
v 0.154460 -0.001363 -0.460365
v 0.153980 -0.002753 -0.458590
v 0.220950 0.024598 -0.433040
v 0.217800 0.026867 -0.438415
v 0.142485 0.001497 -0.455945
v 0.142020 0.000072 -0.454080
v 0.223900 0.020977 -0.419475
v 0.221930 0.022463 -0.423130
v 0.198980 0.036733 -0.443595
v 0.198980 0.036477 -0.441050
v 0.189270 0.039057 -0.444870
v 0.132290 0.005347 -0.451305
v 0.132015 0.003802 -0.449225
v 0.153170 -0.017508 -0.451655
v 0.117030 0.015382 -0.441865
v 0.116765 0.013652 -0.439080
v 0.123820 0.008622 -0.444060
v 0.124160 0.010357 -0.446450
v 0.102720 0.019493 -0.420675
v 0.102445 0.022488 -0.422275
v 0.105305 0.020428 -0.418125
v 0.105095 0.017623 -0.415515
v 0.103770 0.022092 -0.435575
v 0.104230 0.021107 -0.433250
v 0.110170 0.018027 -0.435325
v 0.110095 0.019078 -0.437965
v 0.141165 -0.002847 -0.452085
v 0.153640 -0.005677 -0.456850
v 0.097160 0.024893 -0.433940
v 0.090365 0.028383 -0.434360
v 0.091905 0.027933 -0.432880
v 0.086855 0.031058 -0.432965
v 0.089165 0.029913 -0.431305
v 0.089305 0.031247 -0.430675
v 0.092375 0.032077 -0.430690
v 0.094935 0.029752 -0.428435
v 0.090540 0.033932 -0.432325
v 0.097535 0.033497 -0.432870
v 0.098405 0.032012 -0.431510
v 0.106110 0.032992 -0.436135
v 0.096855 0.034918 -0.434110
v 0.161450 0.042922 -0.461025
v 0.139310 0.038083 -0.457000
v 0.150165 0.041257 -0.459625
v 0.129325 0.035743 -0.453035
v 0.130315 0.034223 -0.452410
v 0.095850 0.036972 -0.435070
v 0.101760 0.014833 -0.421015
v 0.103910 0.013223 -0.417790
v 0.103645 0.010172 -0.420805
v 0.103045 0.012087 -0.423805
v 0.133720 0.005767 -0.454980
v 0.134465 0.005302 -0.456925
v 0.125100 0.008038 -0.452715
v 0.125220 0.009962 -0.450405
v 0.116335 0.010473 -0.447790
v 0.117125 0.013707 -0.446170
v 0.157380 -0.000322 -0.464820
v 0.144900 0.002338 -0.461330
v 0.143920 0.002468 -0.459820
v 0.174990 -0.001622 -0.462590
v 0.175415 -0.001643 -0.462345
v 0.155955 -0.000473 -0.463335
v 0.194305 0.003747 -0.452720
v 0.213725 0.008522 -0.435875
v 0.223205 0.022808 -0.420245
v 0.224875 0.023263 -0.417795
v 0.221675 0.025433 -0.422855
v 0.122840 0.032883 -0.438475
v 0.219195 0.027987 -0.425035
v 0.217960 0.028203 -0.427390
v 0.222760 0.025377 -0.420445
v 0.207745 0.033183 -0.433965
v 0.207170 0.033488 -0.436305
v 0.213005 0.030773 -0.431400
v 0.214060 0.030438 -0.429430
v 0.199850 0.035912 -0.438765
v 0.110155 0.030192 -0.424740
v 0.122290 0.034642 -0.434485
v 0.122355 0.034482 -0.431700
v 0.112100 0.029992 -0.420450
v 0.198685 0.035852 -0.446350
v 0.206800 0.032102 -0.448950
v 0.198380 0.035253 -0.453635
v 0.133420 0.033143 -0.446095
v 0.132845 0.034682 -0.443755
v 0.232055 0.021582 -0.412625
v 0.228010 0.021663 -0.414945
v 0.122755 0.004967 -0.441940
v 0.131095 0.000557 -0.447180
v 0.211935 0.029773 -0.436770
v 0.161900 0.040448 -0.451625
v 0.152275 0.039192 -0.450115
v 0.152715 0.037838 -0.452420
v 0.162490 0.039278 -0.453970
v 0.142660 0.036877 -0.447310
v 0.143155 0.035458 -0.449595
v 0.228025 0.019847 -0.415245
v 0.104350 0.376717 -0.505680
v 0.102215 0.378782 -0.503535
v 0.107960 0.379577 -0.497255
v 0.110385 0.377963 -0.499340
v 0.103365 0.017613 -0.429755
v 0.115595 0.009747 -0.436670
v 0.109065 0.014278 -0.432190
v 0.151975 0.040352 -0.447465
v 0.142160 0.038332 -0.444455
v 0.098485 0.025867 -0.426990
v 0.162080 0.041118 -0.444970
v 0.152155 0.040277 -0.443250
v 0.151990 0.040618 -0.445665
v 0.161760 0.041587 -0.447310
v 0.104105 0.025823 -0.424845
v 0.106695 0.024083 -0.420970
v 0.107910 0.008658 -0.428380
v 0.108075 0.005403 -0.425255
v 0.114350 0.004373 -0.433740
v 0.114315 0.000563 -0.430775
v 0.121660 0.000032 -0.439180
v 0.121785 -0.003508 -0.436125
v 0.108185 0.029997 -0.428355
v 0.105175 0.015267 -0.415285
v 0.102485 0.017182 -0.420180
v 0.132295 0.036153 -0.440960
v 0.132290 0.036473 -0.439575
v 0.122360 0.034242 -0.436190
v 0.223390 0.022597 -0.428030
v 0.086690 0.033013 -0.432285
v 0.109330 0.016428 -0.441125
v 0.109855 0.018452 -0.439930
v 0.117175 0.015243 -0.444310
v 0.124620 0.010602 -0.448585
v 0.132825 0.005893 -0.453240
v 0.143060 0.002232 -0.458015
v 0.155080 -0.000812 -0.461945
v 0.174035 -0.001972 -0.462035
v 0.194190 0.003307 -0.452100
v 0.225270 0.020983 -0.423340
v 0.129905 -0.003788 -0.444615
v 0.129440 -0.007063 -0.441700
v 0.139890 -0.006868 -0.449840
v 0.138785 -0.010192 -0.447630
v 0.213335 0.029407 -0.443915
v 0.225375 0.021467 -0.416755
v 0.173120 0.041282 -0.447370
v 0.173090 0.040683 -0.445060
v 0.108010 0.013012 -0.442605
v 0.105985 0.010498 -0.446275
v 0.212645 0.030118 -0.434395
v 0.034120 -0.029182 -0.530905
v 0.048280 -0.022448 -0.528290
v 0.060240 -0.015473 -0.522600
v -0.000000 -0.013872 -0.533575
v 0.071435 -0.010458 -0.512455
v 0.079670 -0.007722 -0.501135
v -0.000000 0.374978 -0.552490
v -0.000000 0.379558 -0.548050
v 0.012040 0.378202 -0.546025
v 0.012665 0.373417 -0.550905
v 0.117540 0.381367 -0.483590
v 0.123245 0.382233 -0.480820
v 0.124575 0.379162 -0.487435
v 0.128600 0.381882 -0.482515
v -0.000000 0.360087 -0.508340
v 0.006950 0.362347 -0.507000
v 0.008360 0.376678 -0.513365
v -0.000000 0.377092 -0.513490
v 0.067265 0.364738 -0.530210
v 0.066060 0.369017 -0.526750
v 0.074830 0.371162 -0.522910
v 0.076300 0.367247 -0.526055
v 0.082720 0.373513 -0.518775
v 0.084415 0.370042 -0.521635
v 0.073240 0.373942 -0.519455
v 0.081120 0.375692 -0.515790
v 0.064665 0.372533 -0.523140
v 0.047245 0.362383 -0.539700
v 0.046110 0.367187 -0.535255
v 0.056435 0.367562 -0.530715
v 0.057540 0.363032 -0.534685
v 0.055265 0.371727 -0.526865
v 0.045100 0.371712 -0.531285
v 0.100480 0.389107 -0.506395
v 0.098680 0.383682 -0.506065
v 0.092155 0.383437 -0.511965
v 0.094045 0.390068 -0.512880
v 0.083705 0.383022 -0.517910
v 0.085775 0.390677 -0.519970
v 0.089570 0.378568 -0.510185
v 0.080860 0.377632 -0.515125
v 0.096690 0.379263 -0.505195
v 0.089790 0.375813 -0.514335
v 0.091610 0.372822 -0.516870
v 0.096195 0.377502 -0.509275
v 0.098130 0.375082 -0.511555
v 0.088325 0.377532 -0.511935
v 0.094830 0.379022 -0.507335
v 0.110705 0.386242 -0.495490
v 0.108950 0.383173 -0.495295
v 0.104215 0.383558 -0.500545
v 0.105970 0.387598 -0.500630
v 0.102405 0.380387 -0.499855
v 0.107090 0.380747 -0.494385
v 0.126170 0.383512 -0.479680
v 0.130325 0.384498 -0.479835
v 0.100760 0.380232 -0.501660
v 0.106310 0.380692 -0.495285
v 0.111525 0.380887 -0.488995
v 0.106925 0.373912 -0.507735
v 0.113355 0.375987 -0.501340
v 0.035430 0.368397 -0.540720
v 0.034335 0.373237 -0.536570
v 0.037875 0.357323 -0.549900
v 0.048480 0.357277 -0.544210
v 0.113210 0.383112 -0.490300
v 0.115075 0.385543 -0.490855
v 0.111405 0.380902 -0.489070
v 0.116815 0.381657 -0.484830
v 0.073195 0.382887 -0.523895
v 0.075330 0.391412 -0.526885
v 0.061050 0.383378 -0.529590
v 0.063245 0.392283 -0.533160
v 0.070240 0.376793 -0.520060
v 0.058065 0.377243 -0.525065
v 0.047740 0.384037 -0.534780
v 0.049670 0.393187 -0.538555
v 0.032975 0.384793 -0.539375
v 0.034360 0.394108 -0.543355
v 0.045045 0.378298 -0.529800
v 0.031065 0.379072 -0.534500
v 0.127105 0.384452 -0.481180
v 0.128415 0.385603 -0.480930
v 0.125940 0.383328 -0.480110
v 0.122945 0.382493 -0.481765
v 0.016485 0.385528 -0.543890
v 0.017145 0.394818 -0.547635
v -0.000000 0.386568 -0.545285
v -0.000000 0.395408 -0.548650
v 0.015590 0.380782 -0.538600
v -0.000000 0.381262 -0.540580
v 0.127190 0.387177 -0.482160
v 0.122035 0.387552 -0.486640
v 0.119285 0.377572 -0.494310
v 0.013275 0.366752 -0.555870
v 0.024885 0.371152 -0.546805
v 0.025795 0.365072 -0.551560
v 0.036630 0.363147 -0.545490
v 0.023760 0.375997 -0.542080
v 0.013825 0.358902 -0.559830
v 0.026745 0.358102 -0.555675
v 0.100315 0.371633 -0.513710
v 0.097380 0.380483 -0.496765
v 0.094425 0.377942 -0.493075
v 0.102465 0.377712 -0.486265
v 0.103925 0.379897 -0.489935
v 0.120360 0.381362 -0.476370
v 0.118650 0.382442 -0.472885
v 0.110200 0.381578 -0.476110
v 0.112925 0.379853 -0.479635
v 0.035250 0.405427 -0.545460
v 0.017630 0.406457 -0.549820
v -0.000000 0.406888 -0.550230
v 0.129915 0.386273 -0.480030
v 0.064575 0.402727 -0.535090
v 0.050820 0.404102 -0.540535
v 0.086830 0.399563 -0.521020
v 0.076540 0.401253 -0.528430
v 0.117430 0.388038 -0.491130
v 0.113205 0.389428 -0.495855
v 0.030145 0.377477 -0.527810
v 0.027905 0.377997 -0.520030
v 0.041235 0.377302 -0.515265
v 0.042405 0.375637 -0.522070
v 0.108510 0.391967 -0.501220
v 0.102810 0.394948 -0.507365
v 0.093420 0.368807 -0.519220
v 0.085905 0.365707 -0.524435
v 0.095730 0.397502 -0.514010
v 0.058660 0.358182 -0.538885
v 0.068350 0.360007 -0.533895
v 0.077515 0.362678 -0.529275
v -0.000000 0.350788 -0.559470
v -0.000000 0.359232 -0.560000
v 0.394495 0.110893 0.059465
v 0.401710 0.113162 0.059400
v 0.429180 0.122042 0.121215
v 0.422275 0.142788 0.113170
v 0.423140 0.138838 0.102840
v 0.365060 0.075458 0.017000
v 0.366170 0.057167 0.010845
v 0.363115 0.086437 0.025265
v 0.395420 -0.005702 0.016935
v 0.394195 -0.000618 0.020225
v 0.356005 0.083938 0.059110
v 0.408230 0.116147 0.061145
v 0.412080 0.102143 0.066470
v 0.365575 0.088342 0.020880
v 0.369375 0.079147 0.012305
v 0.381515 0.017887 0.010985
v 0.363200 0.094302 0.030715
v 0.371645 0.059587 0.006705
v 0.368655 0.039563 -0.016890
v 0.368490 0.038412 0.012985
v 0.142290 0.038648 -0.441005
v 0.132405 0.036528 -0.437360
v 0.142130 0.038612 -0.443185
v 0.361680 0.097792 0.026990
v 0.364355 0.092108 0.014740
v 0.120945 0.381808 -0.474990
v 0.121975 0.379242 -0.473625
v 0.122450 0.383372 -0.470110
v 0.124245 0.383008 -0.473535
v 0.114550 0.380152 -0.478770
v 0.114125 0.378478 -0.477310
v 0.121225 0.381513 -0.476575
v 0.227280 0.023437 -0.415245
v 0.108430 0.379983 -0.484275
v 0.107290 0.377653 -0.481995
v 0.375060 0.039222 0.006220
v 0.369005 0.082762 0.003535
v 0.372375 0.062708 0.000300
v 0.369385 0.066183 -0.009335
v 0.362305 0.104138 0.037575
v 0.365340 0.099977 0.039720
v 0.104680 0.380973 -0.480885
v 0.107535 0.379757 -0.484750
v 0.099955 0.380293 -0.486355
v 0.102660 0.379623 -0.490080
v 0.101940 0.387992 -0.476230
v 0.096870 0.387778 -0.481005
v 0.107590 0.387627 -0.472085
v 0.018835 0.380278 -0.524690
v 0.020375 0.380017 -0.533000
v 0.016465 0.375267 -0.510635
v 0.025080 0.371618 -0.508355
v 0.052960 0.375302 -0.515360
v 0.050970 0.377972 -0.510535
v 0.038740 0.378118 -0.515000
v 0.040560 0.375777 -0.519990
v 0.026390 0.378672 -0.519360
v 0.027835 0.377737 -0.524515
v 0.037080 0.385312 -0.508645
v 0.025185 0.385407 -0.511760
v 0.048985 0.385132 -0.504890
v 0.051040 0.377163 -0.511705
v 0.052545 0.375298 -0.517785
v 0.059475 0.377253 -0.508955
v 0.061520 0.375357 -0.514500
v 0.048540 0.369728 -0.503560
v 0.056965 0.369602 -0.501730
v 0.038665 0.369998 -0.505810
v 0.013315 0.378878 -0.522915
v 0.013840 0.376992 -0.528530
v -0.000000 0.378857 -0.524650
v -0.000000 0.377653 -0.530615
v 0.012730 0.385697 -0.514260
v -0.000000 0.385597 -0.515140
v 0.094845 0.379297 -0.491930
v 0.097770 0.377222 -0.495805
v 0.088600 0.378582 -0.496550
v 0.091600 0.376652 -0.500710
v 0.091235 0.387238 -0.485615
v 0.084780 0.386772 -0.489700
v 0.092345 0.372462 -0.489530
v 0.101730 0.372843 -0.484010
v 0.107125 0.373427 -0.480830
v 0.099435 0.380697 -0.499580
v 0.105140 0.380617 -0.493000
v 0.050845 0.325598 -0.500175
v 0.027190 0.319818 -0.512815
v 0.026945 0.305957 -0.501180
v 0.049910 0.312892 -0.490450
v 0.091910 0.380062 -0.503065
v 0.088885 0.378262 -0.499035
v 0.085495 0.372162 -0.493150
v 0.114160 0.375882 -0.475840
v 0.115870 0.380638 -0.481300
v 0.109885 0.380898 -0.486785
v 0.067380 0.377117 -0.506415
v 0.069845 0.375983 -0.511590
v 0.074735 0.376757 -0.503825
v 0.077685 0.377277 -0.509125
v 0.064850 0.369728 -0.500135
v 0.071945 0.370442 -0.498045
v 0.122090 0.381632 -0.478780
v 0.115985 0.385758 -0.468665
v 0.121615 0.381507 -0.479410
v 0.114950 0.380697 -0.482600
v 0.082525 0.377647 -0.502440
v 0.085445 0.378727 -0.507050
v 0.078865 0.371472 -0.495605
v 0.124030 0.382612 -0.475760
v 0.122685 0.382857 -0.472565
v 0.120035 0.384333 -0.468510
v 0.080965 0.378013 -0.499765
v 0.083950 0.375918 -0.504255
v 0.072100 0.378237 -0.502620
v 0.074715 0.376732 -0.507340
v 0.077375 0.386298 -0.493160
v 0.069270 0.385787 -0.496900
v 0.121790 0.378107 -0.469810
v 0.119585 0.385007 -0.465575
v 0.117000 0.374082 -0.454905
v 0.116075 0.373808 -0.446015
v 0.115850 0.397968 -0.442765
v 0.115900 0.392963 -0.451800
v 0.062360 0.378342 -0.506630
v 0.064550 0.375503 -0.511105
v 0.060015 0.385187 -0.501060
v 0.043750 0.374762 -0.527120
v 0.032485 0.376397 -0.532565
v 0.093655 0.379952 -0.505485
v 0.087090 0.378432 -0.509745
v 0.024170 0.358962 -0.507000
v 0.038030 0.355942 -0.504315
v 0.077530 0.376852 -0.511520
v 0.067080 0.375382 -0.515545
v 0.055220 0.375007 -0.520065
v 0.094205 0.376917 -0.503250
v 0.086770 0.375997 -0.507555
v 0.114655 0.372738 -0.474995
v 0.079635 0.376778 -0.512800
v 0.113425 0.392752 -0.465220
v 0.105835 0.397133 -0.469035
v 0.071720 0.375437 -0.515900
v 0.107780 0.368707 -0.480760
v 0.063265 0.374913 -0.519485
v -0.000000 0.367557 -0.557000
v 0.053950 0.374532 -0.522855
v 0.092000 0.365223 -0.487770
v 0.101775 0.368022 -0.483805
v 0.105645 0.378208 -0.493145
v 0.100450 0.377523 -0.498380
v 0.029325 0.377682 -0.529235
v 0.014520 0.377172 -0.533535
v -0.000000 0.378453 -0.535755
v 0.022375 0.379912 -0.537750
v 0.042590 0.375667 -0.524715
v 0.011515 0.381722 -0.541600
v 0.109600 0.380917 -0.487355
v 0.024380 0.398782 -0.505195
v 0.012315 0.399677 -0.506925
v -0.000000 0.400777 -0.507670
v 0.013310 0.413653 -0.505775
v -0.000000 0.415187 -0.506270
v 0.024595 0.411233 -0.504570
v 0.095365 0.399352 -0.477785
v 0.089655 0.399697 -0.482325
v 0.082860 0.399352 -0.486230
v 0.089210 0.410737 -0.482580
v 0.082210 0.409572 -0.486605
v 0.094805 0.409063 -0.477560
v 0.071355 0.360578 -0.496035
v 0.072495 0.354217 -0.494780
v 0.089515 0.357233 -0.488005
v 0.084815 0.364702 -0.491080
v 0.078115 0.363237 -0.493650
v 0.106040 0.353532 -0.475870
v 0.080380 0.346168 -0.489140
v 0.079045 0.334988 -0.482515
v 0.104015 0.342802 -0.468130
v 0.056235 0.357817 -0.499740
v 0.054930 0.350478 -0.500565
v 0.064165 0.360342 -0.498005
v 0.028640 0.290697 -0.472230
v -0.000000 0.303382 -0.508615
v -0.000000 0.285112 -0.470535
v 0.106810 0.362087 -0.480560
v 0.114000 0.367643 -0.471715
v 0.112955 0.360258 -0.464870
v 0.119445 0.376278 -0.463675
v 0.113035 0.402178 -0.463190
v 0.105165 0.406412 -0.467970
v 0.115490 0.413048 -0.460475
v 0.108435 0.420963 -0.465390
v 0.104475 0.414832 -0.468040
v 0.014560 0.357863 -0.508275
v 0.015560 0.342618 -0.512775
v 0.036290 0.347223 -0.506430
v 0.116680 0.388597 -0.464300
v 0.115485 0.395768 -0.460370
v 0.117100 0.388412 -0.459685
v 0.075285 0.399042 -0.489750
v 0.066990 0.398588 -0.492865
v 0.074245 0.409527 -0.490305
v 0.065595 0.409762 -0.493575
v 0.057675 0.398238 -0.496045
v 0.047230 0.398163 -0.499900
v 0.056305 0.411118 -0.496865
v 0.046075 0.410143 -0.499825
v 0.047730 0.358307 -0.500940
v 0.035765 0.341107 -0.508030
v 0.054290 0.344408 -0.501010
v 0.100280 0.398728 -0.473005
v 0.099610 0.408102 -0.472350
v 0.035895 0.398477 -0.503140
v 0.035405 0.410603 -0.502625
v -0.000000 0.341808 -0.516255
v -0.000000 0.330992 -0.520765
v 0.024640 0.334448 -0.513895
v 0.111800 0.430377 -0.463890
v 0.102785 0.436773 -0.473320
v 0.100865 0.424407 -0.473950
v 0.090355 0.439708 -0.485160
v 0.090030 0.422692 -0.484900
v 0.056930 0.423933 -0.501295
v 0.037995 0.428197 -0.507975
v 0.036220 0.419573 -0.504905
v 0.046090 0.418397 -0.502050
v 0.115255 0.439097 -0.461130
v 0.104855 0.449592 -0.468760
v -0.000000 0.318332 -0.519455
v 0.026320 0.419397 -0.506270
v 0.039720 0.443147 -0.505605
v 0.019700 0.444902 -0.506615
v 0.018650 0.426952 -0.508650
v 0.057200 0.442812 -0.499395
v 0.082310 0.417187 -0.487925
v 0.074215 0.417907 -0.492100
v 0.050930 0.337123 -0.502325
v -0.000000 0.445347 -0.506730
v -0.000000 0.428922 -0.509195
v 0.074860 0.441393 -0.492665
v 0.075080 0.426502 -0.494840
v 0.065440 0.417373 -0.495410
v 0.100190 0.332522 -0.457755
v 0.076960 0.323278 -0.472500
v 0.076970 0.313283 -0.453400
v 0.099995 0.325277 -0.442190
v -0.000000 0.381967 -0.544215
v 0.111955 0.353882 -0.455575
v 0.112105 0.350097 -0.444780
v 0.116325 0.375223 -0.436340
v 0.000000 0.492182 0.400910
v 0.119955 0.421547 -0.457590
v 0.052365 0.301412 -0.467300
v 0.116570 0.404437 -0.455425
v 0.118945 0.411252 -0.449080
v 0.123105 0.428252 -0.452885
v 0.124250 0.434222 -0.445690
v 0.117540 0.445442 -0.452275
v 0.115795 0.401297 -0.435825
v 0.117545 0.378823 -0.425830
v 0.117155 0.412282 -0.429140
v 0.028780 0.287312 -0.420715
v 0.053935 0.297232 -0.419015
v 0.056935 0.457332 -0.484465
v 0.056470 0.468317 -0.447400
v 0.028730 0.472372 -0.451025
v 0.029355 0.456948 -0.492295
v 0.055495 0.475087 -0.404300
v 0.028210 0.478352 -0.402705
v 0.084450 0.464758 -0.445375
v 0.083020 0.472392 -0.404780
v 0.083185 0.454912 -0.480775
v -0.000000 0.284852 -0.419715
v -0.000000 0.294042 -0.350195
v 0.031220 0.297778 -0.359195
v 0.125465 0.439907 -0.432725
v 0.122685 0.442777 -0.400105
v 0.107145 0.460762 -0.403130
v 0.111035 0.456563 -0.443470
v 0.120705 0.444407 -0.359705
v 0.104175 0.463282 -0.362025
v 0.056425 0.450082 -0.492540
v 0.041550 0.449408 -0.496770
v -0.000000 0.462472 -0.493040
v 0.072975 0.448653 -0.487700
v 0.078995 0.308163 -0.412700
v 0.079220 0.311182 -0.365995
v 0.102825 0.325097 -0.355980
v 0.103125 0.322587 -0.407225
v 0.055130 0.303677 -0.368895
v 0.113665 0.347902 -0.430900
v 0.117325 0.348852 -0.403845
v 0.122160 0.381038 -0.404520
v 0.070820 0.348448 -0.494940
v 0.120430 0.416042 -0.442910
v 0.123690 0.415943 -0.402705
v 0.128455 0.383027 -0.352720
v 0.129140 0.418962 -0.352460
v 0.116250 0.350612 -0.353395
v 0.080500 0.476227 -0.357025
v 0.054025 0.477048 -0.357985
v 0.027540 0.480288 -0.355525
v -0.000000 0.478963 -0.341895
v -0.000000 0.482578 -0.397015
v 0.120265 0.421258 -0.439210
v 0.099870 0.416297 -0.472620
v 0.125650 0.383072 -0.477910
v 0.125075 0.383117 -0.476150
v 0.124875 0.382937 -0.478160
v 0.155240 0.097538 -0.456495
v 0.173900 0.388367 -0.445620
v 0.138150 0.105038 -0.463185
v 0.154575 0.109202 -0.459345
v 0.040700 0.640454 -0.214762
v 0.020986 0.644677 -0.222984
v 0.000355 0.623283 -0.222425
v -0.000000 0.271958 -0.552160
v -0.000000 0.481063 -0.450510
v 0.000000 0.542638 0.411880
v -0.000000 0.153542 -0.598505
v -0.000000 0.231313 -0.632015
v -0.000000 0.276687 -0.545855
v -0.000000 0.183423 -0.617500
v -0.000000 0.169052 -0.607245
v -0.000000 0.245932 -0.625270
v -0.000000 0.343937 -0.555450
v 0.372620 0.100592 0.136950
v 0.368245 0.119863 0.130965
v 0.349450 0.171977 0.106910
v 0.356520 0.155197 0.115510
v 0.343045 0.187837 0.096315
v 0.207170 0.033193 -0.439380
v 0.161675 0.041428 -0.449070
v 0.137990 -0.013937 -0.444650
v 0.105570 0.010393 -0.411430
v 0.106850 0.005893 -0.415550
v 0.190045 0.038342 -0.442085
v 0.206550 0.032473 -0.441890
v 0.105440 0.020822 -0.411290
v 0.104210 0.016732 -0.409485
v 0.109555 0.001438 -0.420795
v 0.114570 -0.004067 -0.427320
v 0.121630 -0.008028 -0.433025
v 0.129145 -0.011042 -0.438745
v 0.107240 0.024492 -0.414565
v 0.104555 0.013577 -0.409390
v 0.094985 0.416427 -0.478265
v 0.269950 0.482897 -0.116755
v 0.332645 0.354977 -0.079460
v 0.338765 0.304732 -0.067745
v 0.000700 0.648442 -0.225633
v 0.332045 0.128403 0.019520
v 0.342415 0.068557 0.047600
v 0.343580 0.063462 0.045005
v 0.345275 0.067607 0.053070
v 0.371225 0.045522 0.048805
v 0.364590 0.071697 0.067775
v 0.354260 0.079077 0.064315
v 0.354995 -0.017837 -0.065250
v 0.342335 0.255913 -0.088480
v 0.358225 0.011942 -0.046525
v 0.362965 0.029787 -0.030395
v 0.363950 0.243677 -0.012735
v 0.365375 0.226517 -0.027425
v 0.362310 0.210257 -0.030685
v 0.353270 0.223668 -0.038670
v 0.354675 0.201077 -0.037610
v 0.040365 0.306807 -0.297150
v 0.039880 0.315328 -0.223850
v 0.078500 0.329493 -0.224340
v 0.076635 0.321133 -0.288325
v 0.069135 0.470412 -0.301345
v 0.051355 0.475937 -0.324580
v 0.110765 0.444562 -0.288230
v 0.102845 0.445873 -0.231480
v 0.059565 0.469108 -0.236140
v -0.000000 0.475723 -0.280295
v 0.026135 0.476882 -0.320500
v 0.119780 0.397862 -0.299090
v 0.111435 0.402938 -0.232770
v 0.108110 0.346978 -0.299855
v -0.000000 0.299857 -0.283915
v 0.105745 0.359852 -0.229800
v 0.077820 0.315207 -0.329235
v 0.097570 0.332652 -0.330030
v 0.118505 0.445898 -0.324815
v 0.126890 0.419877 -0.324965
v 0.077295 0.342402 -0.160525
v 0.074290 0.363913 -0.108495
v 0.104055 0.390112 -0.120070
v 0.109370 0.371122 -0.167465
v 0.038625 0.331953 -0.157700
v 0.036095 0.366088 -0.094155
v 0.111750 0.412977 -0.173390
v 0.102240 0.430318 -0.124460
v 0.085970 0.449752 -0.133745
v 0.092375 0.444378 -0.179565
v 0.050695 0.443022 -0.139925
v 0.054195 0.453612 -0.185925
v -0.000000 0.440547 -0.148860
v -0.000000 0.461712 -0.189820
v -0.000000 0.311027 -0.220940
v 0.079640 0.461378 -0.070415
v 0.079845 0.471358 -0.088440
v 0.057200 0.471427 -0.096200
v 0.036865 0.437828 -0.043645
v 0.058745 0.443332 -0.044865
v 0.000000 0.467762 -0.100895
v -0.000000 0.326807 -0.155345
v 0.000000 0.367482 -0.087480
v 0.098905 0.461568 -0.328840
v 0.074465 0.451152 -0.053655
v 0.056780 0.308952 -0.331660
v 0.000000 0.435652 -0.043940
v -0.000000 0.470883 -0.234855
v -0.037628 0.673736 -0.206201
v -0.019660 0.675508 -0.213142
v -0.102305 0.041413 -0.439055
v -0.118220 0.039842 -0.446645
v -0.114040 0.047432 -0.446235
v -0.099170 0.045922 -0.441490
v -0.057745 -0.174202 -0.512050
v -0.056510 -0.119337 -0.525450
v -0.063070 0.023242 -0.453595
v -0.055245 0.022718 -0.464335
v -0.058315 0.011297 -0.469210
v -0.065785 0.012997 -0.457765
v -0.172635 -0.019622 -0.484555
v -0.151900 -0.022658 -0.486600
v -0.151085 -0.031278 -0.495465
v -0.173300 -0.030733 -0.488380
v -0.205055 -0.072818 -0.493250
v -0.233490 -0.060223 -0.469705
v -0.227505 -0.043297 -0.471175
v -0.202105 -0.052497 -0.490505
v -0.206855 -0.096263 -0.486975
v -0.238635 -0.080528 -0.461780
v -0.274950 0.001388 -0.400810
v -0.268565 0.009047 -0.408080
v -0.261985 -0.011628 -0.425985
v -0.270140 -0.022858 -0.421195
v -0.179455 0.481492 0.396280
v -0.188935 0.522442 0.406910
v -0.242195 0.520527 0.373530
v -0.229715 0.480307 0.366325
v -0.169255 0.247868 0.398715
v -0.220375 0.245562 0.374340
v -0.224575 0.198708 0.385105
v -0.173635 0.200427 0.412730
v -0.059895 0.203832 0.445270
v -0.058190 0.250703 0.422530
v -0.064225 0.095533 0.483255
v -0.062010 0.153058 0.466950
v -0.262115 -0.181558 -0.377245
v -0.282020 -0.138153 -0.345305
v -0.272250 -0.115873 -0.373825
v -0.249300 -0.151672 -0.403045
v -0.280230 -0.035012 -0.412400
v -0.284175 -0.007393 -0.390165
v -0.205695 -0.120648 -0.470760
v -0.163845 -0.131463 -0.493155
v -0.163825 -0.165743 -0.475860
v -0.207260 -0.149013 -0.451590
v -0.283040 0.020702 -0.374940
v -0.281175 0.047172 -0.367645
v -0.272700 0.047387 -0.380560
v -0.275315 0.025557 -0.387780
v -0.315505 0.042793 -0.302735
v -0.304270 0.044593 -0.330610
v -0.302210 0.006948 -0.338450
v -0.309040 0.000963 -0.310700
v -0.235005 0.157567 -0.416685
v -0.214700 0.162128 -0.433270
v -0.211335 0.142527 -0.435725
v -0.229080 0.138907 -0.421655
v -0.241150 0.180112 -0.408530
v -0.216845 0.186877 -0.429235
v -0.152525 0.234283 -0.469670
v -0.160480 0.216092 -0.465760
v -0.181090 0.230783 -0.450385
v -0.170565 0.250102 -0.456105
v -0.172460 0.139602 -0.457365
v -0.171525 0.156493 -0.458545
v -0.151350 0.150037 -0.466545
v -0.153635 0.134717 -0.464440
v -0.090775 0.113587 -0.497430
v -0.077905 0.102983 -0.503440
v -0.078725 0.092452 -0.494005
v -0.091500 0.102893 -0.488775
v -0.105190 0.061718 -0.452040
v -0.117635 0.065938 -0.453800
v -0.113845 0.075462 -0.457585
v -0.100665 0.069813 -0.457785
v -0.057810 0.059292 -0.493095
v -0.056500 0.067667 -0.504455
v -0.047150 0.053207 -0.509420
v -0.049230 0.045797 -0.496715
v -0.054580 0.078697 -0.515815
v -0.044355 0.063627 -0.523170
v -0.033155 0.044942 -0.531230
v -0.038830 0.037057 -0.513145
v -0.043340 0.030997 -0.499960
v -0.075400 -0.002202 -0.481755
v -0.065680 0.003282 -0.475410
v -0.058340 0.001612 -0.487590
v -0.068210 -0.002928 -0.495035
v -0.025875 0.004153 -0.522845
v -0.013545 0.004787 -0.527640
v -0.015570 -0.013583 -0.531390
v -0.029120 -0.012687 -0.526025
v -0.017395 0.057957 -0.552830
v -0.017005 0.076622 -0.562315
v -0.014680 0.022953 -0.534155
v -0.017175 0.041108 -0.543465
v -0.222570 -0.029303 -0.470910
v -0.242075 -0.018557 -0.451820
v -0.236570 -0.008863 -0.454150
v -0.218460 -0.017958 -0.470770
v -0.207645 0.126377 -0.436830
v -0.223840 0.122833 -0.424710
v -0.085685 0.523353 -0.497890
v -0.076580 0.504367 -0.499520
v -0.088130 0.496297 -0.487645
v -0.097315 0.513082 -0.483940
v -0.069010 0.486022 -0.499485
v -0.082545 0.479258 -0.492905
v -0.095910 0.471947 -0.488145
v -0.100565 0.486763 -0.479595
v -0.107190 0.501752 -0.471575
v -0.194235 -0.014787 -0.480220
v -0.214535 -0.008603 -0.470445
v -0.209805 -0.000492 -0.468155
v -0.190810 -0.006208 -0.477160
v -0.248600 -0.030143 -0.449295
v -0.267365 -0.077292 -0.420750
v -0.286260 -0.049248 -0.396620
v -0.264065 -0.059482 -0.437000
v -0.297125 -0.028887 -0.352965
v -0.286095 -0.063007 -0.374320
v -0.288520 -0.077698 -0.347745
v -0.300395 -0.038612 -0.325795
v -0.147160 -0.391123 -0.381575
v -0.211780 -0.350392 -0.362595
v -0.198565 -0.307807 -0.407315
v -0.137680 -0.342107 -0.430840
v -0.228660 -0.221832 -0.409305
v -0.215200 -0.183038 -0.432275
v -0.131135 0.157163 -0.479780
v -0.127450 0.173357 -0.485205
v -0.111660 0.161452 -0.495710
v -0.115755 0.146757 -0.489570
v -0.327390 0.213223 0.208710
v -0.324855 0.258303 0.192725
v -0.325505 0.243697 0.150380
v -0.330675 0.200517 0.170575
v -0.317145 0.269707 0.238000
v -0.314035 0.315617 0.223975
v -0.320980 0.306587 0.173680
v -0.318780 0.293972 0.118210
v -0.113550 0.296788 0.401955
v -0.057475 0.297393 0.405780
v -0.057505 0.345182 0.397445
v -0.113565 0.344377 0.396010
v -0.148635 0.166817 -0.469560
v -0.145525 0.184823 -0.473995
v -0.063585 0.103933 -0.518965
v -0.060495 0.117462 -0.527775
v -0.049665 0.107082 -0.536375
v -0.052265 0.092152 -0.526510
v -0.075895 0.114818 -0.512360
v -0.072525 0.127577 -0.520485
v -0.152175 -0.013058 -0.481745
v -0.134940 -0.013562 -0.481505
v -0.133075 -0.020593 -0.489800
v -0.231185 -0.001218 -0.455080
v -0.225615 0.004658 -0.454195
v -0.262055 0.164617 -0.389715
v -0.271745 0.187612 -0.372220
v -0.248465 0.207018 -0.395745
v -0.240530 -0.101812 -0.445850
v -0.118830 -0.223632 -0.485525
v -0.170345 -0.207648 -0.460740
v -0.114120 -0.174593 -0.497970
v -0.145000 0.373743 -0.477400
v -0.141040 0.364192 -0.483065
v -0.144815 0.357707 -0.480635
v -0.149555 0.369253 -0.474630
v -0.275610 0.303552 -0.310970
v -0.270450 0.266622 -0.341410
v -0.296415 0.239317 -0.311190
v -0.304980 0.276622 -0.261165
v -0.241860 -0.124713 -0.425180
v -0.248960 0.067807 -0.408725
v -0.252515 0.074567 -0.403415
v -0.243745 0.088623 -0.409690
v -0.240680 0.079637 -0.414975
v -0.060090 -0.229493 -0.500550
v -0.009200 0.302082 -0.541740
v -0.008985 0.293097 -0.541745
v -0.027410 0.123627 -0.575105
v -0.029635 0.104207 -0.566420
v -0.039025 0.113288 -0.556600
v -0.037265 0.131183 -0.566080
v -0.216575 0.274402 -0.410315
v -0.200790 0.291243 -0.424610
v -0.186900 0.268638 -0.440320
v -0.201475 0.248927 -0.431140
v -0.141505 0.337653 -0.484735
v -0.149155 0.350682 -0.477065
v -0.137880 0.346422 -0.488040
v -0.119145 0.326833 -0.504775
v -0.120455 0.314167 -0.502065
v -0.132100 0.325378 -0.493415
v -0.129260 0.335997 -0.496375
v -0.155215 0.309168 -0.463575
v -0.166035 0.326762 -0.455075
v -0.159550 0.335357 -0.464155
v -0.150130 0.319048 -0.472405
v -0.138185 0.397288 -0.473205
v -0.135165 0.404087 -0.477380
v -0.130200 0.397997 -0.481770
v -0.134055 0.393277 -0.476755
v -0.140770 0.377243 -0.479455
v -0.141780 0.384333 -0.475190
v -0.137725 0.384567 -0.476680
v -0.136885 0.379347 -0.480945
v -0.224770 0.429518 -0.345355
v -0.215330 0.459567 -0.342315
v -0.204495 0.456932 -0.369510
v -0.213080 0.429738 -0.372675
v -0.154205 0.343238 -0.471750
v -0.145815 0.328438 -0.479795
v -0.283550 0.214133 -0.346460
v -0.291515 0.157123 -0.354820
v -0.303320 0.176212 -0.326930
v -0.397525 0.159922 0.064980
v -0.403565 0.169852 0.073640
v -0.397470 0.186872 0.059225
v -0.391215 0.175238 0.052930
v -0.409755 0.151783 0.084830
v -0.415350 0.157877 0.093635
v -0.407300 0.176702 0.081970
v -0.398570 0.195352 0.066695
v -0.414845 0.014538 0.089580
v -0.427280 0.004463 0.096020
v -0.425470 0.025283 0.105110
v -0.416865 0.031682 0.095005
v -0.243700 0.008067 -0.437745
v -0.250695 0.018902 -0.421405
v -0.243805 0.019367 -0.422725
v -0.237830 0.011212 -0.438535
v -0.316340 0.133737 -0.312960
v -0.325925 0.145342 -0.276700
v -0.314940 0.196357 -0.290030
v -0.131290 0.361747 -0.492035
v -0.137145 0.369492 -0.485025
v -0.133425 0.373312 -0.486595
v -0.128080 0.367488 -0.493710
v -0.008725 0.284687 -0.542570
v -0.008715 0.330448 -0.548520
v -0.007705 0.336732 -0.551685
v -0.009295 0.311583 -0.542640
v -0.033755 0.440043 -0.527535
v -0.033400 0.456067 -0.516785
v -0.016310 0.457572 -0.517530
v -0.016570 0.440987 -0.529225
v -0.017000 0.478578 -0.515175
v -0.050255 0.472227 -0.507745
v -0.048940 0.454068 -0.514795
v -0.063535 0.451297 -0.512035
v -0.064915 0.467898 -0.503505
v -0.063660 0.436587 -0.522000
v -0.049265 0.438532 -0.524985
v -0.034575 0.475847 -0.511975
v -0.136730 0.418698 -0.475245
v -0.131020 0.411233 -0.481810
v -0.141045 0.409687 -0.471740
v -0.126250 0.403292 -0.486760
v -0.131040 0.427467 -0.479455
v -0.125725 0.418503 -0.486290
v -0.146420 0.382892 -0.472860
v -0.121590 0.409123 -0.491715
v -0.088300 0.335478 -0.527885
v -0.087335 0.323957 -0.526590
v -0.097580 0.327373 -0.520880
v -0.097745 0.339072 -0.521945
v -0.133650 0.380512 -0.481935
v -0.134710 0.384402 -0.478005
v -0.132340 0.384352 -0.479080
v -0.130935 0.381262 -0.482475
v -0.088740 0.345683 -0.528910
v -0.097470 0.349277 -0.522770
v -0.107815 0.331997 -0.514200
v -0.106900 0.343372 -0.515195
v -0.068570 0.329812 -0.537310
v -0.066990 0.319157 -0.535570
v -0.077130 0.321323 -0.531385
v -0.078580 0.332437 -0.532995
v -0.105820 0.353197 -0.516120
v -0.123980 0.354682 -0.499965
v -0.126805 0.345802 -0.498460
v -0.134735 0.354612 -0.490275
v -0.121715 0.300367 -0.497385
v -0.135345 0.314192 -0.488675
v -0.113965 0.357482 -0.509160
v -0.115770 0.348552 -0.507870
v -0.121545 0.362232 -0.501645
v -0.117705 0.338193 -0.506620
v -0.170990 -0.010368 -0.480965
v -0.085380 0.311972 -0.524635
v -0.096320 0.314878 -0.519105
v -0.107780 0.319523 -0.512450
v -0.064995 0.308462 -0.533770
v -0.075010 0.309988 -0.529455
v -0.143695 0.400662 -0.469090
v -0.104075 0.450773 -0.492085
v -0.100805 0.438063 -0.499910
v -0.110720 0.432222 -0.495490
v -0.114705 0.443648 -0.488070
v -0.280850 0.438743 -0.194360
v -0.299065 0.394142 -0.190770
v -0.313445 0.397292 -0.139475
v -0.292860 0.442628 -0.149040
v -0.107795 0.420693 -0.501750
v -0.098620 0.425618 -0.506885
v -0.092145 0.457273 -0.496100
v -0.089570 0.443202 -0.504290
v -0.140550 0.390747 -0.472450
v -0.145770 0.391762 -0.469750
v -0.088275 0.429952 -0.512340
v -0.038245 0.496373 -0.514485
v -0.044240 0.516803 -0.521395
v -0.021510 0.521038 -0.524930
v -0.018805 0.499693 -0.518595
v -0.050415 0.540392 -0.523090
v -0.024330 0.545117 -0.526575
v -0.009165 0.321292 -0.544970
v -0.154830 0.364177 -0.470730
v -0.160755 0.358592 -0.465030
v -0.149945 0.403087 -0.464225
v -0.151640 0.391877 -0.465840
v -0.119050 0.425637 -0.490920
v -0.123775 0.435863 -0.483895
v -0.151765 0.380663 -0.469695
v -0.136875 0.435817 -0.471685
v -0.142705 0.425233 -0.467840
v -0.147070 0.414237 -0.465215
v -0.119570 0.455102 -0.479860
v -0.129135 0.445787 -0.475810
v -0.079010 0.463008 -0.499925
v -0.077155 0.447662 -0.508500
v -0.076740 0.433728 -0.517710
v -0.046990 0.315502 -0.542610
v -0.048185 0.325353 -0.544480
v -0.037830 0.323682 -0.546540
v -0.037080 0.314047 -0.544700
v -0.054605 0.491772 -0.507350
v -0.202890 0.487583 -0.341610
v -0.193500 0.482848 -0.368910
v -0.052990 0.617923 -0.414060
v -0.050522 0.621139 -0.379701
v -0.024593 0.621657 -0.382045
v -0.025725 0.619022 -0.416240
v -0.056795 0.601618 -0.474895
v -0.055025 0.611237 -0.446190
v -0.026750 0.614492 -0.448920
v -0.027705 0.607167 -0.478875
v -0.329335 0.093297 -0.268390
v -0.320225 0.088612 -0.303085
v -0.324925 0.041547 -0.269190
v -0.156580 0.404732 -0.457935
v -0.158375 0.391358 -0.460825
v -0.158040 0.377833 -0.465460
v -0.166155 0.390292 -0.454490
v -0.164985 0.374382 -0.459430
v -0.150035 0.451447 -0.452780
v -0.143275 0.443802 -0.462935
v -0.149040 0.431132 -0.459435
v -0.155815 0.436597 -0.449730
v -0.153395 0.418003 -0.457570
v -0.160350 0.421227 -0.448695
v -0.132130 0.478212 -0.460990
v -0.125490 0.466753 -0.470995
v -0.135405 0.455672 -0.466950
v -0.142315 0.465378 -0.456885
v -0.062385 0.511227 -0.511605
v -0.070480 0.532578 -0.511685
v -0.188865 0.513297 -0.343010
v -0.181830 0.507218 -0.370940
v -0.173780 0.536842 -0.346200
v -0.168965 0.529968 -0.375055
v -0.157200 0.558133 -0.350660
v -0.154595 0.550848 -0.380665
v -0.139090 0.577002 -0.356110
v -0.139100 0.569962 -0.387320
v -0.098252 0.607128 -0.369034
v -0.101485 0.601792 -0.402360
v -0.121720 0.587242 -0.394755
v -0.119420 0.593467 -0.362345
v -0.172375 0.470678 -0.411085
v -0.179640 0.449352 -0.409945
v -0.191675 0.453382 -0.391635
v -0.182530 0.476902 -0.391730
v -0.186145 0.427492 -0.411770
v -0.199425 0.428967 -0.394395
v -0.238440 0.429972 -0.314200
v -0.226855 0.462853 -0.311525
v -0.041320 0.095533 -0.546960
v -0.047235 0.123193 -0.545840
v -0.241943 0.509427 -0.164944
v -0.235775 0.506023 -0.202520
v -0.260205 0.475847 -0.198865
v -0.268820 0.480493 -0.157675
v -0.248570 0.470818 -0.238830
v -0.266865 0.433663 -0.238240
v -0.164165 0.405843 -0.450485
v -0.172155 0.406272 -0.441180
v -0.168075 0.423927 -0.438600
v -0.131160 0.390322 -0.479185
v -0.126650 0.393237 -0.484455
v -0.123990 0.389962 -0.485835
v -0.128985 0.388522 -0.480920
v -0.282675 0.390577 -0.240195
v -0.295635 0.340657 -0.246650
v -0.313380 0.342823 -0.188935
v -0.327945 0.347757 -0.129460
v -0.322295 0.283048 -0.189130
v -0.302325 -0.182903 -0.271805
v -0.291820 -0.160723 -0.310775
v -0.275935 -0.211768 -0.344190
v -0.288465 -0.240552 -0.303895
v -0.335825 0.283582 -0.121775
v -0.220900 0.025038 -0.425510
v -0.219435 0.024688 -0.427610
v -0.215980 0.027137 -0.432095
v -0.216915 0.027862 -0.429820
v -0.016365 0.232177 -0.629955
v -0.029540 0.231202 -0.621790
v -0.026505 0.243807 -0.616180
v -0.014500 0.246457 -0.623135
v -0.249485 0.049797 -0.408420
v -0.244315 0.044227 -0.413490
v -0.245330 0.035537 -0.410180
v -0.250660 0.038797 -0.405540
v -0.314905 -0.057068 -0.256740
v -0.326115 -0.068977 -0.220420
v -0.333855 -0.012273 -0.201300
v -0.324980 -0.007623 -0.241100
v -0.227445 0.077502 -0.427510
v -0.224360 0.065863 -0.431820
v -0.233515 0.059662 -0.425045
v -0.237340 0.069562 -0.420445
v -0.257580 0.081887 -0.396640
v -0.265230 0.090178 -0.388260
v -0.256700 0.110763 -0.397215
v -0.248670 0.098913 -0.403780
v -0.254130 0.055287 -0.403170
v -0.244905 0.059987 -0.413970
v -0.281030 0.073403 -0.370005
v -0.294470 0.078623 -0.353725
v -0.290290 0.109878 -0.363235
v -0.276405 0.099362 -0.377865
v -0.244480 0.025448 -0.409800
v -0.250850 0.027207 -0.408100
v -0.205625 0.003088 -0.464355
v -0.187125 -0.001878 -0.472455
v -0.268065 -0.095572 -0.398975
v -0.125155 0.371953 -0.494775
v -0.130180 0.375987 -0.487520
v -0.127275 0.377837 -0.487810
v -0.122380 0.375407 -0.495150
v -0.233885 0.017692 -0.420650
v -0.231305 0.018963 -0.420270
v -0.227900 0.015357 -0.430430
v -0.230065 0.013958 -0.435060
v -0.267200 0.123882 -0.388490
v -0.253105 0.145738 -0.401075
v -0.244920 0.129532 -0.408190
v -0.237790 0.113662 -0.413330
v -0.238155 0.018712 -0.421890
v -0.233435 0.012968 -0.437705
v -0.196620 -0.025328 -0.481990
v -0.240655 0.032557 -0.413555
v -0.239380 0.024073 -0.411925
v -0.256945 0.028707 -0.405460
v -0.255655 0.041962 -0.400385
v -0.212960 0.070602 -0.438680
v -0.199700 0.073537 -0.444890
v -0.198525 0.063428 -0.447215
v -0.211000 0.060408 -0.441580
v -0.070562 0.615707 -0.340489
v -0.065791 0.612959 -0.305432
v -0.044172 0.615417 -0.308816
v -0.047509 0.620046 -0.344489
v -0.168570 -0.004928 -0.475890
v -0.151315 -0.006332 -0.476675
v -0.249460 0.003603 -0.435195
v -0.256810 0.017353 -0.418405
v -0.135715 -0.006437 -0.475775
v -0.072600 0.005248 -0.463210
v -0.116360 -0.015557 -0.491430
v -0.119395 -0.011883 -0.480325
v -0.105420 -0.008963 -0.477565
v -0.100790 -0.011433 -0.490030
v -0.078845 0.009428 -0.454795
v -0.072965 0.017232 -0.450860
v -0.069615 0.025073 -0.446175
v -0.221405 0.007417 -0.451935
v -0.170845 0.087332 -0.452085
v -0.155950 0.085672 -0.455360
v -0.156365 0.073947 -0.455270
v -0.170470 0.075142 -0.453300
v -0.121700 -0.005478 -0.473110
v -0.109210 -0.003297 -0.469270
v -0.131175 -0.025027 -0.502390
v -0.112090 -0.018868 -0.504840
v -0.094695 -0.013363 -0.503785
v -0.185275 0.075033 -0.449850
v -0.170100 0.065243 -0.454730
v -0.184590 0.065023 -0.451745
v -0.064955 0.034028 -0.450560
v -0.057865 0.035257 -0.461140
v -0.156750 0.064228 -0.455890
v -0.190320 0.207852 -0.446095
v -0.219600 0.221462 -0.421325
v -0.061515 0.049047 -0.471055
v -0.053465 0.037013 -0.473445
v -0.065930 0.046052 -0.459755
v -0.049800 0.023503 -0.476970
v -0.072105 0.043103 -0.449730
v -0.088180 0.062752 -0.458510
v -0.092905 0.056353 -0.450895
v -0.097010 0.050352 -0.445670
v -0.109550 0.054007 -0.448165
v -0.027685 0.322433 -0.547425
v -0.027400 0.312912 -0.545180
v -0.096715 0.077592 -0.464800
v -0.110465 0.084518 -0.462880
v -0.130185 0.069332 -0.455235
v -0.127495 0.079743 -0.457740
v -0.076450 0.054913 -0.459055
v -0.081625 0.050272 -0.449940
v -0.124845 0.089973 -0.461130
v -0.071420 0.034028 -0.443740
v -0.077760 0.041558 -0.443010
v -0.051400 0.000932 -0.497125
v -0.060730 -0.004668 -0.505175
v -0.040835 -0.010918 -0.519570
v -0.036255 0.003088 -0.515365
v -0.044335 0.001453 -0.506325
v -0.047350 0.012962 -0.492370
v -0.041935 0.015672 -0.502745
v -0.052110 0.011268 -0.481840
v -0.046610 0.026267 -0.488380
v -0.147035 -0.053158 -0.521345
v -0.175610 -0.055528 -0.508895
v -0.174305 -0.041643 -0.497510
v -0.150025 -0.039573 -0.508480
v -0.185420 0.337452 -0.437760
v -0.176345 0.316762 -0.447055
v -0.188065 0.305107 -0.437170
v -0.198415 0.327982 -0.426100
v -0.118640 -0.046412 -0.529035
v -0.126535 -0.033368 -0.516320
v -0.024805 0.251992 -0.602435
v -0.013500 0.256417 -0.610310
v -0.015370 0.169027 -0.605345
v -0.028860 0.170712 -0.599865
v -0.030850 0.183852 -0.609340
v -0.016280 0.183128 -0.614875
v -0.049665 0.225857 -0.600930
v -0.051740 0.215257 -0.599765
v -0.061740 0.216247 -0.587750
v -0.059945 0.225717 -0.589715
v -0.051440 0.203447 -0.594150
v -0.061350 0.206137 -0.583005
v -0.072165 0.209212 -0.573435
v -0.071520 0.218877 -0.577010
v -0.069430 0.227497 -0.578220
v -0.036150 0.304677 -0.543620
v -0.045665 0.305837 -0.541265
v -0.033845 0.287538 -0.542710
v -0.042515 0.287892 -0.539410
v -0.044150 0.296568 -0.540195
v -0.035045 0.295777 -0.542960
v -0.049310 0.334827 -0.547160
v -0.038545 0.332993 -0.549870
v -0.032110 0.274107 -0.544605
v -0.039970 0.273387 -0.539870
v -0.041000 0.280073 -0.539170
v -0.032750 0.280228 -0.543100
v -0.032280 0.198472 -0.617860
v -0.017325 0.197732 -0.624670
v -0.006885 0.266207 -0.565855
v -0.006205 0.263438 -0.575570
v -0.012440 0.261648 -0.573540
v -0.015575 0.265222 -0.563220
v -0.040090 0.228372 -0.611565
v -0.042930 0.215483 -0.611630
v -0.031895 0.215228 -0.622465
v -0.043515 0.200592 -0.606800
v -0.062785 0.254012 -0.531250
v -0.067390 0.250602 -0.533875
v -0.070525 0.252172 -0.530205
v -0.065440 0.257198 -0.526195
v -0.071700 0.248212 -0.538060
v -0.075355 0.248448 -0.536045
v -0.079180 0.247992 -0.533370
v -0.073980 0.252888 -0.525765
v -0.068940 0.260242 -0.520735
v -0.037575 0.240538 -0.581810
v -0.044015 0.239307 -0.575215
v -0.038740 0.235137 -0.570550
v -0.033520 0.235267 -0.576845
v -0.050195 0.238832 -0.568440
v -0.044995 0.235028 -0.563910
v -0.040030 0.228677 -0.559250
v -0.033495 0.228363 -0.566020
v -0.027650 0.236167 -0.581765
v -0.022360 0.225263 -0.575050
v -0.018010 0.225397 -0.573185
v -0.021095 0.238242 -0.582290
v -0.031120 0.242673 -0.586350
v -0.059750 0.239788 -0.532290
v -0.054810 0.226802 -0.526935
v -0.056525 0.226502 -0.532630
v -0.061270 0.238897 -0.536760
v -0.022715 0.245047 -0.588230
v -0.007500 0.268927 -0.558005
v -0.008325 0.277373 -0.545635
v -0.016230 0.278637 -0.545685
v -0.016830 0.285907 -0.544030
v -0.035700 0.253692 -0.539345
v -0.029280 0.254022 -0.544930
v -0.026295 0.246857 -0.540195
v -0.032485 0.247328 -0.534995
v -0.015640 0.272937 -0.549770
v -0.023760 0.273808 -0.547575
v -0.024335 0.279722 -0.545085
v -0.025170 0.286887 -0.544110
v -0.007265 0.262012 -0.586305
v -0.010685 0.260912 -0.597590
v -0.018060 0.257983 -0.592675
v -0.012515 0.259647 -0.583585
v -0.055835 0.238922 -0.561370
v -0.051035 0.234963 -0.557410
v -0.016990 0.242273 -0.561725
v -0.015965 0.234427 -0.555325
v -0.017325 0.236222 -0.548805
v -0.018650 0.244387 -0.554330
v -0.016490 0.248752 -0.575085
v -0.016370 0.240412 -0.568545
v -0.017515 0.251098 -0.567785
v -0.015110 0.227712 -0.568140
v -0.016335 0.238407 -0.576460
v -0.015015 0.231683 -0.561370
v -0.020255 0.253032 -0.559975
v -0.048675 0.251747 -0.532965
v -0.042670 0.252947 -0.535615
v -0.039305 0.247152 -0.531565
v -0.045630 0.246543 -0.529380
v -0.028850 0.238543 -0.529380
v -0.035195 0.238352 -0.525470
v -0.051465 0.229092 -0.547775
v -0.046910 0.229177 -0.552775
v -0.055550 0.234942 -0.551645
v -0.017435 0.214797 -0.630115
v -0.064345 0.244632 -0.538955
v -0.061870 0.245363 -0.535195
v -0.058205 0.247113 -0.532585
v -0.056045 0.241898 -0.529045
v -0.050715 0.228453 -0.522475
v -0.027285 0.226297 -0.572865
v -0.024125 0.253748 -0.552125
v -0.021650 0.245798 -0.546985
v -0.019505 0.237048 -0.541775
v -0.063665 0.241207 -0.548165
v -0.065240 0.243458 -0.543200
v -0.061255 0.236772 -0.540875
v -0.059175 0.235212 -0.546460
v -0.056355 0.227562 -0.538160
v -0.023245 0.237448 -0.534675
v -0.079470 0.223007 -0.566565
v -0.076370 0.230727 -0.567910
v -0.081250 0.214033 -0.563410
v -0.140465 0.202932 -0.478025
v -0.166520 0.196092 -0.461975
v -0.031845 0.084313 -0.557070
v -0.068670 0.141222 -0.528250
v -0.085015 0.138537 -0.512855
v -0.080370 0.151572 -0.520000
v -0.061620 0.237052 -0.575945
v -0.067245 0.238863 -0.566745
v -0.061655 0.239962 -0.564590
v -0.056030 0.239248 -0.573005
v -0.092295 0.163493 -0.511030
v -0.097935 0.149853 -0.504695
v -0.105275 0.177332 -0.500985
v -0.057470 0.132567 -0.536405
v -0.109770 0.370327 -0.509510
v -0.112050 0.364742 -0.509840
v -0.119100 0.368317 -0.502630
v -0.116460 0.373012 -0.502675
v -0.121230 0.056778 -0.451545
v -0.043130 0.078672 -0.535995
v -0.033080 0.064532 -0.545670
v -0.119745 0.120807 -0.477295
v -0.118130 0.133228 -0.483100
v -0.104110 0.123702 -0.490730
v -0.105015 0.112267 -0.483165
v -0.105835 0.102152 -0.475985
v -0.091785 0.093538 -0.480100
v -0.038900 0.263227 -0.542300
v -0.032060 0.264288 -0.548410
v -0.031230 0.259522 -0.547720
v -0.037670 0.258743 -0.541590
v -0.074670 0.244203 -0.549660
v -0.074520 0.246208 -0.543345
v -0.070065 0.245832 -0.543765
v -0.069440 0.243843 -0.549410
v -0.068035 0.247167 -0.539140
v -0.024795 0.265073 -0.555250
v -0.025385 0.259838 -0.555005
v -0.019895 0.259578 -0.563015
v -0.017375 0.246893 -0.583215
v -0.054585 0.228652 -0.543220
v -0.025560 0.249627 -0.592405
v -0.019070 0.252953 -0.587480
v -0.015580 0.255308 -0.579940
v -0.046040 0.261682 -0.537235
v -0.044755 0.257533 -0.537300
v -0.050830 0.255747 -0.534230
v -0.016145 0.257338 -0.571040
v -0.026910 0.228872 -0.525480
v -0.021900 0.228627 -0.531275
v -0.022620 0.221927 -0.530960
v -0.027975 0.221083 -0.525155
v -0.043815 0.238622 -0.594700
v -0.041675 0.241078 -0.588860
v -0.034000 0.245332 -0.592300
v -0.034475 0.244237 -0.600780
v -0.053455 0.236537 -0.586075
v -0.049100 0.239552 -0.581080
v -0.052115 0.222588 -0.536345
v -0.051030 0.223727 -0.540095
v -0.037440 0.223733 -0.553825
v -0.044545 0.223618 -0.546725
v -0.042695 0.220003 -0.542825
v -0.035685 0.220428 -0.549520
v -0.064545 0.248563 -0.535415
v -0.060470 0.250717 -0.532975
v -0.052120 0.221447 -0.531825
v -0.032665 0.224478 -0.559750
v -0.027925 0.224043 -0.563505
v -0.047775 0.218228 -0.532040
v -0.048585 0.219557 -0.535715
v -0.048745 0.220953 -0.538370
v -0.041015 0.236418 -0.522710
v -0.032765 0.229048 -0.521680
v -0.038155 0.227708 -0.519690
v -0.032020 0.221407 -0.554825
v -0.029380 0.221937 -0.558720
v -0.016420 0.224983 -0.554885
v -0.016530 0.227957 -0.549855
v -0.033145 0.221677 -0.521550
v -0.037050 0.222272 -0.519960
v -0.017165 0.229747 -0.544800
v -0.019915 0.220168 -0.549090
v -0.018230 0.222858 -0.545085
v -0.017850 0.225257 -0.542360
v -0.021265 0.221058 -0.563260
v -0.017790 0.222132 -0.559520
v -0.018720 0.229707 -0.538575
v -0.024690 0.222102 -0.564880
v -0.019230 0.223727 -0.537455
v -0.027580 0.220382 -0.557735
v -0.025105 0.219387 -0.555620
v -0.065940 0.233653 -0.577525
v -0.072050 0.236148 -0.567885
v -0.050600 0.221117 -0.526765
v -0.047345 0.222107 -0.522310
v -0.043395 0.217952 -0.523910
v -0.046095 0.217552 -0.527865
v -0.046005 0.232022 -0.521060
v -0.051140 0.244848 -0.528360
v -0.039525 0.267987 -0.541380
v -0.032075 0.269082 -0.546790
v -0.023950 0.269352 -0.551495
v -0.015445 0.269132 -0.555760
v -0.038800 0.341988 -0.552350
v -0.049875 0.343623 -0.548805
v -0.049520 0.351287 -0.547665
v -0.038635 0.350317 -0.552415
v -0.007900 0.272278 -0.551220
v -0.010470 0.382692 -0.529610
v -0.010885 0.382392 -0.537230
v -0.036255 0.238097 -0.608340
v -0.046440 0.233657 -0.599020
v -0.056745 0.232472 -0.588750
v -0.017055 0.331178 -0.550640
v -0.018060 0.321683 -0.546860
v -0.027625 0.331727 -0.551250
v -0.056955 0.317222 -0.539395
v -0.058430 0.327448 -0.541200
v -0.026040 0.294937 -0.543880
v -0.017410 0.294023 -0.543435
v -0.026820 0.303667 -0.544190
v -0.017915 0.302787 -0.543485
v -0.018200 0.312092 -0.544445
v -0.013775 0.349723 -0.559750
v -0.013230 0.340458 -0.555155
v -0.026980 0.340832 -0.555025
v -0.027060 0.349848 -0.556945
v -0.037555 0.214227 -0.532680
v -0.031600 0.214977 -0.539560
v -0.033785 0.216517 -0.542925
v -0.039615 0.215492 -0.536450
v -0.104590 0.402017 -0.507685
v -0.105830 0.410497 -0.505870
v -0.097535 0.414813 -0.511925
v -0.097090 0.405688 -0.514450
v -0.087990 0.418633 -0.518370
v -0.247250 0.394998 -0.320335
v -0.231205 0.398033 -0.351385
v -0.175260 0.284398 -0.449445
v -0.125085 0.288578 -0.489790
v -0.138700 0.303512 -0.481250
v -0.069505 0.354843 -0.537470
v -0.070250 0.348102 -0.539610
v -0.079630 0.350968 -0.534460
v -0.078775 0.357627 -0.532535
v -0.079545 0.342417 -0.534410
v -0.088485 0.354202 -0.528915
v -0.087420 0.360807 -0.527325
v -0.096725 0.357687 -0.522860
v -0.095320 0.364152 -0.521655
v -0.104520 0.361227 -0.516500
v -0.102665 0.367392 -0.515740
v -0.294930 -0.093307 -0.317065
v -0.305835 -0.048203 -0.293550
v -0.122630 0.396562 -0.489540
v -0.119805 0.391473 -0.490675
v -0.118255 0.400797 -0.494675
v -0.115730 0.394058 -0.495795
v -0.078305 0.612288 -0.409135
v -0.075078 0.616566 -0.375127
v -0.064900 0.413733 -0.534000
v -0.064630 0.424852 -0.530225
v -0.050540 0.426877 -0.534565
v -0.051100 0.415583 -0.539325
v -0.034965 0.428637 -0.538435
v -0.035475 0.417287 -0.544055
v -0.017335 0.430272 -0.541790
v -0.017820 0.419027 -0.548600
v -0.027865 -0.078983 -0.537265
v -0.039215 0.215563 -0.526155
v -0.041830 0.215333 -0.529805
v -0.034540 0.214353 -0.529440
v -0.043770 0.216302 -0.533550
v -0.028435 0.214707 -0.536115
v -0.024935 0.216967 -0.532865
v -0.030825 0.216398 -0.526885
v -0.020745 0.219212 -0.539470
v -0.023715 0.217028 -0.542860
v -0.041185 0.217537 -0.539820
v -0.035025 0.218347 -0.546030
v -0.030860 0.219437 -0.551865
v -0.029280 0.218018 -0.549105
v -0.083855 0.069153 -0.466980
v -0.076885 0.239598 -0.558395
v -0.071705 0.241407 -0.557655
v -0.081800 0.235273 -0.557900
v -0.084580 0.240287 -0.548060
v -0.079670 0.243182 -0.549330
v -0.048475 0.223942 -0.543315
v -0.046400 0.220357 -0.539955
v -0.066300 0.241562 -0.556575
v -0.060325 0.239713 -0.554510
v -0.085395 0.228407 -0.556050
v -0.087765 0.220258 -0.552850
v -0.091115 0.227298 -0.542220
v -0.088545 0.234637 -0.545685
v -0.060415 0.345672 -0.544595
v -0.059805 0.352768 -0.542635
v -0.059775 0.337042 -0.543510
v -0.069825 0.339562 -0.539155
v -0.046725 0.266147 -0.535725
v -0.052460 0.259672 -0.533475
v -0.053515 0.263792 -0.530915
v -0.054895 0.269433 -0.529000
v -0.047525 0.271838 -0.534310
v -0.042990 0.224438 -0.519715
v -0.040100 0.219662 -0.520975
v -0.057900 0.257317 -0.531285
v -0.055895 0.253547 -0.532690
v -0.053720 0.249683 -0.532015
v -0.049015 0.279372 -0.534145
v -0.056840 0.278053 -0.528795
v -0.059635 0.287772 -0.530015
v -0.051060 0.287997 -0.534915
v -0.055220 0.307122 -0.537720
v -0.053220 0.297332 -0.536185
v -0.062505 0.297967 -0.531840
v -0.045130 0.218037 -0.536910
v -0.035970 0.217388 -0.523195
v -0.121940 0.190282 -0.489355
v -0.141510 0.083117 -0.457145
v -0.143005 0.071923 -0.455810
v -0.085860 0.046617 -0.443175
v -0.056180 0.147603 -0.546205
v -0.046355 0.139523 -0.555955
v -0.101855 0.136358 -0.497945
v -0.088670 0.125642 -0.505480
v -0.079030 0.083237 -0.484650
v -0.067025 0.080782 -0.499195
v -0.067800 0.071747 -0.489065
v -0.065685 0.091593 -0.509290
v -0.046450 0.168192 -0.571495
v -0.037495 0.162197 -0.582040
v -0.036870 0.148258 -0.574900
v -0.046535 0.154597 -0.564735
v -0.027540 0.157117 -0.591385
v -0.026950 0.142502 -0.583860
v -0.064815 0.181652 -0.550660
v -0.054800 0.174958 -0.560300
v -0.055980 0.161592 -0.554200
v -0.064410 0.169637 -0.543560
v -0.066085 0.155627 -0.536760
v -0.154440 0.121132 -0.462150
v -0.135790 0.128418 -0.470945
v -0.137235 0.115957 -0.467275
v -0.133585 0.142223 -0.474560
v -0.121315 0.109572 -0.471850
v -0.071865 0.059763 -0.468905
v -0.186150 0.087578 -0.447620
v -0.201195 0.086262 -0.441800
v -0.132720 0.059822 -0.454120
v -0.144315 0.062332 -0.455635
v -0.249700 0.319753 -0.344705
v -0.231740 0.332952 -0.373275
v -0.226245 0.302427 -0.390365
v -0.245620 0.285828 -0.367500
v -0.169330 0.175418 -0.459880
v -0.164535 0.297682 -0.456960
v -0.142660 0.292832 -0.472795
v -0.128735 0.277482 -0.481710
v -0.134685 0.264903 -0.475380
v -0.150545 0.280442 -0.466795
v -0.143830 0.250537 -0.472915
v -0.160545 0.266333 -0.462090
v -0.054840 0.564693 -0.515255
v -0.026500 0.570288 -0.519965
v -0.057570 0.587018 -0.499385
v -0.027890 0.592712 -0.503845
v -0.099645 0.561693 -0.477210
v -0.080915 0.575337 -0.489240
v -0.077125 0.554773 -0.504515
v -0.094295 0.542938 -0.491245
v -0.088185 0.408893 -0.521700
v -0.077180 0.422118 -0.524815
v -0.077310 0.411568 -0.528210
v -0.079975 0.602807 -0.440035
v -0.102075 0.590878 -0.432015
v -0.081390 0.591217 -0.467015
v -0.102190 0.577977 -0.457200
v -0.125645 0.531843 -0.453355
v -0.114470 0.547158 -0.465070
v -0.107210 0.530137 -0.477555
v -0.116555 0.516847 -0.464210
v -0.112760 0.405697 -0.500125
v -0.110835 0.397893 -0.501495
v -0.115460 0.415102 -0.496655
v -0.113605 0.477033 -0.474900
v -0.119775 0.490012 -0.465060
v -0.108410 0.463808 -0.483900
v -0.163215 0.441537 -0.438850
v -0.157195 0.458493 -0.441390
v -0.170880 0.445538 -0.425980
v -0.176320 0.425863 -0.426665
v -0.164405 0.464647 -0.427845
v -0.156310 0.482807 -0.431590
v -0.149420 0.474392 -0.445440
v -0.146525 0.499892 -0.436815
v -0.139260 0.489092 -0.449970
v -0.173090 0.499592 -0.394740
v -0.162615 0.521203 -0.400060
v -0.154510 0.510733 -0.420295
v -0.163955 0.491157 -0.414580
v -0.127505 0.502942 -0.455370
v -0.144300 0.529193 -0.427935
v -0.135975 0.516112 -0.443865
v -0.132575 0.546408 -0.436635
v -0.136960 0.559558 -0.414660
v -0.150530 0.541137 -0.406840
v -0.211535 0.316488 -0.410200
v -0.167000 0.352442 -0.457020
v -0.191000 0.405073 -0.416105
v -0.192915 0.382127 -0.421960
v -0.206950 0.378097 -0.407045
v -0.204755 0.403842 -0.399745
v -0.191020 0.359408 -0.429255
v -0.204925 0.352538 -0.416000
v -0.218230 0.343878 -0.397425
v -0.220510 0.372612 -0.386805
v -0.218625 0.401502 -0.378460
v -0.174480 0.345528 -0.447375
v -0.181905 0.385547 -0.434550
v -0.179915 0.365272 -0.440475
v -0.180420 0.405858 -0.429820
v -0.192145 0.182793 -0.447120
v -0.139790 0.094252 -0.459275
v -0.086915 -0.006993 -0.486960
v -0.093135 -0.004668 -0.473860
v -0.082060 -0.000272 -0.468870
v -0.106540 0.305002 -0.509750
v -0.103000 0.285982 -0.505400
v -0.133640 0.220323 -0.480665
v -0.172110 0.124878 -0.455965
v -0.190110 0.126817 -0.447690
v -0.192065 0.142502 -0.448065
v -0.342475 0.167412 -0.139645
v -0.346980 0.109878 -0.139470
v -0.350730 0.122837 -0.096775
v -0.346530 0.173717 -0.096190
v -0.193055 0.161042 -0.447775
v -0.171435 0.112157 -0.453920
v -0.188330 0.113257 -0.446465
v -0.104445 -0.026302 -0.518545
v -0.093880 -0.036383 -0.531070
v -0.085675 -0.018498 -0.516800
v -0.073890 -0.025948 -0.528020
v -0.240300 0.052252 -0.418750
v -0.097825 -0.000653 -0.464645
v -0.087170 0.002043 -0.458520
v -0.021930 -0.053363 -0.538705
v -0.089020 -0.535412 -0.116070
v -0.090670 -0.544813 -0.033140
v -0.301065 -0.266973 -0.258675
v -0.317610 -0.205253 -0.230750
v -0.360815 -0.257403 -0.083800
v -0.337405 -0.325717 -0.094855
v -0.343635 -0.334153 -0.031680
v -0.366655 -0.264457 -0.027250
v -0.092420 -0.546933 0.052430
v -0.178295 -0.517678 0.048985
v -0.173925 -0.513012 -0.033765
v -0.378330 -0.244282 0.151850
v -0.353840 -0.314468 0.168760
v -0.347490 -0.289147 0.232335
v -0.373595 -0.223287 0.211095
v -0.304845 0.523573 0.248155
v -0.282705 0.518733 0.315885
v -0.384135 -0.129157 0.071580
v -0.385825 -0.190232 0.081440
v -0.388400 -0.175052 0.135865
v -0.386185 -0.111048 0.118245
v -0.226100 -0.235693 0.431375
v -0.235055 -0.300403 0.394770
v -0.165415 -0.331892 0.419700
v -0.159210 -0.258808 0.458780
v -0.169400 -0.501618 -0.113635
v -0.380495 -0.137613 0.026700
v -0.375125 -0.138072 -0.016940
v -0.375515 -0.197927 -0.022335
v -0.380905 -0.197803 0.028830
v -0.075990 -0.411097 -0.394165
v -0.080160 -0.454878 -0.335520
v -0.153305 -0.429627 -0.324375
v -0.083640 -0.490603 -0.269395
v -0.086695 -0.517228 -0.195415
v -0.164865 -0.484273 -0.190285
v -0.158820 -0.460078 -0.261570
v -0.089485 -0.474657 0.303550
v -0.087480 -0.421453 0.376935
v -0.083530 -0.352263 0.432960
v -0.391155 0.165048 0.045505
v -0.392320 0.157347 0.039810
v -0.399715 0.146148 0.049940
v -0.399600 0.152493 0.055895
v -0.374785 -0.017163 0.051765
v -0.374795 -0.021313 0.032035
v -0.367295 -0.024518 0.027925
v -0.366265 -0.022368 0.052025
v -0.365910 -0.045497 0.024220
v -0.365485 -0.040078 0.055940
v -0.373845 -0.078757 0.060955
v -0.374325 -0.062988 0.095310
v -0.365950 -0.029033 0.081810
v -0.091025 -0.511522 0.222735
v -0.325435 -0.223262 0.333245
v -0.315250 -0.183002 0.363670
v -0.337095 -0.163457 0.338575
v -0.350635 -0.180163 0.310225
v -0.296085 0.445513 -0.104310
v -0.318005 0.402293 -0.091505
v -0.309775 0.403562 -0.044725
v -0.289640 0.446417 -0.060345
v -0.373855 -0.038642 0.123765
v -0.367590 -0.015352 0.102405
v -0.256965 -0.461922 0.125020
v -0.180970 -0.510027 0.133970
v -0.180880 -0.487863 0.217985
v -0.257810 -0.441608 0.205320
v -0.390195 0.086343 0.072455
v -0.380000 0.085688 0.071445
v -0.380350 0.073798 0.073225
v -0.390070 0.072578 0.074665
v -0.390695 0.074912 0.129065
v -0.391435 0.051007 0.129525
v -0.383610 0.053247 0.132325
v -0.383185 0.076172 0.133740
v -0.057960 0.393572 0.395840
v -0.058470 0.441678 0.400355
v -0.336510 -0.084562 -0.181690
v -0.340910 -0.024403 -0.159385
v -0.316395 -0.004748 -0.277340
v -0.302735 -0.109028 -0.281625
v -0.333555 0.155352 -0.234475
v -0.337210 0.098382 -0.229305
v -0.230320 0.051082 -0.428485
v -0.236485 0.045387 -0.422410
v -0.221720 0.056092 -0.435020
v -0.279375 0.139332 -0.375105
v -0.292025 0.045897 -0.351275
v -0.308580 0.083832 -0.331370
v -0.256735 -0.043132 -0.446050
v -0.215230 0.083157 -0.434840
v -0.262875 0.029132 -0.401615
v -0.260700 0.044547 -0.394930
v -0.293540 -0.018033 -0.374495
v -0.365990 -0.071018 0.291050
v -0.362525 -0.128248 0.297760
v -0.341340 -0.124277 0.339775
v -0.343010 -0.070022 0.339200
v -0.264810 0.392057 -0.283545
v -0.253035 0.431187 -0.278685
v -0.126570 -0.279788 -0.465840
v -0.181385 -0.257708 -0.441305
v -0.314325 -0.125707 -0.243990
v -0.329235 -0.144567 -0.205335
v -0.135982 0.580815 -0.322950
v -0.114553 0.595136 -0.328907
v -0.023154 0.620509 -0.346866
v -0.000162 0.620011 -0.347839
v -0.092832 0.607095 -0.335083
v -0.087943 0.608007 -0.300754
v -0.021423 0.615328 -0.310974
v -0.000216 0.614814 -0.312067
v -0.236710 0.254827 -0.393800
v -0.260420 0.235997 -0.371205
v -0.156930 0.563536 -0.318085
v -0.176935 0.543168 -0.314525
v -0.212135 0.492772 -0.310885
v -0.195180 0.519592 -0.312220
v -0.120945 0.576237 -0.423245
v -0.119105 0.562847 -0.446760
v -0.244910 -0.261202 -0.377160
v -0.070045 -0.356978 -0.443215
v -0.259345 -0.297593 -0.335485
v -0.219730 -0.385048 -0.308130
v -0.270610 -0.329078 -0.286015
v -0.064095 -0.291613 -0.479110
v -0.172020 0.370212 -0.450920
v -0.316225 -0.291123 -0.209530
v -0.337100 -0.226483 -0.187205
v -0.014910 0.119522 -0.580525
v -0.016060 0.098078 -0.571860
v -0.323060 0.213397 -0.243705
v -0.329730 0.220872 -0.188630
v -0.338110 0.223302 -0.135785
v -0.341425 0.045093 -0.188625
v -0.343115 0.104187 -0.186310
v -0.333555 0.043752 -0.231900
v -0.348325 0.043347 -0.135145
v -0.239910 0.039397 -0.417330
v -0.209162 0.530066 -0.205664
v -0.203350 0.528162 -0.242170
v -0.227360 0.501562 -0.240405
v -0.270685 0.068722 -0.382180
v -0.265995 0.046343 -0.389055
v -0.263290 0.064238 -0.391310
v -0.304425 0.121862 -0.341640
v -0.116020 -0.132152 -0.511740
v -0.230800 -0.434062 -0.182660
v -0.224985 -0.411708 -0.247715
v -0.159825 0.048698 -0.460075
v -0.172715 0.049562 -0.460190
v -0.170940 0.058748 -0.456760
v -0.157630 0.057552 -0.457420
v -0.251610 -0.467787 0.043920
v -0.338495 0.162147 -0.187390
v -0.233425 0.365468 -0.360495
v -0.093540 0.085382 -0.472145
v -0.080320 0.075718 -0.475695
v -0.199040 0.524952 -0.278555
v -0.178397 0.551105 -0.244851
v -0.177550 0.548033 -0.280610
v -0.219860 0.497773 -0.277165
v -0.238050 0.466548 -0.276895
v -0.155568 0.568607 -0.284047
v -0.134071 0.586753 -0.289282
v -0.111307 0.599964 -0.295170
v -0.250680 0.357692 -0.329900
v -0.041537 0.613016 -0.273460
v -0.039344 0.614934 -0.243081
v -0.018680 0.615618 -0.245585
v -0.019885 0.612341 -0.275802
v -0.182457 0.550960 -0.208981
v -0.000183 0.612046 -0.277192
v -0.000175 0.615432 -0.246836
v -0.085329 0.610947 -0.266669
v -0.062828 0.613155 -0.270480
v -0.272590 0.349137 -0.293240
v -0.154125 0.570934 -0.249447
v -0.131738 0.589631 -0.255720
v -0.133755 0.387617 -0.476955
v -0.131700 0.386813 -0.478720
v -0.136415 0.389003 -0.474705
v -0.305095 0.409282 0.093310
v -0.300740 0.463147 0.076390
v -0.288825 0.456132 0.028035
v -0.295560 0.405148 0.045120
v -0.232820 0.100638 -0.417480
v -0.219815 0.108727 -0.427000
v -0.217265 0.096557 -0.429940
v -0.230135 0.089718 -0.421925
v -0.174210 -0.077128 -0.514100
v -0.204570 0.112252 -0.437190
v -0.202450 0.099443 -0.438500
v -0.303480 -0.402843 -0.033905
v -0.310235 -0.406502 0.038510
v -0.349740 -0.336457 0.033655
v -0.177625 -0.450917 0.296785
v -0.172135 -0.397997 0.365680
v -0.237575 -0.450768 -0.109730
v -0.092410 -0.536312 0.138730
v -0.244505 -0.462382 -0.034325
v -0.315220 -0.400538 0.113320
v -0.253395 -0.406502 0.279915
v -0.245035 -0.358338 0.344095
v -0.328970 -0.311252 -0.154780
v -0.352005 -0.244492 -0.137840
v -0.287565 -0.262213 0.363030
v -0.277985 -0.208688 0.397120
v -0.222750 0.434042 0.359250
v -0.172620 0.438412 0.389045
v -0.280220 -0.355272 -0.230625
v -0.288775 -0.376608 -0.169655
v -0.296340 -0.392607 -0.103605
v -0.315175 -0.381258 0.187635
v -0.114755 0.249612 0.414275
v -0.118385 0.202553 0.433295
v -0.353995 -0.330902 0.101070
v -0.377015 -0.258778 0.091145
v -0.372135 -0.265217 0.031115
v -0.309135 -0.350137 0.256440
v -0.298630 -0.309517 0.315555
v -0.081450 -0.273902 0.474080
v -0.339345 -0.011787 0.337380
v -0.361800 -0.013018 0.287135
v -0.336995 -0.258288 0.288200
v -0.344875 -0.163243 -0.163955
v -0.168565 -0.104383 -0.509295
v -0.117410 0.439677 0.401970
v -0.169485 0.390508 0.385120
v -0.114750 0.392243 0.396410
v -0.168370 0.342788 0.386265
v -0.123400 0.152158 0.453295
v -0.180640 0.151023 0.430055
v -0.188440 0.096893 0.445830
v -0.128510 0.095552 0.469345
v -0.134350 0.033157 0.482345
v -0.196150 0.036783 0.457720
v -0.203570 -0.028378 0.464205
v -0.140435 -0.034763 0.490485
v -0.312030 -0.133163 0.378995
v -0.271175 -0.149063 0.417725
v -0.227150 0.011618 -0.423730
v -0.229320 0.008227 -0.426885
v -0.219520 0.001397 -0.437620
v -0.217320 0.004557 -0.435050
v -0.067745 0.031652 0.496255
v -0.263305 0.287557 0.331760
v -0.219370 0.292543 0.368125
v -0.218640 0.339637 0.361995
v -0.261165 0.334088 0.323385
v -0.260455 0.381922 0.316670
v -0.218985 0.386878 0.357980
v -0.263450 0.429717 0.313745
v -0.267610 0.195792 0.348520
v -0.264215 0.241442 0.339365
v -0.288245 0.101262 0.373445
v -0.242485 0.099372 0.413885
v -0.232840 0.150967 0.399745
v -0.276680 0.150542 0.360565
v -0.328355 0.135447 0.271720
v -0.309025 0.144283 0.316175
v -0.299270 0.189192 0.305015
v -0.318380 0.179517 0.261210
v -0.218070 -0.166997 0.453585
v -0.310315 0.368147 0.213520
v -0.293100 0.375773 0.267925
v -0.293900 0.426043 0.261455
v -0.307320 0.421247 0.203290
v -0.363855 -0.201033 0.265585
v -0.385595 -0.078743 0.171640
v -0.386120 -0.154387 0.192395
v -0.375445 -0.017338 0.186630
v -0.370680 -0.007578 0.142985
v -0.155609 0.571434 -0.215309
v -0.218435 0.008627 -0.448655
v -0.310775 0.414962 0.146640
v -0.306255 0.469642 0.131575
v -0.377480 -0.139973 0.249155
v -0.368485 -0.191913 -0.071760
v -0.358405 -0.179902 -0.119315
v -0.078475 -0.193322 0.498555
v -0.152880 -0.182807 0.482060
v -0.082708 0.609453 -0.234002
v -0.060148 0.613155 -0.238998
v -0.301515 0.355858 0.057560
v -0.310775 0.354093 0.107190
v -0.268885 0.028148 -0.396040
v -0.374280 0.040627 -0.006400
v -0.381300 0.014912 0.000285
v -0.383360 0.016698 0.005790
v -0.376510 0.040097 0.000695
v -0.296785 0.475612 0.254460
v -0.270365 0.475882 0.314175
v -0.199085 -0.037467 -0.485570
v -0.168375 0.295417 0.391070
v -0.210770 -0.097038 0.463645
v -0.265685 -0.085313 0.428095
v -0.309820 -0.075293 0.386090
v -0.014620 0.139102 -0.589440
v -0.294970 0.325688 0.275750
v -0.297270 0.280042 0.286290
v -0.380890 -0.076203 0.237990
v -0.075010 -0.113788 0.507125
v -0.372775 -0.086247 0.024445
v -0.369505 -0.086268 -0.011515
v -0.367355 -0.132012 -0.059475
v -0.357925 -0.119902 -0.101140
v -0.347215 -0.102748 -0.141740
v -0.255515 -0.002773 -0.430980
v -0.356705 0.140197 0.129820
v -0.362805 0.106322 0.144140
v -0.351165 0.111268 0.163145
v -0.343460 0.148762 0.153185
v -0.128740 -0.101687 -0.526360
v -0.140605 -0.074418 -0.529940
v -0.108936 0.603645 -0.261546
v -0.258195 0.059822 -0.397965
v -0.085035 -0.090023 -0.538360
v -0.105865 -0.065287 -0.539780
v -0.077450 -0.050613 -0.541420
v -0.055965 -0.066658 -0.543105
v -0.057895 -0.035847 -0.536430
v -0.041415 -0.045843 -0.539580
v -0.186905 0.100448 -0.445970
v -0.171000 0.099753 -0.451990
v -0.173990 0.042908 -0.461395
v -0.187460 0.041692 -0.460470
v -0.186750 0.045142 -0.459840
v -0.173480 0.045897 -0.461005
v -0.068680 0.064597 -0.479185
v -0.058895 0.052828 -0.482225
v -0.122730 0.099642 -0.466410
v -0.107870 0.093172 -0.469385
v -0.262635 0.014322 -0.413985
v -0.034500 0.019457 -0.513100
v -0.026820 0.022852 -0.525135
v -0.051720 -0.007778 -0.513705
v -0.130559 0.589595 -0.222319
v -0.106632 0.602197 -0.228364
v -0.051065 0.040082 -0.485140
v -0.076780 0.187383 -0.542830
v -0.072595 0.179092 -0.533390
v -0.390370 0.014262 0.053120
v -0.375830 0.015852 0.046905
v -0.379475 0.007502 0.034800
v -0.392545 -0.000333 0.047400
v -0.297765 0.234522 0.296085
v -0.075970 0.165768 -0.526935
v -0.071115 0.199417 -0.567565
v -0.081530 0.204542 -0.558330
v -0.091545 0.207382 -0.526280
v -0.086160 0.196083 -0.534320
v -0.082735 0.189102 -0.525220
v -0.090180 0.202308 -0.517385
v -0.085270 0.177177 -0.516570
v -0.095415 0.195438 -0.504360
v -0.093155 0.216572 -0.513240
v -0.093635 0.218787 -0.520470
v -0.095280 0.216542 -0.501425
v -0.093855 0.230402 -0.501765
v -0.092505 0.227087 -0.511635
v -0.093325 0.226117 -0.517115
v -0.088775 0.211697 -0.548175
v -0.088285 0.203497 -0.542000
v -0.079990 0.195512 -0.551370
v -0.092265 0.213193 -0.532685
v -0.068335 0.190402 -0.559610
v -0.059120 0.196322 -0.576030
v -0.049315 0.192292 -0.586680
v -0.056125 0.186498 -0.567790
v -0.047130 0.180812 -0.578730
v -0.041740 0.187358 -0.598900
v -0.039165 0.175073 -0.590145
v -0.014880 0.154282 -0.597125
v -0.092210 0.219833 -0.537815
v -0.092975 0.227643 -0.528305
v -0.091265 0.234503 -0.532735
v -0.093545 0.222663 -0.524675
v -0.092680 0.229833 -0.518715
v -0.091410 0.234417 -0.521100
v -0.088340 0.240892 -0.525215
v -0.087670 0.240877 -0.537270
v -0.083180 0.244457 -0.540485
v -0.083635 0.245817 -0.529825
v -0.078805 0.245878 -0.542325
v -0.022235 0.219153 -0.552565
v -0.026845 0.216947 -0.546205
v -0.059715 0.261073 -0.527515
v -0.061710 0.265858 -0.524400
v -0.072115 0.273417 -0.518760
v -0.064420 0.276067 -0.523580
v -0.077650 0.286598 -0.519805
v -0.068370 0.287262 -0.524985
v -0.072110 0.298592 -0.527270
v -0.082275 0.299497 -0.522295
v -0.093510 0.301232 -0.516565
v -0.088410 0.286002 -0.513910
v -0.078645 0.251033 -0.521890
v -0.084345 0.246162 -0.518060
v -0.082650 0.252593 -0.512175
v -0.075625 0.257338 -0.516700
v -0.090845 0.233827 -0.512565
v -0.088570 0.239698 -0.514640
v -0.091370 0.239617 -0.504010
v -0.088105 0.246583 -0.507275
v -0.118595 0.251102 -0.483440
v -0.126015 0.236607 -0.481470
v -0.109335 0.273972 -0.496650
v -0.113715 0.263202 -0.489400
v -0.107155 0.030667 -0.432605
v -0.122995 0.031447 -0.440670
v -0.122215 0.031422 -0.443225
v -0.106760 0.031573 -0.434500
v -0.114890 0.207527 -0.491085
v -0.080130 0.270377 -0.513825
v -0.089195 0.265908 -0.507920
v -0.096060 0.258818 -0.501610
v -0.100625 0.250272 -0.496145
v -0.109140 0.224717 -0.489950
v -0.104530 0.239223 -0.491725
v -0.206260 0.031927 -0.444065
v -0.211825 0.029182 -0.439170
v -0.212195 0.028957 -0.441505
v -0.206355 0.031667 -0.446485
v -0.215500 0.529887 -0.170955
v -0.190104 0.548078 -0.171596
v -0.161487 0.569889 -0.179562
v -0.364340 0.089718 0.047000
v -0.366200 0.094897 0.043215
v -0.362500 0.091757 0.035020
v -0.360360 0.089402 0.038905
v -0.404455 0.015233 0.060485
v -0.404210 0.027667 0.061325
v -0.391660 0.027213 0.057205
v -0.352560 0.143808 0.023975
v -0.342630 0.142732 0.021330
v -0.340430 0.136322 0.027345
v -0.350535 0.135933 0.031490
v -0.416490 0.025023 0.079100
v -0.418865 0.036398 0.083650
v -0.418770 0.039762 0.075720
v -0.417255 0.030503 0.074150
v -0.334825 0.186527 0.139790
v -0.343260 0.175837 0.117860
v -0.341960 0.089967 0.280300
v -0.337715 0.126097 0.230190
v -0.350775 0.082303 0.236470
v -0.328920 0.169277 0.220635
v -0.381065 0.197307 -0.005110
v -0.384260 0.193657 0.004530
v -0.384195 0.205128 0.007090
v -0.382080 0.207477 -0.002845
v -0.383165 0.116562 0.120410
v -0.374610 0.118203 0.125670
v -0.367335 0.136142 0.119030
v -0.376650 0.133502 0.111920
v -0.362010 0.152467 0.108635
v -0.369760 0.149583 0.101225
v -0.318240 0.224447 0.250885
v -0.336035 0.158942 0.184025
v -0.343565 0.117828 0.193135
v -0.353305 0.040423 0.285170
v -0.363315 0.035132 0.238600
v -0.374065 -0.017068 0.237755
v -0.369335 0.029567 0.039055
v -0.367880 0.022348 0.026725
v -0.384495 0.183747 0.002820
v -0.386825 0.176377 0.013885
v -0.385050 0.186368 0.017695
v -0.407665 0.071253 0.070180
v -0.407070 0.086293 0.068800
v -0.399425 0.086163 0.070640
v -0.399395 0.071343 0.072480
v -0.378780 0.063152 0.070155
v -0.386440 0.059037 0.071670
v -0.384895 0.199057 0.021440
v -0.380290 0.025902 0.052145
v -0.379510 0.035647 0.047950
v -0.355845 0.088367 0.042165
v -0.359515 0.086697 0.049605
v -0.381190 0.188982 -0.004070
v -0.428815 0.012378 0.134055
v -0.425555 -0.016018 0.120140
v -0.407600 -0.009328 0.118840
v -0.411745 0.016177 0.132525
v -0.349115 0.087287 0.046425
v -0.352695 0.085722 0.053935
v -0.366690 0.135958 -0.021075
v -0.365180 0.133997 -0.009845
v -0.361430 0.147858 -0.005445
v -0.363670 0.156847 -0.013020
v -0.364105 0.115817 -0.021540
v -0.364275 0.118732 -0.011150
v -0.350025 0.058007 0.021330
v -0.349795 0.074527 0.022780
v -0.358190 0.074182 0.019595
v -0.358335 0.057492 0.015375
v -0.344555 0.061157 0.029060
v -0.342555 0.074452 0.028945
v -0.376920 0.137272 0.034930
v -0.367930 0.131543 0.036125
v -0.372760 0.120717 0.042455
v -0.379790 0.127382 0.043695
v -0.390995 0.041572 0.058195
v -0.412760 0.119662 0.065335
v -0.413445 0.123262 0.072480
v -0.407130 0.138507 0.064840
v -0.406765 0.133708 0.058450
v -0.352915 0.085142 0.032400
v -0.359240 0.085697 0.029345
v -0.366570 0.186483 0.069925
v -0.376145 0.194442 0.075325
v -0.384595 0.176628 0.092570
v -0.374730 0.168542 0.085855
v -0.345120 0.084037 0.036445
v -0.376370 0.111923 0.048235
v -0.383425 0.117698 0.051130
v -0.377945 0.104212 0.055865
v -0.371015 0.099158 0.050700
v -0.368890 0.091757 0.058330
v -0.378250 0.096272 0.064905
v -0.403515 0.143777 0.075085
v -0.409030 0.126733 0.083250
v -0.417090 0.104488 0.070950
v -0.418150 0.106807 0.078620
v -0.363215 0.073947 -0.024640
v -0.362640 0.097132 -0.016050
v -0.358605 0.104768 -0.034710
v -0.413670 0.109032 0.089615
v -0.364640 0.086707 0.057900
v -0.362060 0.081217 0.067515
v -0.370795 0.083593 0.068225
v -0.383740 0.176647 0.000085
v -0.388430 0.168498 0.010170
v -0.380145 0.170118 -0.000765
v -0.386805 0.160562 0.008115
v -0.373135 0.181047 -0.008035
v -0.372485 0.192012 -0.014180
v -0.363190 0.186977 -0.021920
v -0.366405 0.172123 -0.009255
v -0.374985 0.152593 0.011650
v -0.376430 0.145987 0.023245
v -0.383545 0.148807 0.021280
v -0.381445 0.155212 0.008785
v -0.384190 0.141572 0.033900
v -0.388270 0.153797 0.021560
v -0.405020 0.100343 0.065170
v -0.397425 0.099207 0.065895
v -0.388230 0.098377 0.066920
v -0.414380 0.087137 0.070085
v -0.415085 0.071312 0.072030
v -0.419940 0.071113 0.077350
v -0.419455 0.088183 0.075200
v -0.336940 0.226318 0.039360
v -0.336410 0.248367 0.012500
v -0.355095 0.246298 0.016545
v -0.351670 0.228267 0.036730
v -0.441445 0.015022 0.123035
v -0.441825 -0.012212 0.110825
v -0.378675 0.186058 -0.006560
v -0.395010 0.116813 0.118785
v -0.389365 0.134717 0.110230
v -0.400615 0.140007 0.117225
v -0.406590 0.120223 0.125280
v -0.393005 0.158492 0.106265
v -0.404935 0.162953 0.108595
v -0.412995 0.143548 0.119555
v -0.419450 0.122808 0.127650
v -0.358055 0.205932 0.053075
v -0.368565 0.212798 0.057090
v -0.419715 0.054427 0.077235
v -0.414915 0.055127 0.071060
v -0.423590 0.098547 0.133395
v -0.433095 0.097957 0.126755
v -0.433970 0.071167 0.129110
v -0.426210 0.071312 0.137095
v -0.406395 0.055497 0.068445
v -0.420695 0.089107 0.083025
v -0.357280 0.166917 -0.030620
v -0.388095 0.167457 0.027070
v -0.385880 0.176668 0.032040
v -0.373650 0.165117 0.001130
v -0.386545 0.188717 0.037865
v -0.378075 0.195987 -0.009560
v -0.367025 0.161113 0.003005
v -0.404665 0.040773 0.063750
v -0.396185 0.055673 0.069880
v -0.437630 0.020173 0.111700
v -0.439120 -0.002843 0.099865
v -0.432440 0.095803 0.115415
v -0.432115 0.071732 0.119315
v -0.413380 0.072218 0.135040
v -0.410730 0.097547 0.130715
v -0.433105 0.045462 0.117865
v -0.436035 0.043283 0.127775
v -0.420540 -0.007697 0.080045
v -0.412670 0.004103 0.077515
v -0.404610 -0.001848 0.061865
v -0.410830 -0.012172 0.061365
v -0.382425 -0.013003 0.011330
v -0.375480 0.013157 -0.005295
v -0.368525 0.006862 -0.012330
v -0.374250 -0.012187 0.008245
v -0.382565 0.151697 0.099160
v -0.357455 0.135292 -0.036475
v -0.389555 0.160353 0.023410
v -0.391850 0.151423 0.036355
v -0.395330 -0.033318 0.037160
v -0.405815 -0.041108 0.067265
v -0.420550 -0.036678 0.062285
v -0.406220 -0.026492 0.034610
v -0.391280 0.201417 0.042595
v -0.423350 0.047907 0.108885
v -0.397695 0.141057 0.046530
v -0.389450 0.146188 0.034420
v -0.393375 0.135972 0.044125
v -0.398005 0.125058 0.052325
v -0.403455 0.129212 0.054570
v -0.416605 0.090362 0.094070
v -0.422965 0.093023 0.105710
v -0.421130 0.113617 0.100100
v -0.390365 -0.011408 0.013510
v -0.383660 -0.029008 0.040235
v -0.361155 0.105028 -0.007640
v -0.361020 0.156648 0.005355
v -0.365920 0.086457 -0.005535
v -0.359740 0.096232 0.005355
v -0.366810 0.150958 0.014965
v -0.368475 0.143877 0.025310
v -0.376805 0.228472 0.039235
v -0.378665 0.215873 0.058230
v -0.365750 0.230612 0.039940
v -0.386305 0.199552 0.077600
v -0.381160 0.226777 0.019645
v -0.382830 0.223727 0.036260
v -0.376680 0.233037 0.020560
v -0.399315 0.096382 0.124145
v -0.401995 0.073327 0.128145
v -0.377665 0.220687 -0.010765
v -0.373050 0.224248 -0.018075
v -0.369145 0.205337 -0.022835
v -0.375465 0.206082 -0.015295
v -0.364255 0.041288 0.021325
v -0.362890 0.046548 0.034165
v -0.400600 -0.008467 0.041780
v -0.409090 -0.016357 0.035140
v -0.423180 -0.022433 0.057455
v -0.367155 -0.013188 0.074145
v -0.378215 -0.010788 0.071830
v -0.380730 0.224918 0.006210
v -0.377925 0.229862 0.003165
v -0.379525 0.207523 -0.009060
v -0.380670 0.218087 -0.003935
v -0.383220 0.221623 0.016980
v -0.385895 0.218353 0.031335
v -0.382100 0.221657 0.007870
v -0.364840 0.242612 0.017845
v -0.368760 0.240372 -0.004605
v -0.422710 0.071042 0.109335
v -0.421250 0.070872 0.085285
v -0.429655 0.118437 0.110070
v -0.359290 0.058677 -0.045780
v -0.357135 0.092843 -0.058145
v -0.414125 0.161693 0.102750
v -0.404905 0.180963 0.089500
v -0.395710 0.182042 0.094665
v -0.394660 0.199577 0.073385
v -0.376835 0.076377 0.139370
v -0.377995 0.055217 0.136375
v -0.372280 0.037388 0.136730
v -0.369325 0.073467 0.147065
v -0.386165 -0.021843 0.073525
v -0.380625 -0.024083 0.054260
v -0.392400 -0.032538 0.071340
v -0.352670 0.133232 -0.061325
v -0.349485 0.180233 -0.057630
v -0.380070 0.049767 0.060335
v -0.417435 0.050793 0.096955
v -0.420485 0.052677 0.085450
v -0.434230 -0.031698 0.091210
v -0.417150 -0.035052 0.097055
v -0.433850 -0.017537 0.081115
v -0.391950 -0.012888 0.094670
v -0.400160 -0.025803 0.098080
v -0.389370 0.028347 0.123265
v -0.402270 0.047628 0.130465
v -0.400325 0.022737 0.125495
v -0.414450 0.029677 0.068365
v -0.413165 0.018792 0.070185
v -0.417485 0.070797 0.096570
v -0.386955 0.213968 0.054605
v -0.391095 0.208697 0.048840
v -0.382475 -0.001283 0.092530
v -0.387155 0.131868 0.043765
v -0.390985 0.121688 0.051935
v -0.387845 0.097103 0.125910
v -0.360620 0.051848 0.053410
v -0.351580 0.055442 0.049675
v -0.348075 0.057257 0.041250
v -0.353775 0.053067 0.039380
v -0.353800 0.076252 0.197275
v -0.364685 0.032037 0.195230
v -0.212845 0.011978 -0.440490
v -0.224335 0.017437 -0.425915
v -0.224060 0.017297 -0.424020
v -0.212770 0.011578 -0.438715
v -0.385995 0.009832 0.108995
v -0.396790 0.001273 0.112385
v -0.353095 0.183523 0.074500
v -0.344165 0.203277 0.058750
v -0.327320 0.271217 -0.009190
v -0.341750 0.259312 -0.050185
v -0.348480 0.245193 -0.026090
v -0.340540 0.078837 0.041945
v -0.340065 0.072312 0.036655
v -0.340765 0.069907 0.042495
v -0.340655 0.074148 0.044790
v -0.342475 0.064107 0.035595
v -0.350600 0.060033 0.056055
v -0.346315 0.061693 0.050565
v -0.347585 0.058402 0.047570
v -0.342880 0.080807 0.050190
v -0.379970 0.031357 0.125515
v -0.347030 0.077952 0.058025
v -0.362190 0.118417 0.039110
v -0.359260 0.133708 0.033405
v -0.356180 0.121682 0.037430
v -0.342350 0.064448 0.040745
v -0.342105 0.073907 0.049590
v -0.344675 0.072758 0.054140
v -0.345145 0.060117 0.042865
v -0.358195 0.059983 0.061060
v -0.355895 0.069827 0.064485
v -0.349210 0.068492 0.058650
v -0.372580 0.066803 0.067680
v -0.367015 0.063587 0.064790
v -0.371630 0.056493 0.061930
v -0.333480 0.121737 0.021960
v -0.336495 0.116782 0.028460
v -0.338425 0.126842 0.030545
v -0.333810 0.127842 0.023880
v -0.358755 0.149518 0.016405
v -0.360330 0.143502 0.025175
v -0.351690 0.148072 0.016230
v -0.344320 0.145472 0.014835
v -0.345505 0.111822 0.034050
v -0.336040 0.110232 0.019985
v -0.343260 0.104262 0.023475
v -0.355545 0.143647 -0.001340
v -0.354395 0.152202 0.006710
v -0.356685 0.101112 0.024640
v -0.358170 0.107712 0.036545
v -0.352535 0.109968 0.035380
v -0.350950 0.102552 0.023970
v -0.348850 0.148032 0.007300
v -0.343600 0.143642 0.008110
v -0.349635 0.140582 0.001395
v -0.343770 0.137997 0.003695
v -0.333705 0.117943 0.016960
v -0.350345 0.131652 0.000130
v -0.343370 0.131083 0.002230
v -0.352185 0.101632 0.007535
v -0.349430 0.122417 0.000395
v -0.342000 0.123907 0.002575
v -0.366910 0.112407 0.041795
v -0.370075 0.105888 0.045190
v -0.335870 0.125253 0.004355
v -0.337620 0.130942 0.003855
v -0.348035 0.124667 0.035785
v -0.337275 0.111647 0.010665
v -0.343515 0.105157 0.009365
v -0.358295 0.132577 -0.003530
v -0.358295 0.120537 -0.003930
v -0.336125 0.139387 0.018725
v -0.334630 0.134417 0.022630
v -0.338050 0.141047 0.013730
v -0.334020 0.137208 0.013000
v -0.332990 0.136088 0.016510
v -0.332080 0.132717 0.018920
v -0.346400 0.113173 0.002590
v -0.339650 0.116972 0.004900
v -0.354965 0.109438 -0.001030
v -0.338855 0.139508 0.009025
v -0.334560 0.117278 0.010910
v -0.334505 0.120342 0.007120
v -0.338870 0.135943 0.005375
v -0.331540 0.127267 0.007250
v -0.333165 0.131813 0.006055
v -0.335470 0.134972 0.006655
v -0.334890 0.136402 0.009430
v -0.332425 0.121822 0.011260
v -0.331450 0.124007 0.009190
v -0.332470 0.122417 0.015015
v -0.331195 0.125368 0.013075
v -0.331500 0.133178 0.009740
v -0.331280 0.133902 0.012835
v -0.330190 0.128942 0.011140
v -0.330370 0.130193 0.014010
v -0.332320 0.124782 0.018105
v -0.331215 0.127147 0.015695
v -0.331235 0.128877 0.017135
v -0.330755 0.131537 0.016170
v -0.331310 0.134028 0.015130
v -0.361840 0.165992 0.088920
v -0.219025 0.024393 -0.429690
v -0.221630 0.022337 -0.425285
v -0.222150 0.022298 -0.426915
v -0.219560 0.024282 -0.431515
v -0.365735 0.033457 0.159680
v -0.359060 0.073357 0.166025
v -0.346295 0.186267 0.085835
v -0.336720 0.205922 0.074220
v -0.333740 0.205553 0.096485
v -0.324635 0.236762 0.076475
v -0.328400 0.230142 0.056865
v -0.297945 0.045112 0.382770
v -0.322400 0.097142 0.327060
v -0.332665 0.044838 0.334075
v -0.305065 -0.014542 0.386920
v -0.259390 -0.020447 0.429930
v -0.251510 0.041857 0.424535
v -0.146590 -0.107238 0.491420
v -0.071470 -0.038503 0.505030
v -0.126630 0.382348 -0.482280
v -0.128690 0.384743 -0.480500
v -0.127305 0.384032 -0.480650
v -0.124830 0.382382 -0.481920
v -0.122060 0.380142 -0.486495
v -0.119710 0.380567 -0.485225
v -0.292820 0.014002 -0.359070
v -0.116225 0.378847 -0.492655
v -0.113580 0.380042 -0.490840
v -0.315925 0.358887 0.159475
v -0.309515 0.309228 0.065000
v -0.320360 0.254542 0.058965
v -0.322205 0.251728 0.038655
v -0.428345 0.042163 0.137950
v -0.209045 0.039847 -0.451680
v -0.199085 0.042952 -0.456680
v -0.199255 0.039377 -0.457555
v -0.208865 0.036283 -0.452885
v -0.321265 0.358372 -0.032345
v -0.303150 0.356947 0.010585
v -0.295780 0.402588 -0.000420
v -0.324120 0.313612 -0.021375
v -0.308180 0.313812 0.020145
v -0.354315 0.074257 -0.090210
v -0.348100 -0.046073 -0.120355
v -0.364865 -0.044653 -0.005470
v -0.350455 0.005512 -0.097550
v -0.327090 0.222692 0.119910
v -0.320720 0.256757 0.094255
v -0.355675 0.037673 -0.070015
v -0.315970 0.274348 0.061750
v -0.374730 0.018597 0.017515
v -0.387865 0.002717 0.025355
v -0.386435 0.211167 0.025715
v -0.360965 -0.033032 -0.034520
v -0.366665 -0.020062 0.002350
v -0.363705 -0.005457 -0.020930
v -0.369220 0.003402 0.120475
v -0.374450 0.011212 0.110645
v -0.370010 -0.002602 0.094265
v -0.216375 0.026748 -0.436385
v -0.215785 0.026847 -0.434290
v -0.363895 -0.078757 -0.047310
v -0.356335 -0.065333 -0.083530
v -0.283365 0.449423 -0.016330
v -0.382395 0.216528 0.002245
v -0.383895 0.215297 0.011680
v -0.293800 0.516517 0.055235
v -0.277835 0.506613 0.006870
v -0.283199 0.567829 0.029710
v -0.261371 0.551554 -0.020753
v -0.245651 0.533841 -0.059723
v -0.218510 0.561694 -0.088019
v -0.206208 0.544456 -0.128176
v -0.238370 0.519258 -0.097483
v -0.272274 0.599121 -0.002206
v -0.254785 0.615967 -0.035537
v -0.221054 0.602287 -0.075634
v -0.245447 0.578597 -0.048187
v -0.230063 0.630167 -0.065726
v -0.192478 0.627637 -0.099570
v -0.386085 0.108463 0.059255
v -0.293570 0.580642 0.089465
v -0.315270 0.275792 0.027680
v -0.354605 0.168982 0.097805
v -0.037197 0.619920 -0.218056
v -0.018038 0.621970 -0.221605
v -0.080849 0.612220 -0.204079
v -0.057192 0.617038 -0.211679
v -0.059882 0.639111 -0.202883
v -0.083866 0.631822 -0.186781
v -0.134628 0.589668 -0.188211
v -0.107693 0.603944 -0.196215
v -0.243156 0.511323 -0.129880
v -0.220862 0.528502 -0.142664
v -0.266495 0.495002 -0.035170
v -0.264765 0.485888 -0.076690
v -0.190132 0.589433 -0.113079
v -0.161256 0.619514 -0.131137
v -0.174122 0.573827 -0.144973
v -0.145730 0.599312 -0.158991
v -0.114496 0.620172 -0.171550
v -0.305740 0.474527 0.191445
v -0.300400 0.524678 0.113070
v -0.307645 0.530102 0.176900
v -0.122335 0.483893 0.411915
v -0.125630 0.385758 -0.482890
v -0.120170 0.385423 -0.486750
v -0.118385 0.383472 -0.486110
v -0.124195 0.384107 -0.482865
v -0.059145 0.488532 0.410460
v -0.129120 0.527282 0.425120
v -0.060535 0.534973 0.425385
v -0.414710 0.040737 0.068575
v -0.225890 0.018153 -0.416520
v -0.224135 0.016583 -0.421400
v -0.224035 0.017142 -0.422185
v -0.226440 0.018283 -0.416815
v -0.231100 0.016257 -0.417150
v -0.231355 0.019717 -0.414780
v -0.238035 0.019692 -0.413335
v -0.236390 0.013238 -0.418900
v -0.413710 0.044143 0.137095
v -0.372240 0.073882 0.069680
v -0.416050 0.133042 0.093270
v -0.343855 0.219097 -0.095120
v -0.346795 0.221277 -0.060405
v -0.233100 0.023597 -0.417120
v -0.235605 0.023648 -0.414805
v -0.018100 -0.032473 -0.535455
v -0.379910 0.098608 0.131255
v -0.217580 0.010588 -0.445230
v -0.194165 0.002713 -0.451535
v -0.212970 0.011252 -0.437515
v -0.213030 0.010343 -0.436555
v -0.194315 0.001928 -0.450950
v -0.201875 0.004767 -0.460130
v -0.197410 0.005813 -0.455080
v -0.179980 -0.000103 -0.464165
v -0.183585 -0.000393 -0.468285
v -0.198865 0.036743 -0.456175
v -0.207855 0.033497 -0.451535
v -0.198275 0.034738 -0.450995
v -0.198440 0.035042 -0.448625
v -0.174095 0.041047 -0.460580
v -0.188115 0.039347 -0.459160
v -0.188495 0.037187 -0.454625
v -0.173380 0.039113 -0.456800
v -0.173050 0.039197 -0.454320
v -0.188695 0.037403 -0.452245
v -0.198415 0.056688 -0.450220
v -0.210175 0.053257 -0.444775
v -0.099825 0.030192 -0.429840
v -0.101890 0.027732 -0.428670
v -0.107560 0.030512 -0.430660
v -0.225655 0.013688 -0.422490
v -0.228320 0.017533 -0.416660
v -0.188240 0.037912 -0.457115
v -0.173785 0.039833 -0.458975
v -0.194895 0.000272 -0.450025
v -0.172295 -0.006303 -0.458520
v -0.171835 -0.003638 -0.460080
v -0.173190 0.041162 -0.449290
v -0.189045 0.039213 -0.447235
v -0.188845 0.038342 -0.449825
v -0.173135 0.040277 -0.451835
v -0.217055 0.036113 -0.445315
v -0.216515 0.033078 -0.446545
v -0.101725 0.019763 -0.437420
v -0.102835 0.021563 -0.436925
v -0.095885 0.024768 -0.435380
v -0.094410 0.023257 -0.435785
v -0.227165 0.029957 -0.432455
v -0.222860 0.032862 -0.438750
v -0.221445 0.030012 -0.440085
v -0.225185 0.027332 -0.433895
v -0.198145 -0.004048 -0.449740
v -0.201900 -0.008337 -0.450620
v -0.176645 -0.017163 -0.454385
v -0.175070 -0.012432 -0.456235
v -0.230150 0.027393 -0.426245
v -0.227355 0.025283 -0.427825
v -0.214975 0.030602 -0.445935
v -0.220170 0.048892 -0.438435
v -0.219710 0.027992 -0.439940
v -0.223085 0.025362 -0.434120
v -0.228115 0.043948 -0.432030
v -0.233515 0.039358 -0.426005
v -0.223685 0.020732 -0.421220
v -0.224180 0.020702 -0.422535
v -0.185020 0.058522 -0.454320
v -0.186150 0.049062 -0.458495
v -0.198675 0.047047 -0.454940
v -0.161935 0.041327 -0.460345
v -0.162315 0.040143 -0.458560
v -0.162515 0.039322 -0.456420
v -0.151775 0.038562 -0.456820
v -0.152440 0.037792 -0.454765
v -0.150915 0.039747 -0.458800
v -0.140255 0.036632 -0.456115
v -0.141580 0.035607 -0.454230
v -0.142705 0.035087 -0.452155
v -0.132875 0.032772 -0.448825
v -0.131625 0.033277 -0.450900
v -0.121660 0.032188 -0.445375
v -0.137755 0.043023 -0.456255
v -0.148515 0.046408 -0.458705
v -0.145875 0.055237 -0.456705
v -0.134950 0.052183 -0.454710
v -0.127795 0.040392 -0.452470
v -0.124620 0.049292 -0.451330
v -0.084060 0.039657 -0.436250
v -0.093200 0.040848 -0.437200
v -0.088810 0.043948 -0.440345
v -0.080660 0.041332 -0.439400
v -0.104655 0.036077 -0.437580
v -0.120765 0.034853 -0.447160
v -0.119695 0.037172 -0.446950
v -0.103640 0.038902 -0.438200
v -0.093975 0.026168 -0.430290
v -0.098355 0.023683 -0.431630
v -0.099645 0.020198 -0.428275
v -0.097670 0.022287 -0.426570
v -0.105465 0.034292 -0.437170
v -0.121290 0.033218 -0.446825
v -0.225190 0.023493 -0.428440
v -0.236435 0.034878 -0.420800
v -0.228885 0.023323 -0.422600
v -0.231315 0.025318 -0.421330
v -0.082920 0.013868 -0.449525
v -0.091100 0.007427 -0.453500
v -0.096090 0.013617 -0.446035
v -0.088915 0.018792 -0.441295
v -0.081630 0.029423 -0.434040
v -0.082975 0.029647 -0.433115
v -0.083050 0.033953 -0.433610
v -0.081605 0.034508 -0.434135
v -0.084610 0.030392 -0.433170
v -0.084625 0.033662 -0.433190
v -0.089110 0.035418 -0.433485
v -0.087730 0.036662 -0.434310
v -0.086090 0.038112 -0.435100
v -0.085600 0.024592 -0.435500
v -0.086850 0.025253 -0.434465
v -0.091235 0.019982 -0.437735
v -0.092810 0.021232 -0.435955
v -0.088465 0.026892 -0.434575
v -0.098000 0.015047 -0.442045
v -0.123750 0.001817 -0.458750
v -0.113595 0.004247 -0.454155
v -0.111400 0.000172 -0.463640
v -0.122785 -0.001503 -0.467770
v -0.146240 -0.000257 -0.466470
v -0.134515 0.000628 -0.463105
v -0.135395 -0.002418 -0.470480
v -0.149345 -0.003018 -0.471645
v -0.165360 -0.002608 -0.471445
v -0.161185 -0.000858 -0.468100
v -0.234085 0.027422 -0.419690
v -0.237175 0.029942 -0.416895
v -0.226670 0.016912 -0.429115
v -0.229255 0.019332 -0.419950
v -0.227985 0.019103 -0.419050
v -0.225250 0.017433 -0.427750
v -0.225635 0.019242 -0.418620
v -0.225240 0.019172 -0.417500
v -0.227470 0.018952 -0.417845
v -0.231115 0.022632 -0.418170
v -0.229220 0.021322 -0.418770
v -0.227290 0.018603 -0.417310
v -0.226625 0.019562 -0.419055
v -0.092505 0.028688 -0.428310
v -0.091500 0.028318 -0.429530
v -0.097245 0.024387 -0.426015
v -0.227845 0.020317 -0.418905
v -0.083365 0.023623 -0.438300
v -0.076750 0.020187 -0.445315
v -0.216285 0.012062 -0.443975
v -0.226895 0.021762 -0.423430
v -0.196740 0.005493 -0.454610
v -0.213940 0.012428 -0.442475
v -0.195745 0.004967 -0.454365
v -0.178285 -0.000858 -0.462935
v -0.158905 -0.000377 -0.466225
v -0.145680 0.001568 -0.463730
v -0.134500 0.003077 -0.459930
v -0.124400 0.004457 -0.455125
v -0.114875 0.006533 -0.450100
v -0.100025 0.016847 -0.438615
v -0.073685 0.026762 -0.441980
v -0.079875 0.029092 -0.436195
v -0.079755 0.035152 -0.435160
v -0.075405 0.034707 -0.440040
v -0.232875 0.030057 -0.424060
v -0.094590 0.039222 -0.436015
v -0.224645 0.036097 -0.436990
v -0.229535 0.032923 -0.430535
v -0.128655 0.037813 -0.452775
v -0.138660 0.040212 -0.456630
v -0.217940 0.039948 -0.443500
v -0.149485 0.043473 -0.459160
v -0.160740 0.045403 -0.460625
v -0.209235 0.043693 -0.449790
v -0.100875 0.002502 -0.458325
v -0.104515 0.009047 -0.450505
v -0.225845 0.019438 -0.416060
v -0.226390 0.017833 -0.416355
v -0.173995 -0.009773 -0.456935
v -0.153020 -0.013072 -0.453880
v -0.153375 -0.010012 -0.455085
v -0.224615 0.015392 -0.421680
v -0.215290 0.006343 -0.435135
v -0.196300 -0.002087 -0.449370
v -0.172775 -0.002503 -0.461210
v -0.154460 -0.001363 -0.460365
v -0.153980 -0.002753 -0.458590
v -0.217800 0.026867 -0.438415
v -0.220950 0.024598 -0.433040
v -0.142485 0.001497 -0.455945
v -0.142020 0.000072 -0.454080
v -0.221930 0.022463 -0.423130
v -0.223900 0.020977 -0.419475
v -0.189270 0.039057 -0.444870
v -0.198980 0.036477 -0.441050
v -0.198980 0.036733 -0.443595
v -0.132290 0.005347 -0.451305
v -0.132015 0.003802 -0.449225
v -0.153170 -0.017508 -0.451655
v -0.117030 0.015382 -0.441865
v -0.124160 0.010357 -0.446450
v -0.123820 0.008622 -0.444060
v -0.116765 0.013652 -0.439080
v -0.102720 0.019493 -0.420675
v -0.105095 0.017623 -0.415515
v -0.105305 0.020428 -0.418125
v -0.102445 0.022488 -0.422275
v -0.103770 0.022092 -0.435575
v -0.110095 0.019078 -0.437965
v -0.110170 0.018027 -0.435325
v -0.104230 0.021107 -0.433250
v -0.141165 -0.002847 -0.452085
v -0.153640 -0.005677 -0.456850
v -0.097160 0.024893 -0.433940
v -0.091905 0.027933 -0.432880
v -0.090365 0.028383 -0.434360
v -0.089165 0.029913 -0.431305
v -0.086855 0.031058 -0.432965
v -0.089305 0.031247 -0.430675
v -0.094935 0.029752 -0.428435
v -0.092375 0.032077 -0.430690
v -0.098405 0.032012 -0.431510
v -0.097535 0.033497 -0.432870
v -0.090540 0.033932 -0.432325
v -0.106110 0.032992 -0.436135
v -0.096855 0.034918 -0.434110
v -0.161450 0.042922 -0.461025
v -0.150165 0.041257 -0.459625
v -0.139310 0.038083 -0.457000
v -0.130315 0.034223 -0.452410
v -0.129325 0.035743 -0.453035
v -0.095850 0.036972 -0.435070
v -0.101760 0.014833 -0.421015
v -0.103045 0.012087 -0.423805
v -0.103645 0.010172 -0.420805
v -0.103910 0.013223 -0.417790
v -0.133720 0.005767 -0.454980
v -0.125220 0.009962 -0.450405
v -0.125100 0.008038 -0.452715
v -0.134465 0.005302 -0.456925
v -0.117125 0.013707 -0.446170
v -0.116335 0.010473 -0.447790
v -0.157380 -0.000322 -0.464820
v -0.144900 0.002338 -0.461330
v -0.143920 0.002468 -0.459820
v -0.174990 -0.001622 -0.462590
v -0.155955 -0.000473 -0.463335
v -0.175415 -0.001643 -0.462345
v -0.194305 0.003747 -0.452720
v -0.213725 0.008522 -0.435875
v -0.221675 0.025433 -0.422855
v -0.224875 0.023263 -0.417795
v -0.223205 0.022808 -0.420245
v -0.122840 0.032883 -0.438475
v -0.219195 0.027987 -0.425035
v -0.222760 0.025377 -0.420445
v -0.217960 0.028203 -0.427390
v -0.207745 0.033183 -0.433965
v -0.214060 0.030438 -0.429430
v -0.213005 0.030773 -0.431400
v -0.207170 0.033488 -0.436305
v -0.199850 0.035912 -0.438765
v -0.110155 0.030192 -0.424740
v -0.112100 0.029992 -0.420450
v -0.122355 0.034482 -0.431700
v -0.122290 0.034642 -0.434485
v -0.198685 0.035852 -0.446350
v -0.198380 0.035253 -0.453635
v -0.206800 0.032102 -0.448950
v -0.133420 0.033143 -0.446095
v -0.132845 0.034682 -0.443755
v -0.228010 0.021663 -0.414945
v -0.232055 0.021582 -0.412625
v -0.131095 0.000557 -0.447180
v -0.122755 0.004967 -0.441940
v -0.211935 0.029773 -0.436770
v -0.161900 0.040448 -0.451625
v -0.162490 0.039278 -0.453970
v -0.152715 0.037838 -0.452420
v -0.152275 0.039192 -0.450115
v -0.143155 0.035458 -0.449595
v -0.142660 0.036877 -0.447310
v -0.228025 0.019847 -0.415245
v -0.104350 0.376717 -0.505680
v -0.110385 0.377963 -0.499340
v -0.107960 0.379577 -0.497255
v -0.102215 0.378782 -0.503535
v -0.103365 0.017613 -0.429755
v -0.115595 0.009747 -0.436670
v -0.109065 0.014278 -0.432190
v -0.151975 0.040352 -0.447465
v -0.142160 0.038332 -0.444455
v -0.098485 0.025867 -0.426990
v -0.162080 0.041118 -0.444970
v -0.161760 0.041587 -0.447310
v -0.151990 0.040618 -0.445665
v -0.152155 0.040277 -0.443250
v -0.106695 0.024083 -0.420970
v -0.104105 0.025823 -0.424845
v -0.107910 0.008658 -0.428380
v -0.108075 0.005403 -0.425255
v -0.114350 0.004373 -0.433740
v -0.114315 0.000563 -0.430775
v -0.121660 0.000032 -0.439180
v -0.121785 -0.003508 -0.436125
v -0.108185 0.029997 -0.428355
v -0.102485 0.017182 -0.420180
v -0.105175 0.015267 -0.415285
v -0.132295 0.036153 -0.440960
v -0.122360 0.034242 -0.436190
v -0.132290 0.036473 -0.439575
v -0.223390 0.022597 -0.428030
v -0.086690 0.033013 -0.432285
v -0.109330 0.016428 -0.441125
v -0.117175 0.015243 -0.444310
v -0.109855 0.018452 -0.439930
v -0.124620 0.010602 -0.448585
v -0.132825 0.005893 -0.453240
v -0.143060 0.002232 -0.458015
v -0.155080 -0.000812 -0.461945
v -0.174035 -0.001972 -0.462035
v -0.194190 0.003307 -0.452100
v -0.225270 0.020983 -0.423340
v -0.129905 -0.003788 -0.444615
v -0.129440 -0.007063 -0.441700
v -0.139890 -0.006868 -0.449840
v -0.138785 -0.010192 -0.447630
v -0.213335 0.029407 -0.443915
v -0.225375 0.021467 -0.416755
v -0.173090 0.040683 -0.445060
v -0.173120 0.041282 -0.447370
v -0.108010 0.013012 -0.442605
v -0.105985 0.010498 -0.446275
v -0.212645 0.030118 -0.434395
v -0.048280 -0.022448 -0.528290
v -0.034120 -0.029182 -0.530905
v -0.060240 -0.015473 -0.522600
v -0.071435 -0.010458 -0.512455
v -0.079670 -0.007722 -0.501135
v -0.012665 0.373417 -0.550905
v -0.012040 0.378202 -0.546025
v -0.123245 0.382233 -0.480820
v -0.117540 0.381367 -0.483590
v -0.128600 0.381882 -0.482515
v -0.124575 0.379162 -0.487435
v -0.008360 0.376678 -0.513365
v -0.006950 0.362347 -0.507000
v -0.067265 0.364738 -0.530210
v -0.076300 0.367247 -0.526055
v -0.074830 0.371162 -0.522910
v -0.066060 0.369017 -0.526750
v -0.084415 0.370042 -0.521635
v -0.082720 0.373513 -0.518775
v -0.081120 0.375692 -0.515790
v -0.073240 0.373942 -0.519455
v -0.064665 0.372533 -0.523140
v -0.047245 0.362383 -0.539700
v -0.057540 0.363032 -0.534685
v -0.056435 0.367562 -0.530715
v -0.046110 0.367187 -0.535255
v -0.055265 0.371727 -0.526865
v -0.045100 0.371712 -0.531285
v -0.100480 0.389107 -0.506395
v -0.094045 0.390068 -0.512880
v -0.092155 0.383437 -0.511965
v -0.098680 0.383682 -0.506065
v -0.085775 0.390677 -0.519970
v -0.083705 0.383022 -0.517910
v -0.080860 0.377632 -0.515125
v -0.089570 0.378568 -0.510185
v -0.096690 0.379263 -0.505195
v -0.091610 0.372822 -0.516870
v -0.089790 0.375813 -0.514335
v -0.098130 0.375082 -0.511555
v -0.096195 0.377502 -0.509275
v -0.094830 0.379022 -0.507335
v -0.088325 0.377532 -0.511935
v -0.110705 0.386242 -0.495490
v -0.105970 0.387598 -0.500630
v -0.104215 0.383558 -0.500545
v -0.108950 0.383173 -0.495295
v -0.102405 0.380387 -0.499855
v -0.107090 0.380747 -0.494385
v -0.126170 0.383512 -0.479680
v -0.130325 0.384498 -0.479835
v -0.106310 0.380692 -0.495285
v -0.100760 0.380232 -0.501660
v -0.111525 0.380887 -0.488995
v -0.113355 0.375987 -0.501340
v -0.106925 0.373912 -0.507735
v -0.035430 0.368397 -0.540720
v -0.034335 0.373237 -0.536570
v -0.048480 0.357277 -0.544210
v -0.037875 0.357323 -0.549900
v -0.115075 0.385543 -0.490855
v -0.113210 0.383112 -0.490300
v -0.111405 0.380902 -0.489070
v -0.116815 0.381657 -0.484830
v -0.075330 0.391412 -0.526885
v -0.073195 0.382887 -0.523895
v -0.063245 0.392283 -0.533160
v -0.061050 0.383378 -0.529590
v -0.058065 0.377243 -0.525065
v -0.070240 0.376793 -0.520060
v -0.049670 0.393187 -0.538555
v -0.047740 0.384037 -0.534780
v -0.034360 0.394108 -0.543355
v -0.032975 0.384793 -0.539375
v -0.031065 0.379072 -0.534500
v -0.045045 0.378298 -0.529800
v -0.128415 0.385603 -0.480930
v -0.127105 0.384452 -0.481180
v -0.122945 0.382493 -0.481765
v -0.125940 0.383328 -0.480110
v -0.017145 0.394818 -0.547635
v -0.016485 0.385528 -0.543890
v -0.015590 0.380782 -0.538600
v -0.122035 0.387552 -0.486640
v -0.127190 0.387177 -0.482160
v -0.119285 0.377572 -0.494310
v -0.013275 0.366752 -0.555870
v -0.025795 0.365072 -0.551560
v -0.024885 0.371152 -0.546805
v -0.036630 0.363147 -0.545490
v -0.023760 0.375997 -0.542080
v -0.026745 0.358102 -0.555675
v -0.013825 0.358902 -0.559830
v -0.100315 0.371633 -0.513710
v -0.097380 0.380483 -0.496765
v -0.103925 0.379897 -0.489935
v -0.102465 0.377712 -0.486265
v -0.094425 0.377942 -0.493075
v -0.120360 0.381362 -0.476370
v -0.112925 0.379853 -0.479635
v -0.110200 0.381578 -0.476110
v -0.118650 0.382442 -0.472885
v -0.017630 0.406457 -0.549820
v -0.035250 0.405427 -0.545460
v -0.129915 0.386273 -0.480030
v -0.050820 0.404102 -0.540535
v -0.064575 0.402727 -0.535090
v -0.076540 0.401253 -0.528430
v -0.086830 0.399563 -0.521020
v -0.117430 0.388038 -0.491130
v -0.113205 0.389428 -0.495855
v -0.030145 0.377477 -0.527810
v -0.042405 0.375637 -0.522070
v -0.041235 0.377302 -0.515265
v -0.027905 0.377997 -0.520030
v -0.108510 0.391967 -0.501220
v -0.102810 0.394948 -0.507365
v -0.093420 0.368807 -0.519220
v -0.085905 0.365707 -0.524435
v -0.095730 0.397502 -0.514010
v -0.058660 0.358182 -0.538885
v -0.068350 0.360007 -0.533895
v -0.077515 0.362678 -0.529275
v -0.401710 0.113162 0.059400
v -0.394495 0.110893 0.059465
v -0.429180 0.122042 0.121215
v -0.422275 0.142788 0.113170
v -0.423140 0.138838 0.102840
v -0.365060 0.075458 0.017000
v -0.366170 0.057167 0.010845
v -0.363115 0.086437 0.025265
v -0.395420 -0.005702 0.016935
v -0.394195 -0.000618 0.020225
v -0.356005 0.083938 0.059110
v -0.412080 0.102143 0.066470
v -0.408230 0.116147 0.061145
v -0.365575 0.088342 0.020880
v -0.369375 0.079147 0.012305
v -0.381515 0.017887 0.010985
v -0.363200 0.094302 0.030715
v -0.371645 0.059587 0.006705
v -0.368655 0.039563 -0.016890
v -0.368490 0.038412 0.012985
v -0.142290 0.038648 -0.441005
v -0.142130 0.038612 -0.443185
v -0.132405 0.036528 -0.437360
v -0.364355 0.092108 0.014740
v -0.361680 0.097792 0.026990
v -0.120945 0.381808 -0.474990
v -0.124245 0.383008 -0.473535
v -0.122450 0.383372 -0.470110
v -0.121975 0.379242 -0.473625
v -0.114550 0.380152 -0.478770
v -0.121225 0.381513 -0.476575
v -0.114125 0.378478 -0.477310
v -0.227280 0.023437 -0.415245
v -0.108430 0.379983 -0.484275
v -0.107290 0.377653 -0.481995
v -0.375060 0.039222 0.006220
v -0.369385 0.066183 -0.009335
v -0.372375 0.062708 0.000300
v -0.369005 0.082762 0.003535
v -0.362305 0.104138 0.037575
v -0.365340 0.099977 0.039720
v -0.107535 0.379757 -0.484750
v -0.104680 0.380973 -0.480885
v -0.102660 0.379623 -0.490080
v -0.099955 0.380293 -0.486355
v -0.096870 0.387778 -0.481005
v -0.101940 0.387992 -0.476230
v -0.107590 0.387627 -0.472085
v -0.020375 0.380017 -0.533000
v -0.018835 0.380278 -0.524690
v -0.025080 0.371618 -0.508355
v -0.016465 0.375267 -0.510635
v -0.052960 0.375302 -0.515360
v -0.040560 0.375777 -0.519990
v -0.038740 0.378118 -0.515000
v -0.050970 0.377972 -0.510535
v -0.027835 0.377737 -0.524515
v -0.026390 0.378672 -0.519360
v -0.025185 0.385407 -0.511760
v -0.037080 0.385312 -0.508645
v -0.048985 0.385132 -0.504890
v -0.052545 0.375298 -0.517785
v -0.051040 0.377163 -0.511705
v -0.061520 0.375357 -0.514500
v -0.059475 0.377253 -0.508955
v -0.056965 0.369602 -0.501730
v -0.048540 0.369728 -0.503560
v -0.038665 0.369998 -0.505810
v -0.013840 0.376992 -0.528530
v -0.013315 0.378878 -0.522915
v -0.012730 0.385697 -0.514260
v -0.097770 0.377222 -0.495805
v -0.094845 0.379297 -0.491930
v -0.091600 0.376652 -0.500710
v -0.088600 0.378582 -0.496550
v -0.084780 0.386772 -0.489700
v -0.091235 0.387238 -0.485615
v -0.101730 0.372843 -0.484010
v -0.092345 0.372462 -0.489530
v -0.107125 0.373427 -0.480830
v -0.105140 0.380617 -0.493000
v -0.099435 0.380697 -0.499580
v -0.050845 0.325598 -0.500175
v -0.049910 0.312892 -0.490450
v -0.026945 0.305957 -0.501180
v -0.027190 0.319818 -0.512815
v -0.091910 0.380062 -0.503065
v -0.088885 0.378262 -0.499035
v -0.085495 0.372162 -0.493150
v -0.114160 0.375882 -0.475840
v -0.109885 0.380898 -0.486785
v -0.115870 0.380638 -0.481300
v -0.069845 0.375983 -0.511590
v -0.067380 0.377117 -0.506415
v -0.077685 0.377277 -0.509125
v -0.074735 0.376757 -0.503825
v -0.071945 0.370442 -0.498045
v -0.064850 0.369728 -0.500135
v -0.122090 0.381632 -0.478780
v -0.115985 0.385758 -0.468665
v -0.114950 0.380697 -0.482600
v -0.121615 0.381507 -0.479410
v -0.085445 0.378727 -0.507050
v -0.082525 0.377647 -0.502440
v -0.078865 0.371472 -0.495605
v -0.124030 0.382612 -0.475760
v -0.122685 0.382857 -0.472565
v -0.120035 0.384333 -0.468510
v -0.083950 0.375918 -0.504255
v -0.080965 0.378013 -0.499765
v -0.074715 0.376732 -0.507340
v -0.072100 0.378237 -0.502620
v -0.069270 0.385787 -0.496900
v -0.077375 0.386298 -0.493160
v -0.119585 0.385007 -0.465575
v -0.121790 0.378107 -0.469810
v -0.117000 0.374082 -0.454905
v -0.115900 0.392963 -0.451800
v -0.115850 0.397968 -0.442765
v -0.116075 0.373808 -0.446015
v -0.064550 0.375503 -0.511105
v -0.062360 0.378342 -0.506630
v -0.060015 0.385187 -0.501060
v -0.032485 0.376397 -0.532565
v -0.043750 0.374762 -0.527120
v -0.093655 0.379952 -0.505485
v -0.087090 0.378432 -0.509745
v -0.038030 0.355942 -0.504315
v -0.024170 0.358962 -0.507000
v -0.067080 0.375382 -0.515545
v -0.077530 0.376852 -0.511520
v -0.055220 0.375007 -0.520065
v -0.086770 0.375997 -0.507555
v -0.094205 0.376917 -0.503250
v -0.114655 0.372738 -0.474995
v -0.079635 0.376778 -0.512800
v -0.105835 0.397133 -0.469035
v -0.113425 0.392752 -0.465220
v -0.071720 0.375437 -0.515900
v -0.107780 0.368707 -0.480760
v -0.063265 0.374913 -0.519485
v -0.053950 0.374532 -0.522855
v -0.101775 0.368022 -0.483805
v -0.092000 0.365223 -0.487770
v -0.100450 0.377523 -0.498380
v -0.105645 0.378208 -0.493145
v -0.014520 0.377172 -0.533535
v -0.029325 0.377682 -0.529235
v -0.022375 0.379912 -0.537750
v -0.042590 0.375667 -0.524715
v -0.011515 0.381722 -0.541600
v -0.109600 0.380917 -0.487355
v -0.012315 0.399677 -0.506925
v -0.024380 0.398782 -0.505195
v -0.013310 0.413653 -0.505775
v -0.024595 0.411233 -0.504570
v -0.089655 0.399697 -0.482325
v -0.095365 0.399352 -0.477785
v -0.082860 0.399352 -0.486230
v -0.082210 0.409572 -0.486605
v -0.089210 0.410737 -0.482580
v -0.094805 0.409063 -0.477560
v -0.071355 0.360578 -0.496035
v -0.078115 0.363237 -0.493650
v -0.084815 0.364702 -0.491080
v -0.089515 0.357233 -0.488005
v -0.072495 0.354217 -0.494780
v -0.106040 0.353532 -0.475870
v -0.104015 0.342802 -0.468130
v -0.079045 0.334988 -0.482515
v -0.080380 0.346168 -0.489140
v -0.056235 0.357817 -0.499740
v -0.064165 0.360342 -0.498005
v -0.054930 0.350478 -0.500565
v -0.028640 0.290697 -0.472230
v -0.106810 0.362087 -0.480560
v -0.114000 0.367643 -0.471715
v -0.112955 0.360258 -0.464870
v -0.119445 0.376278 -0.463675
v -0.105165 0.406412 -0.467970
v -0.113035 0.402178 -0.463190
v -0.104475 0.414832 -0.468040
v -0.108435 0.420963 -0.465390
v -0.115490 0.413048 -0.460475
v -0.014560 0.357863 -0.508275
v -0.036290 0.347223 -0.506430
v -0.015560 0.342618 -0.512775
v -0.116680 0.388597 -0.464300
v -0.115485 0.395768 -0.460370
v -0.117100 0.388412 -0.459685
v -0.066990 0.398588 -0.492865
v -0.075285 0.399042 -0.489750
v -0.065595 0.409762 -0.493575
v -0.074245 0.409527 -0.490305
v -0.057675 0.398238 -0.496045
v -0.047230 0.398163 -0.499900
v -0.046075 0.410143 -0.499825
v -0.056305 0.411118 -0.496865
v -0.047730 0.358307 -0.500940
v -0.054290 0.344408 -0.501010
v -0.035765 0.341107 -0.508030
v -0.100280 0.398728 -0.473005
v -0.099610 0.408102 -0.472350
v -0.035895 0.398477 -0.503140
v -0.035405 0.410603 -0.502625
v -0.024640 0.334448 -0.513895
v -0.100865 0.424407 -0.473950
v -0.102785 0.436773 -0.473320
v -0.111800 0.430377 -0.463890
v -0.090030 0.422692 -0.484900
v -0.090355 0.439708 -0.485160
v -0.056930 0.423933 -0.501295
v -0.046090 0.418397 -0.502050
v -0.036220 0.419573 -0.504905
v -0.037995 0.428197 -0.507975
v -0.104855 0.449592 -0.468760
v -0.115255 0.439097 -0.461130
v -0.026320 0.419397 -0.506270
v -0.018650 0.426952 -0.508650
v -0.019700 0.444902 -0.506615
v -0.039720 0.443147 -0.505605
v -0.057200 0.442812 -0.499395
v -0.074215 0.417907 -0.492100
v -0.082310 0.417187 -0.487925
v -0.050930 0.337123 -0.502325
v -0.075080 0.426502 -0.494840
v -0.074860 0.441393 -0.492665
v -0.065440 0.417373 -0.495410
v -0.100190 0.332522 -0.457755
v -0.099995 0.325277 -0.442190
v -0.076970 0.313283 -0.453400
v -0.076960 0.323278 -0.472500
v -0.111955 0.353882 -0.455575
v -0.112105 0.350097 -0.444780
v -0.116325 0.375223 -0.436340
v -0.119955 0.421547 -0.457590
v -0.052365 0.301412 -0.467300
v -0.116570 0.404437 -0.455425
v -0.118945 0.411252 -0.449080
v -0.123105 0.428252 -0.452885
v -0.117540 0.445442 -0.452275
v -0.124250 0.434222 -0.445690
v -0.115795 0.401297 -0.435825
v -0.117155 0.412282 -0.429140
v -0.117545 0.378823 -0.425830
v -0.053935 0.297232 -0.419015
v -0.028780 0.287312 -0.420715
v -0.056935 0.457332 -0.484465
v -0.029355 0.456948 -0.492295
v -0.028730 0.472372 -0.451025
v -0.056470 0.468317 -0.447400
v -0.028210 0.478352 -0.402705
v -0.055495 0.475087 -0.404300
v -0.083020 0.472392 -0.404780
v -0.084450 0.464758 -0.445375
v -0.083185 0.454912 -0.480775
v -0.031220 0.297778 -0.359195
v -0.125465 0.439907 -0.432725
v -0.111035 0.456563 -0.443470
v -0.107145 0.460762 -0.403130
v -0.122685 0.442777 -0.400105
v -0.104175 0.463282 -0.362025
v -0.120705 0.444407 -0.359705
v -0.056425 0.450082 -0.492540
v -0.041550 0.449408 -0.496770
v -0.072975 0.448653 -0.487700
v -0.078995 0.308163 -0.412700
v -0.103125 0.322587 -0.407225
v -0.102825 0.325097 -0.355980
v -0.079220 0.311182 -0.365995
v -0.055130 0.303677 -0.368895
v -0.113665 0.347902 -0.430900
v -0.117325 0.348852 -0.403845
v -0.122160 0.381038 -0.404520
v -0.070820 0.348448 -0.494940
v -0.120430 0.416042 -0.442910
v -0.123690 0.415943 -0.402705
v -0.129140 0.418962 -0.352460
v -0.128455 0.383027 -0.352720
v -0.116250 0.350612 -0.353395
v -0.054025 0.477048 -0.357985
v -0.080500 0.476227 -0.357025
v -0.027540 0.480288 -0.355525
v -0.120265 0.421258 -0.439210
v -0.099870 0.416297 -0.472620
v -0.125650 0.383072 -0.477910
v -0.125075 0.383117 -0.476150
v -0.124875 0.382937 -0.478160
v -0.155240 0.097538 -0.456495
v -0.173900 0.388367 -0.445620
v -0.154575 0.109202 -0.459345
v -0.138150 0.105038 -0.463185
v -0.040700 0.640454 -0.214762
v -0.020986 0.644677 -0.222984
v -0.000355 0.623283 -0.222425
v -0.372620 0.100592 0.136950
v -0.368245 0.119863 0.130965
v -0.356520 0.155197 0.115510
v -0.349450 0.171977 0.106910
v -0.343045 0.187837 0.096315
v -0.207170 0.033193 -0.439380
v -0.161675 0.041428 -0.449070
v -0.137990 -0.013937 -0.444650
v -0.106850 0.005893 -0.415550
v -0.105570 0.010393 -0.411430
v -0.190045 0.038342 -0.442085
v -0.206550 0.032473 -0.441890
v -0.104210 0.016732 -0.409485
v -0.105440 0.020822 -0.411290
v -0.109555 0.001438 -0.420795
v -0.114570 -0.004067 -0.427320
v -0.121630 -0.008028 -0.433025
v -0.129145 -0.011042 -0.438745
v -0.107240 0.024492 -0.414565
v -0.104555 0.013577 -0.409390
v -0.094985 0.416427 -0.478265
v -0.269950 0.482897 -0.116755
v -0.332645 0.354977 -0.079460
v -0.338765 0.304732 -0.067745
v -0.000700 0.648442 -0.225633
v -0.332045 0.128403 0.019520
v -0.343580 0.063462 0.045005
v -0.342415 0.068557 0.047600
v -0.345275 0.067607 0.053070
v -0.371225 0.045522 0.048805
v -0.364590 0.071697 0.067775
v -0.354260 0.079077 0.064315
v -0.354995 -0.017837 -0.065250
v -0.342335 0.255913 -0.088480
v -0.358225 0.011942 -0.046525
v -0.362965 0.029787 -0.030395
v -0.363950 0.243677 -0.012735
v -0.365375 0.226517 -0.027425
v -0.362310 0.210257 -0.030685
v -0.353270 0.223668 -0.038670
v -0.354675 0.201077 -0.037610
v -0.040365 0.306807 -0.297150
v -0.076635 0.321133 -0.288325
v -0.078500 0.329493 -0.224340
v -0.039880 0.315328 -0.223850
v -0.051355 0.475937 -0.324580
v -0.069135 0.470412 -0.301345
v -0.110765 0.444562 -0.288230
v -0.059565 0.469108 -0.236140
v -0.102845 0.445873 -0.231480
v -0.026135 0.476882 -0.320500
v -0.119780 0.397862 -0.299090
v -0.111435 0.402938 -0.232770
v -0.108110 0.346978 -0.299855
v -0.105745 0.359852 -0.229800
v -0.077820 0.315207 -0.329235
v -0.097570 0.332652 -0.330030
v -0.118505 0.445898 -0.324815
v -0.126890 0.419877 -0.324965
v -0.077295 0.342402 -0.160525
v -0.109370 0.371122 -0.167465
v -0.104055 0.390112 -0.120070
v -0.074290 0.363913 -0.108495
v -0.038625 0.331953 -0.157700
v -0.036095 0.366088 -0.094155
v -0.111750 0.412977 -0.173390
v -0.092375 0.444378 -0.179565
v -0.085970 0.449752 -0.133745
v -0.102240 0.430318 -0.124460
v -0.054195 0.453612 -0.185925
v -0.050695 0.443022 -0.139925
v -0.079845 0.471358 -0.088440
v -0.079640 0.461378 -0.070415
v -0.057200 0.471427 -0.096200
v -0.058745 0.443332 -0.044865
v -0.036865 0.437828 -0.043645
v -0.098905 0.461568 -0.328840
v -0.074465 0.451152 -0.053655
v -0.056780 0.308952 -0.331660
v 0.000175 0.615432 -0.246836
v 0.000355 0.623283 -0.222425
v 0.000216 0.614814 -0.312067
v 0.000183 0.612046 -0.277192
v 0.000162 0.620011 -0.347839
v -0.000216 0.614814 -0.312067
v -0.000162 0.620011 -0.347839
v -0.000700 0.648442 -0.225633
v -0.000355 0.623283 -0.222425
v -0.000183 0.612046 -0.277192
v -0.000175 0.615432 -0.246836
v 0.000700 0.648442 -0.225633
v -0.000000 0.620973 -0.382460
vt 0.000000 0.000000
vt 0.000000 0.000000
vt 0.000000 0.000000
vt 0.000000 0.000000
vt 0.000000 0.000000
vt 0.000000 0.000000
vt 0.000000 0.000000
vt 0.000000 0.000000
vt 0.000000 0.000000
vt 0.000000 0.000000
vt 0.000000 0.000000
vt 0.000000 0.000000
vt 0.000000 0.000000
vt 0.000000 0.000000
vt 0.000000 0.000000
vt 0.000000 0.000000
vt 0.000000 0.000000
vt 0.000000 0.000000
vt 0.000000 0.000000
vt 0.000000 0.000000
vt 0.000000 0.000000
vt 0.000000 0.000000
vt 0.000000 0.000000
vt 0.000000 0.000000
vt 0.000000 0.000000
vt 0.000000 0.000000
vt 0.000000 0.000000
vt 0.000000 0.000000
vt 0.000000 0.000000
vt 0.435758 0.903424
vt 0.431655 0.911826
vt 0.429275 0.921591
vt 0.431994 0.897211
vt 0.330965 0.767966
vt 0.330509 0.765476
vt 0.336092 0.766873
vt 0.336575 0.770301
vt 0.741059 0.728222
vt 0.740120 0.706266
vt 0.761752 0.704267
vt 0.763264 0.727664
vt 0.701439 0.995910
vt 0.698774 0.999410
vt 0.694504 0.998452
vt 0.697558 0.994582
vt 0.946822 0.299132
vt 0.949582 0.299281
vt 0.949978 0.309811
vt 0.946091 0.308403
vt 0.818823 0.686338
vt 0.817504 0.678710
vt 0.827598 0.676904
vt 0.830141 0.683649
vt 0.819969 0.696375
vt 0.832569 0.692571
vt 0.457250 0.328077
vt 0.448682 0.337174
vt 0.447332 0.332234
vt 0.454810 0.324523
vt 0.779218 0.163720
vt 0.767186 0.163331
vt 0.771189 0.147098
vt 0.784588 0.147309
vt 0.257824 0.771345
vt 0.259357 0.750724
vt 0.274400 0.753589
vt 0.273304 0.773542
vt 0.222232 0.748066
vt 0.220593 0.769624
vt 0.199828 0.769446
vt 0.201009 0.747640
vt 0.224402 0.700207
vt 0.223748 0.725108
vt 0.201780 0.724186
vt 0.201664 0.698937
vt 0.460063 0.404815
vt 0.451388 0.391169
vt 0.463528 0.377841
vt 0.473538 0.388428
vt 0.460908 0.332272
vt 0.451508 0.342692
vt 0.820247 0.708116
vt 0.821694 0.721743
vt 0.804669 0.726340
vt 0.803802 0.710570
vt 0.467705 0.321297
vt 0.463056 0.318645
vt 0.466596 0.309897
vt 0.471426 0.310636
vt 0.495676 0.315646
vt 0.491260 0.332566
vt 0.480948 0.328791
vt 0.485220 0.313559
vt 0.392905 0.751279
vt 0.388443 0.756425
vt 0.382961 0.750270
vt 0.386699 0.744022
vt 0.397886 0.745162
vt 0.390651 0.735892
vt 0.375086 0.702446
vt 0.383265 0.701508
vt 0.384298 0.711077
vt 0.375400 0.710933
vt 0.369296 0.741911
vt 0.362140 0.739560
vt 0.363413 0.733321
vt 0.371235 0.735449
vt 0.337820 0.732270
vt 0.336456 0.737391
vt 0.330663 0.738336
vt 0.331990 0.733158
vt 0.334986 0.759413
vt 0.334591 0.754957
vt 0.340008 0.755186
vt 0.339999 0.759786
vt 0.690984 0.976115
vt 0.688308 0.980911
vt 0.684497 0.976200
vt 0.687759 0.971213
vt 0.680639 0.970147
vt 0.684829 0.965255
vt 0.681492 0.982035
vt 0.675812 0.976369
vt 0.685594 0.986291
vt 0.935222 0.341176
vt 0.938891 0.345911
vt 0.935081 0.349319
vt 0.931646 0.344654
vt 0.748522 0.656434
vt 0.749897 0.662621
vt 0.744587 0.662623
vt 0.743673 0.655873
vt 0.737151 0.632291
vt 0.736702 0.624403
vt 0.743203 0.622943
vt 0.743831 0.631529
vt 0.743711 0.647825
vt 0.738437 0.655898
vt 0.738007 0.647673
vt 0.744199 0.639394
vt 0.737548 0.639299
vt 0.825537 0.671515
vt 0.823824 0.667140
vt 0.831060 0.665208
vt 0.833349 0.669210
vt 0.384523 0.760990
vt 0.379535 0.755378
vt 0.390427 0.582121
vt 0.392861 0.589634
vt 0.387463 0.593698
vt 0.384717 0.587266
vt 0.383344 0.598275
vt 0.379597 0.592652
vt 0.390418 0.600329
vt 0.387000 0.603836
vt 0.394569 0.597028
vt 0.946663 0.289212
vt 0.944248 0.290352
vt 0.942273 0.281003
vt 0.944494 0.279203
vt 0.836058 0.673961
vt 0.447000 0.359724
vt 0.441449 0.351592
vt 0.456974 0.349347
vt 0.474224 0.342948
vt 0.484225 0.348215
vt 0.474624 0.363328
vt 0.465013 0.356038
vt 0.803554 0.827956
vt 0.798052 0.802525
vt 0.821512 0.790454
vt 0.828246 0.812671
vt 0.446800 0.419776
vt 0.439521 0.402559
vt 0.357501 0.725573
vt 0.350896 0.725477
vt 0.351538 0.718641
vt 0.358471 0.718352
vt 0.696697 0.267871
vt 0.681662 0.271470
vt 0.675502 0.252634
vt 0.692181 0.248459
vt 0.709946 0.245677
vt 0.686622 0.227570
vt 0.706213 0.226002
vt 0.665033 0.230311
vt 0.239847 0.790398
vt 0.240886 0.809981
vt 0.220792 0.810285
vt 0.220029 0.790303
vt 0.364748 0.726361
vt 0.366139 0.718705
vt 0.327402 0.728378
vt 0.322001 0.729766
vt 0.323291 0.722626
vt 0.328308 0.721799
vt 0.333057 0.727367
vt 0.333745 0.721108
vt 0.945202 0.316992
vt 0.941799 0.315192
vt 0.943291 0.307717
vt 0.940086 0.270111
vt 0.938536 0.272442
vt 0.467272 0.260819
vt 0.460855 0.253374
vt 0.466586 0.242859
vt 0.474639 0.252156
vt 0.436867 0.368527
vt 0.431542 0.358982
vt 0.787943 0.749126
vt 0.785200 0.728242
vt 0.808082 0.744695
vt 0.391114 0.649386
vt 0.392068 0.652155
vt 0.388994 0.654782
vt 0.388574 0.651463
vt 0.501989 0.206873
vt 0.519748 0.220510
vt 0.499454 0.233666
vt 0.489148 0.220775
vt 0.839047 0.727937
vt 0.825655 0.737475
vt 0.835295 0.714633
vt 0.456812 0.299970
vt 0.454926 0.294716
vt 0.457221 0.291255
vt 0.459033 0.297437
vt 0.765157 0.750962
vt 0.742031 0.751176
vt 0.334960 0.643993
vt 0.333691 0.647227
vt 0.330401 0.646048
vt 0.331619 0.642712
vt 0.668380 0.939065
vt 0.672371 0.937381
vt 0.673874 0.945798
vt 0.669422 0.947980
vt 0.463706 0.214003
vt 0.455041 0.223497
vt 0.452379 0.214791
vt 0.459005 0.206248
vt 0.385254 0.660994
vt 0.385210 0.656758
vt 0.389517 0.658539
vt 0.376359 0.658546
vt 0.380965 0.658014
vt 0.380493 0.662745
vt 0.375078 0.663729
vt 0.445252 0.196678
vt 0.442279 0.192146
vt 0.445889 0.185839
vt 0.448986 0.189863
vt 0.391149 0.699570
vt 0.393485 0.710418
vt 0.391726 0.640177
vt 0.389812 0.640478
vt 0.389189 0.637459
vt 0.391655 0.636652
vt 0.943956 0.491330
vt 0.943760 0.489460
vt 0.945848 0.489813
vt 0.946288 0.491693
vt 0.493779 0.152691
vt 0.483485 0.151280
vt 0.485729 0.140076
vt 0.496083 0.140290
vt 0.439830 0.187887
vt 0.443321 0.182188
vt 0.485260 0.242418
vt 0.491187 0.259177
vt 0.480009 0.265740
vt 0.639206 0.284198
vt 0.635204 0.277259
vt 0.637941 0.272775
vt 0.642788 0.280523
vt 0.646367 0.288563
vt 0.646164 0.278089
vt 0.649878 0.286480
vt 0.641074 0.269603
vt 0.643379 0.345689
vt 0.646021 0.338844
vt 0.649562 0.342023
vt 0.645352 0.350262
vt 0.934445 0.262585
vt 0.933765 0.265243
vt 0.928194 0.260748
vt 0.928433 0.257587
vt 0.494908 0.277515
vt 0.505842 0.252575
vt 0.509046 0.274405
vt 0.385002 0.649538
vt 0.384665 0.646684
vt 0.387167 0.646386
vt 0.387942 0.648615
vt 0.332502 0.650140
vt 0.329281 0.649046
vt 0.338712 0.632716
vt 0.335594 0.631358
vt 0.336686 0.628117
vt 0.339262 0.629852
vt 0.336276 0.640435
vt 0.332913 0.639113
vt 0.413378 0.686745
vt 0.413036 0.678962
vt 0.419073 0.678707
vt 0.419030 0.686431
vt 0.357559 0.591675
vt 0.351960 0.588371
vt 0.354819 0.580625
vt 0.360538 0.584444
vt 0.371310 0.593407
vt 0.375833 0.598038
vt 0.373339 0.602760
vt 0.368597 0.598896
vt 0.413058 0.671565
vt 0.419306 0.671363
vt 0.414591 0.700455
vt 0.413938 0.693833
vt 0.419341 0.693528
vt 0.419810 0.700261
vt 0.366330 0.588860
vt 0.363400 0.595249
vt 0.394100 0.631872
vt 0.394352 0.636340
vt 0.391238 0.632774
vt 0.441654 0.158837
vt 0.439975 0.156385
vt 0.442087 0.153358
vt 0.443485 0.156553
vt 0.443547 0.146736
vt 0.444788 0.150608
vt 0.440687 0.150099
vt 0.390127 0.647124
vt 0.391326 0.645259
vt 0.392726 0.646876
vt 0.438337 0.153707
vt 0.367111 0.647164
vt 0.370797 0.648232
vt 0.369161 0.652599
vt 0.365209 0.651359
vt 0.943603 0.487933
vt 0.943537 0.486672
vt 0.945055 0.487320
vt 0.945405 0.488420
vt 0.368645 0.643392
vt 0.372074 0.644363
vt 0.374456 0.649096
vt 0.373247 0.653522
vt 0.359584 0.644642
vt 0.363380 0.645953
vt 0.361353 0.649957
vt 0.357569 0.648473
vt 0.375399 0.645215
vt 0.381658 0.649847
vt 0.385235 0.652952
vt 0.381445 0.653757
vt 0.380048 0.667979
vt 0.373584 0.669566
vt 0.378693 0.645938
vt 0.381836 0.646466
vt 0.378118 0.649664
vt 0.385444 0.665718
vt 0.831478 0.514413
vt 0.834821 0.513280
vt 0.834874 0.515807
vt 0.831375 0.517662
vt 0.377399 0.653928
vt 0.812931 0.662345
vt 0.814273 0.665271
vt 0.805959 0.667158
vt 0.805302 0.663989
vt 0.367014 0.657159
vt 0.362879 0.655637
vt 0.371538 0.658281
vt 0.359052 0.653966
vt 0.355400 0.652255
vt 0.394031 0.640418
vt 0.387175 0.612445
vt 0.389904 0.617375
vt 0.387147 0.619907
vt 0.384511 0.615516
vt 0.551125 0.156086
vt 0.568429 0.156600
vt 0.570285 0.175995
vt 0.550752 0.174891
vt 0.384725 0.622806
vt 0.382247 0.618784
vt 0.425701 0.713459
vt 0.426110 0.719182
vt 0.421877 0.717871
vt 0.421166 0.712493
vt 0.391678 0.643061
vt 0.393600 0.643931
vt 0.417954 0.717068
vt 0.416777 0.712075
vt 0.370415 0.581695
vt 0.364060 0.576629
vt 0.368001 0.568513
vt 0.375413 0.574404
vt 0.372235 0.560018
vt 0.380773 0.566657
vt 0.360605 0.564222
vt 0.363757 0.555533
vt 0.357718 0.572457
vt 0.337573 0.636580
vt 0.334254 0.635285
vt 0.393173 0.655405
vt 0.394399 0.659181
vt 0.390195 0.662793
vt 0.396455 0.641227
vt 0.395605 0.645394
vt 0.389119 0.624315
vt 0.391988 0.622297
vt 0.394251 0.649008
vt 0.446738 0.143674
vt 0.447775 0.148283
vt 0.448349 0.152995
vt 0.445767 0.154536
vt 0.392957 0.615084
vt 0.395017 0.620632
vt 0.390430 0.628648
vt 0.393345 0.627166
vt 0.425261 0.707232
vt 0.420428 0.706618
vt 0.445593 0.139290
vt 0.442223 0.142994
vt 0.415562 0.706573
vt 0.424796 0.700615
vt 0.350158 0.645477
vt 0.346501 0.644041
vt 0.348089 0.640426
vt 0.351933 0.641856
vt 0.375437 0.587086
vt 0.486976 0.129265
vt 0.497458 0.128601
vt 0.828594 0.312558
vt 0.837373 0.305849
vt 0.842926 0.318265
vt 0.834661 0.324797
vt 0.817325 0.289975
vt 0.826868 0.282733
vt 0.832049 0.293977
vt 0.822813 0.300857
vt 0.840854 0.288059
vt 0.845778 0.300046
vt 0.836011 0.276623
vt 0.510382 0.296370
vt 0.508336 0.317738
vt 0.497075 0.296687
vt 0.398879 0.642567
vt 0.397807 0.647377
vt 0.396001 0.651654
vt 0.400276 0.649907
vt 0.397864 0.654870
vt 0.454350 0.138156
vt 0.454938 0.144497
vt 0.451118 0.146269
vt 0.450284 0.140812
vt 0.451328 0.151832
vt 0.454751 0.150953
vt 0.400038 0.611227
vt 0.401849 0.618170
vt 0.398346 0.619237
vt 0.396396 0.612986
vt 0.449248 0.135644
vt 0.453350 0.132132
vt 0.380097 0.602692
vt 0.383902 0.607521
vt 0.386583 0.574397
vt 0.380877 0.580794
vt 0.850876 0.312557
vt 0.487172 0.118972
vt 0.497968 0.117758
vt 0.486530 0.109246
vt 0.497731 0.107724
vt 0.485269 0.100216
vt 0.496947 0.098555
vt 0.483560 0.091860
vt 0.495719 0.090331
vt 0.819041 0.337452
vt 0.811677 0.342878
vt 0.805796 0.331163
vt 0.812752 0.325637
vt 0.470687 0.132243
vt 0.478179 0.130615
vt 0.477301 0.140448
vt 0.470304 0.141195
vt 0.475317 0.150511
vt 0.468780 0.150231
vt 0.507824 0.140401
vt 0.505538 0.154011
vt 0.678773 0.943413
vt 0.680455 0.951126
vt 0.675443 0.954186
vt 0.565341 0.127569
vt 0.566707 0.140310
vt 0.550916 0.140326
vt 0.550834 0.127440
vt 0.534351 0.156115
vt 0.535613 0.140528
vt 0.458613 0.150352
vt 0.456973 0.157590
vt 0.453494 0.157282
vt 0.388450 0.640747
vt 0.387481 0.640809
vt 0.386016 0.638802
vt 0.387361 0.638241
vt 0.549520 0.196366
vt 0.527607 0.194538
vt 0.531940 0.174023
vt 0.572236 0.197096
vt 0.547280 0.221205
vt 0.499827 0.410421
vt 0.485735 0.432757
vt 0.471485 0.418926
vt 0.485832 0.399404
vt 0.572864 0.224100
vt 0.427720 0.553778
vt 0.427820 0.551005
vt 0.428220 0.550417
vt 0.428140 0.552967
vt 0.811283 0.469767
vt 0.815506 0.469399
vt 0.816670 0.475392
vt 0.812991 0.476369
vt 0.383538 0.794060
vt 0.382427 0.798634
vt 0.380213 0.798316
vt 0.381084 0.794556
vt 0.509790 0.359063
vt 0.517359 0.339361
vt 0.532295 0.343137
vt 0.523121 0.365714
vt 0.379848 0.777759
vt 0.382137 0.783247
vt 0.379574 0.785610
vt 0.377309 0.780919
vt 0.390393 0.785263
vt 0.389661 0.776626
vt 0.393928 0.774524
vt 0.394010 0.784624
vt 0.458442 0.305451
vt 0.456300 0.307451
vt 0.454584 0.302941
vt 0.471433 0.299661
vt 0.469381 0.288514
vt 0.475177 0.284932
vt 0.477681 0.298343
vt 0.381015 0.802561
vt 0.378563 0.801892
vt 0.941863 0.291397
vt 0.940232 0.282372
vt 0.443951 0.378947
vt 0.454674 0.368273
vt 0.938285 0.483945
vt 0.938629 0.482565
vt 0.941345 0.484951
vt 0.941183 0.486328
vt 0.926911 0.264814
vt 0.931631 0.268211
vt 0.929795 0.268597
vt 0.926397 0.265894
vt 0.399188 0.772659
vt 0.398949 0.784521
vt 0.392500 0.764271
vt 0.397387 0.760679
vt 0.387985 0.768172
vt 0.932888 0.267061
vt 0.927532 0.263106
vt 0.815275 0.669163
vt 0.822211 0.663571
vt 0.376622 0.801248
vt 0.378238 0.798169
vt 0.383313 0.803396
vt 0.384497 0.798995
vt 0.374057 0.776364
vt 0.372077 0.779371
vt 0.368187 0.775413
vt 0.369891 0.772230
vt 0.833394 0.343090
vt 0.840905 0.337157
vt 0.847256 0.349692
vt 0.840182 0.355060
vt 0.798010 0.668602
vt 0.798117 0.665410
vt 0.940711 0.307493
vt 0.941760 0.299887
vt 0.944302 0.299434
vt 0.934737 0.259759
vt 0.928222 0.254558
vt 0.939099 0.314178
vt 0.924780 0.342496
vt 0.928128 0.340170
vt 0.927976 0.347129
vt 0.943599 0.324479
vt 0.941262 0.331100
vt 0.937395 0.327582
vt 0.939862 0.321823
vt 0.922649 0.338544
vt 0.925448 0.336442
vt 0.921851 0.343197
vt 0.919827 0.339453
vt 0.937089 0.274008
vt 0.361662 0.761341
vt 0.359939 0.765561
vt 0.354826 0.763326
vt 0.356237 0.758973
vt 0.936922 0.319961
vt 0.934342 0.324941
vt 0.949607 0.319332
vt 0.947908 0.327953
vt 0.945336 0.335412
vt 0.365092 0.768579
vt 0.363564 0.771865
vt 0.358527 0.768920
vt 0.700050 0.990071
vt 0.703692 0.992067
vt 0.353687 0.766852
vt 0.396035 0.724778
vt 0.384426 0.721557
vt 0.697877 0.983253
vt 0.701624 0.986033
vt 0.695801 0.987643
vt 0.693097 0.992487
vt 0.314909 0.759772
vt 0.319169 0.757401
vt 0.320733 0.760811
vt 0.317013 0.762784
vt 0.329893 0.759405
vt 0.329245 0.755295
vt 0.335418 0.763462
vt 0.330429 0.762960
vt 0.344347 0.639028
vt 0.342930 0.642732
vt 0.334387 0.750553
vt 0.340136 0.750634
vt 0.345419 0.755949
vt 0.344932 0.760520
vt 0.324059 0.756068
vt 0.325064 0.759807
vt 0.345917 0.751337
vt 0.706102 0.993052
vt 0.704266 0.996253
vt 0.322376 0.763200
vt 0.319146 0.764761
vt 0.941680 0.350391
vt 0.937583 0.353493
vt 0.754522 0.662456
vt 0.752697 0.657554
vt 0.680059 0.997125
vt 0.682936 0.991971
vt 0.686363 0.994516
vt 0.683275 0.998649
vt 0.689966 0.996675
vt 0.686744 0.999743
vt 0.689270 0.989791
vt 0.960740 0.314656
vt 0.955110 0.311828
vt 0.954018 0.299924
vt 0.959591 0.300702
vt 0.399700 0.674584
vt 0.402778 0.681747
vt 0.396330 0.686891
vt 0.393953 0.679378
vt 0.959813 0.327966
vt 0.954725 0.323019
vt 0.923355 0.258905
vt 0.923131 0.255929
vt 0.821031 0.470038
vt 0.822294 0.475832
vt 0.740309 0.580931
vt 0.740236 0.574116
vt 0.745943 0.574179
vt 0.745589 0.580633
vt 0.669740 0.895101
vt 0.673693 0.896773
vt 0.673363 0.900809
vt 0.668993 0.899476
vt 0.674006 0.905472
vt 0.669768 0.904934
vt 0.645008 0.914597
vt 0.641040 0.914994
vt 0.640211 0.910806
vt 0.644507 0.910018
vt 0.677965 0.897718
vt 0.677448 0.901315
vt 0.344902 0.647431
vt 0.348374 0.648940
vt 0.341788 0.653393
vt 0.343313 0.650566
vt 0.346581 0.652192
vt 0.344832 0.655171
vt 0.349656 0.636734
vt 0.353652 0.638258
vt 0.339434 0.657744
vt 0.340439 0.655817
vt 0.343251 0.657789
vt 0.342015 0.659958
vt 0.740201 0.567065
vt 0.746088 0.567274
vt 0.837051 0.471189
vt 0.837246 0.475288
vt 0.833633 0.472976
vt 0.833593 0.470007
vt 0.664794 0.897689
vt 0.666248 0.892572
vt 0.660947 0.896222
vt 0.662952 0.889970
vt 0.750104 0.561070
vt 0.750640 0.567566
vt 0.745610 0.560064
vt 0.664938 0.904264
vt 0.843203 0.499303
vt 0.845099 0.500911
vt 0.842829 0.502844
vt 0.841625 0.501134
vt 0.840160 0.504474
vt 0.839698 0.502673
vt 0.844147 0.504780
vt 0.840730 0.506422
vt 0.847055 0.502932
vt 0.414288 0.793858
vt 0.411736 0.793945
vt 0.412053 0.790720
vt 0.414401 0.789972
vt 0.412500 0.787027
vt 0.414712 0.786242
vt 0.408876 0.791184
vt 0.409491 0.787405
vt 0.411498 0.797261
vt 0.411291 0.800176
vt 0.406187 0.798260
vt 0.406854 0.796873
vt 0.414346 0.797476
vt 0.044512 0.932834
vt 0.042809 0.933652
vt 0.042210 0.927861
vt 0.044205 0.926552
vt 0.414057 0.801402
vt 0.839906 0.472167
vt 0.837206 0.468067
vt 0.839964 0.468751
vt 0.335571 0.650900
vt 0.334432 0.653234
vt 0.331460 0.652344
vt 0.337874 0.666464
vt 0.335788 0.668785
vt 0.333652 0.667232
vt 0.335772 0.664532
vt 0.842607 0.476486
vt 0.844652 0.477057
vt 0.844504 0.480678
vt 0.842944 0.480267
vt 0.336504 0.656043
vt 0.337435 0.654305
vt 0.338659 0.651963
vt 0.829883 0.469480
vt 0.830080 0.466160
vt 0.833756 0.467184
vt 0.830126 0.472086
vt 0.826644 0.473697
vt 0.825897 0.469938
vt 0.412940 0.783449
vt 0.415113 0.782734
vt 0.818971 0.529660
vt 0.816609 0.527651
vt 0.817464 0.523556
vt 0.819529 0.525345
vt 0.820467 0.536030
vt 0.818057 0.534115
vt 0.821137 0.531538
vt 0.825151 0.535761
vt 0.823618 0.533761
vt 0.824480 0.528021
vt 0.826382 0.529171
vt 0.821742 0.526718
vt 0.815657 0.531917
vt 0.342066 0.670211
vt 0.340213 0.672040
vt 0.338102 0.670455
vt 0.340159 0.668406
vt 0.335335 0.673731
vt 0.333202 0.672076
vt 0.410546 0.780845
vt 0.413225 0.780611
vt 0.410231 0.783565
vt 0.821148 0.463866
vt 0.826121 0.465070
vt 0.733510 0.567002
vt 0.733171 0.559893
vt 0.739888 0.559614
vt 0.042920 0.936499
vt 0.044454 0.935658
vt 0.046249 0.932435
vt 0.045920 0.935272
vt 0.046271 0.925688
vt 0.407744 0.794650
vt 0.811828 0.526967
vt 0.812582 0.523407
vt 0.814469 0.525477
vt 0.813594 0.529384
vt 0.815549 0.521333
vt 0.039449 0.937164
vt 0.039260 0.934157
vt 0.041122 0.933776
vt 0.041290 0.937095
vt 0.040687 0.929380
vt 0.813754 0.518978
vt 0.681993 0.897908
vt 0.681610 0.901173
vt 0.677699 0.905645
vt 0.681768 0.905178
vt 0.366844 0.710730
vt 0.374798 0.719734
vt 0.670655 0.957174
vt 0.334371 0.714489
vt 0.339701 0.713778
vt 0.339450 0.720231
vt 0.826610 0.494789
vt 0.828186 0.492570
vt 0.830653 0.495839
vt 0.829477 0.498118
vt 0.345301 0.712625
vt 0.351506 0.711091
vt 0.345342 0.719366
vt 0.329442 0.714681
vt 0.378920 0.640497
vt 0.381488 0.641537
vt 0.381800 0.643705
vt 0.378994 0.642879
vt 0.340005 0.764026
vt 0.677599 0.962399
vt 0.672661 0.966602
vt 0.348579 0.737175
vt 0.342360 0.737010
vt 0.343734 0.731727
vt 0.349791 0.731635
vt 0.341141 0.741749
vt 0.335113 0.741952
vt 0.829950 0.490430
vt 0.831899 0.493588
vt 0.340343 0.663165
vt 0.339295 0.664677
vt 0.337259 0.662508
vt 0.338202 0.660827
vt 0.835248 0.502941
vt 0.835594 0.500660
vt 0.837641 0.501443
vt 0.837559 0.503445
vt 0.839430 0.500966
vt 0.837793 0.499398
vt 0.839371 0.499388
vt 0.835987 0.498263
vt 0.335398 0.660462
vt 0.335890 0.658423
vt 0.811283 0.533482
vt 0.812656 0.532008
vt 0.814613 0.534712
vt 0.813069 0.536270
vt 0.334076 0.662831
vt 0.824772 0.539640
vt 0.822973 0.538370
vt 0.413515 0.778264
vt 0.410572 0.778731
vt 0.826382 0.546436
vt 0.822275 0.544610
vt 0.822388 0.541468
vt 0.824584 0.542318
vt 0.819857 0.539459
vt 0.819526 0.541872
vt 0.342551 0.665597
vt 0.341546 0.666879
vt 0.343391 0.668963
vt 0.816524 0.538906
vt 0.817135 0.536901
vt 0.813889 0.513510
vt 0.815945 0.511331
vt 0.817064 0.513561
vt 0.815307 0.515448
vt 0.821851 0.485134
vt 0.821207 0.480361
vt 0.824112 0.480938
vt 0.824188 0.484709
vt 0.825843 0.480264
vt 0.826631 0.483572
vt 0.415948 0.797734
vt 0.416172 0.801568
vt 0.825161 0.477145
vt 0.826043 0.488743
vt 0.823769 0.490233
vt 0.828203 0.487055
vt 0.408308 0.778998
vt 0.407873 0.777753
vt 0.410173 0.776982
vt 0.407221 0.786868
vt 0.405662 0.786394
vt 0.406108 0.782357
vt 0.407758 0.782755
vt 0.841026 0.499759
vt 0.842345 0.498162
vt 0.044747 0.937152
vt 0.046271 0.936893
vt 0.043011 0.937876
vt 0.040700 0.926738
vt 0.041906 0.925383
vt 0.406563 0.792426
vt 0.407143 0.789920
vt 0.040642 0.925113
vt 0.041619 0.923772
vt 0.406996 0.779266
vt 0.406369 0.778683
vt 0.337077 0.675786
vt 0.334837 0.678852
vt 0.333150 0.677186
vt 0.405777 0.788922
vt 0.405808 0.790736
vt 0.331140 0.675761
vt 0.819961 0.521724
vt 0.821999 0.522685
vt 0.332303 0.679951
vt 0.330476 0.678822
vt 0.333730 0.680607
vt 0.818246 0.520441
vt 0.820206 0.518714
vt 0.821940 0.519399
vt 0.818881 0.518401
vt 0.625068 0.918851
vt 0.622974 0.917964
vt 0.622603 0.914976
vt 0.624453 0.915176
vt 0.823927 0.523546
vt 0.329466 0.674253
vt 0.331193 0.670838
vt 0.816755 0.518268
vt 0.405568 0.793731
vt 0.818117 0.516291
vt 0.626677 0.918123
vt 0.625622 0.914550
vt 0.404999 0.791087
vt 0.624166 0.911798
vt 0.625175 0.911616
vt 0.825386 0.496592
vt 0.828458 0.500168
vt 0.043567 0.924013
vt 0.045435 0.923021
vt 0.625251 0.895009
vt 0.624615 0.897024
vt 0.623013 0.896582
vt 0.623327 0.894529
vt 0.626665 0.896085
vt 0.625855 0.897748
vt 0.338224 0.678452
vt 0.341917 0.673733
vt 0.343280 0.675561
vt 0.339453 0.680380
vt 0.824127 0.498149
vt 0.827464 0.502145
vt 0.338806 0.659290
vt 0.341175 0.661656
vt 0.840180 0.475884
vt 0.841073 0.480040
vt 0.839239 0.480115
vt 0.842064 0.484075
vt 0.840900 0.483979
vt 0.843439 0.484231
vt 0.350998 0.633186
vt 0.352047 0.630117
vt 0.355923 0.632236
vt 0.355058 0.634942
vt 0.844972 0.473588
vt 0.842516 0.472940
vt 0.928789 0.430932
vt 0.926232 0.430833
vt 0.925388 0.425818
vt 0.927726 0.426070
vt 0.819636 0.485950
vt 0.817843 0.480514
vt 0.815270 0.482031
vt 0.671322 0.892254
vt 0.668526 0.889141
vt 0.822166 0.491487
vt 0.820757 0.492898
vt 0.817782 0.487297
vt 0.739261 0.552777
vt 0.744522 0.553880
vt 0.341815 0.633611
vt 0.345649 0.635146
vt 0.340822 0.637722
vt 0.355766 0.643268
vt 0.353844 0.646969
vt 0.336840 0.648120
vt 0.340031 0.649210
vt 0.341474 0.646126
vt 0.338184 0.645009
vt 0.339542 0.641547
vt 0.343326 0.625135
vt 0.347987 0.627725
vt 0.346717 0.631239
vt 0.341796 0.629000
vt 0.623576 0.901388
vt 0.624774 0.901820
vt 0.624341 0.905497
vt 0.623221 0.905252
vt 0.381248 0.628301
vt 0.379235 0.624816
vt 0.380545 0.621891
vt 0.382771 0.625657
vt 0.414879 0.716774
vt 0.413304 0.712118
vt 0.501889 0.168310
vt 0.490317 0.165527
vt 0.938036 0.485454
vt 0.941121 0.487911
vt 0.398707 0.695723
vt 0.389327 0.690672
vt 0.379646 0.673390
vt 0.373036 0.675405
vt 0.831703 0.511834
vt 0.834874 0.511340
vt 0.935861 0.479713
vt 0.935247 0.481063
vt 0.363242 0.635667
vt 0.366783 0.636872
vt 0.366247 0.639198
vt 0.362661 0.637977
vt 0.369686 0.640246
vt 0.365080 0.642304
vt 0.370148 0.637861
vt 0.373261 0.638720
vt 0.372929 0.641161
vt 0.376014 0.642020
vt 0.376157 0.639553
vt 0.496143 0.353672
vt 0.485727 0.371218
vt 0.384845 0.636917
vt 0.386496 0.635693
vt 0.388608 0.634217
vt 0.385627 0.632746
vt 0.387846 0.630663
vt 0.383863 0.634624
vt 0.804520 0.347546
vt 0.799502 0.335680
vt 0.826756 0.331306
vt 0.820418 0.319285
vt 0.369347 0.613875
vt 0.364825 0.610156
vt 0.366015 0.606553
vt 0.370640 0.610260
vt 0.410332 0.700989
vt 0.409240 0.694448
vt 0.408277 0.687270
vt 0.406185 0.694918
vt 0.404931 0.687686
vt 0.403753 0.679553
vt 0.407479 0.679199
vt 0.407393 0.671410
vt 0.403898 0.671581
vt 0.749977 0.687480
vt 0.739361 0.689829
vt 0.624064 0.899109
vt 0.622568 0.898751
vt 0.622062 0.901287
vt 0.625257 0.899595
vt 0.621668 0.905168
vt 0.618187 0.904699
vt 0.618603 0.901358
vt 0.620276 0.901441
vt 0.619777 0.905023
vt 0.818910 0.512914
vt 0.819859 0.515798
vt 0.821322 0.516407
vt 0.621455 0.908478
vt 0.619693 0.908137
vt 0.404696 0.785777
vt 0.404928 0.782120
vt 0.404809 0.788612
vt 0.403971 0.788567
vt 0.403753 0.785488
vt 0.624166 0.908640
vt 0.625008 0.908891
vt 0.403855 0.781888
vt 0.328759 0.751143
vt 0.832477 0.500913
vt 0.831686 0.503154
vt 0.830970 0.505428
vt 0.834918 0.505193
vt 0.834644 0.507520
vt 0.408210 0.780619
vt 0.406570 0.780412
vt 0.833170 0.498627
vt 0.833945 0.496208
vt 0.415594 0.779799
vt 0.416172 0.777490
vt 0.686073 0.897527
vt 0.685960 0.900526
vt 0.686217 0.904214
vt 0.690380 0.899513
vt 0.690819 0.902917
vt 0.690174 0.896920
vt 0.359649 0.634101
vt 0.358969 0.636540
vt 0.357571 0.639711
vt 0.361366 0.641072
vt 0.343351 0.664281
vt 0.345334 0.666916
vt 0.344472 0.667909
vt 0.344357 0.662526
vt 0.346527 0.665343
vt 0.336117 0.680868
vt 0.337412 0.682134
vt 0.334488 0.681951
vt 0.621305 0.896522
vt 0.621322 0.894839
vt 0.347329 0.672025
vt 0.346111 0.672608
vt 0.344858 0.670829
vt 0.346037 0.669979
vt 0.343559 0.671949
vt 0.344821 0.673581
vt 0.345882 0.660059
vt 0.348356 0.662563
vt 0.347770 0.657171
vt 0.350666 0.659348
vt 0.351849 0.650563
vt 0.349804 0.653980
vt 0.353079 0.655895
vt 0.405468 0.780090
vt 0.619251 0.898627
vt 0.620856 0.898657
vt 0.619954 0.896902
vt 0.683106 0.941067
vt 0.684584 0.948269
vt 0.358862 0.710715
vt 0.931431 0.351358
vt 0.349834 0.761702
vt 0.350821 0.757200
vt 0.325923 0.762726
vt 0.676858 0.935534
vt 0.681171 0.933742
vt 0.682409 0.958426
vt 0.344783 0.725813
vt 0.338862 0.726493
vt 0.696396 0.967923
vt 0.693680 0.971797
vt 0.690968 0.966808
vt 0.693981 0.962972
vt 0.325087 0.739917
vt 0.326283 0.734465
vt 0.688469 0.961115
vt 0.674286 0.922017
vt 0.675282 0.928343
vt 0.671004 0.929388
vt 0.669898 0.922878
vt 0.749454 0.586057
vt 0.749573 0.592498
vt 0.745623 0.593881
vt 0.745472 0.587124
vt 0.667232 0.930368
vt 0.683123 0.919681
vt 0.684420 0.925425
vt 0.679769 0.927088
vt 0.679003 0.920937
vt 0.685365 0.931930
vt 0.360568 0.744936
vt 0.353902 0.743217
vt 0.355129 0.737964
vt 0.356264 0.732098
vt 0.347517 0.742229
vt 0.318265 0.754114
vt 0.323307 0.752260
vt 0.367016 0.764445
vt 0.372038 0.768246
vt 0.349021 0.765442
vt 0.344542 0.764560
vt 0.489956 0.198427
vt 0.480126 0.211434
vt 0.472184 0.203365
vt 0.479704 0.191526
vt 0.373000 0.728011
vt 0.387464 0.683038
vt 0.379435 0.679035
vt 0.380445 0.685664
vt 0.372960 0.687508
vt 0.372669 0.681101
vt 0.382008 0.693116
vt 0.374238 0.694622
vt 0.385840 0.676414
vt 0.436063 0.193301
vt 0.438491 0.198087
vt 0.376192 0.552067
vt 0.385386 0.559565
vt 0.812291 0.279795
vt 0.821975 0.272268
vt 0.831261 0.266357
vt 0.366820 0.547582
vt 0.449392 0.090935
vt 0.443445 0.098035
vt 0.438978 0.092386
vt 0.445478 0.084579
vt 0.804931 0.287241
vt 0.802133 0.278628
vt 0.808897 0.271004
vt 0.395924 0.577313
vt 0.391718 0.568368
vt 0.376672 0.621198
vt 0.373324 0.617529
vt 0.374600 0.614097
vt 0.377819 0.618042
vt 0.411691 0.706909
vt 0.807400 0.314007
vt 0.814670 0.307619
vt 0.809357 0.297044
vt 0.802644 0.303629
vt 0.457180 0.104599
vt 0.452618 0.110248
vt 0.448086 0.104064
vt 0.453361 0.097631
vt 0.398484 0.585934
vt 0.399721 0.594076
vt 0.382770 0.631662
vt 0.384457 0.629325
vt 0.386582 0.626805
vt 0.397320 0.604292
vt 0.393639 0.606706
vt 0.390251 0.609485
vt 0.458863 0.135808
vt 0.459180 0.143001
vt 0.464147 0.141984
vt 0.463145 0.150155
vt 0.464168 0.133925
vt 0.457953 0.128970
vt 0.463455 0.126161
vt 0.456844 0.122586
vt 0.462159 0.118761
vt 0.452339 0.126540
vt 0.477919 0.120995
vt 0.476751 0.111709
vt 0.470154 0.123526
vt 0.468753 0.115075
vt 0.401551 0.602144
vt 0.403753 0.609891
vt 0.460145 0.111632
vt 0.466587 0.106995
vt 0.463991 0.099369
vt 0.474985 0.103039
vt 0.472786 0.094937
vt 0.459733 0.190937
vt 0.465261 0.196524
vt 0.454830 0.199830
vt 0.446345 0.176184
vt 0.449121 0.179144
vt 0.466296 0.159371
vt 0.472347 0.160732
vt 0.468646 0.171095
vt 0.463246 0.168636
vt 0.464366 0.181269
vt 0.459696 0.177708
vt 0.476034 0.174390
vt 0.471011 0.185803
vt 0.480239 0.162773
vt 0.397118 0.668542
vt 0.391813 0.672946
vt 0.458679 0.166560
vt 0.455738 0.174680
vt 0.461204 0.158341
vt 0.381770 0.730864
vt 0.351739 0.752578
vt 0.931471 0.336723
vt 0.934591 0.332493
vt 0.938501 0.336781
vt 0.369108 0.663700
vt 0.365227 0.670573
vt 0.686881 0.938835
vt 0.366795 0.702890
vt 0.376414 0.745402
vt 0.373630 0.750826
vt 0.367185 0.747391
vt 0.561951 0.271502
vt 0.578715 0.270858
vt 0.576686 0.291952
vt 0.559979 0.295390
vt 0.379220 0.738858
vt 0.371171 0.755615
vt 0.365209 0.752168
vt 0.956973 0.339016
vt 0.952574 0.332923
vt 0.949357 0.340903
vt 0.952885 0.347375
vt 0.383396 0.788857
vt 0.380848 0.790275
vt 0.931547 0.329346
vt 0.928334 0.333251
vt 0.747342 0.677295
vt 0.738884 0.678283
vt 0.509402 0.823779
vt 0.502903 0.792442
vt 0.535894 0.791785
vt 0.541789 0.823817
vt 0.941286 0.267637
vt 0.514559 0.421645
vt 0.501947 0.445829
vt 0.568381 0.450176
vt 0.589662 0.455665
vt 0.585815 0.484141
vt 0.562057 0.477780
vt 0.496566 0.759001
vt 0.473729 0.790083
vt 0.466475 0.758192
vt 0.658607 0.455373
vt 0.682004 0.449265
vt 0.688125 0.477264
vt 0.662907 0.484987
vt 0.752184 0.129360
vt 0.748671 0.145643
vt 0.722736 0.140826
vt 0.722956 0.121772
vt 0.631878 0.404154
vt 0.650297 0.398743
vt 0.654787 0.426067
vt 0.633512 0.429914
vt 0.438231 0.567141
vt 0.460041 0.558056
vt 0.456558 0.584322
vt 0.433997 0.591273
vt 0.481195 0.819849
vt 0.614492 0.405629
vt 0.613219 0.430668
vt 0.593741 0.428396
vt 0.597874 0.403831
vt 0.776254 0.835989
vt 0.807847 0.850311
vt 0.779894 0.860665
vt 0.749245 0.865270
vt 0.747196 0.839413
vt 0.523682 0.877650
vt 0.496883 0.871943
vt 0.488760 0.847474
vt 0.516366 0.852400
vt 0.547990 0.852704
vt 0.554276 0.878239
vt 0.484967 0.649194
vt 0.483641 0.612388
vt 0.515512 0.610178
vt 0.517882 0.647676
vt 0.484985 0.580055
vt 0.515307 0.576846
vt 0.632018 0.281151
vt 0.635457 0.286891
vt 0.632963 0.289257
vt 0.629565 0.284099
vt 0.897035 0.488902
vt 0.899704 0.490234
vt 0.898521 0.500075
vt 0.896173 0.497334
vt 0.628302 0.358874
vt 0.629193 0.366380
vt 0.616891 0.367219
vt 0.619016 0.358703
vt 0.639447 0.362958
vt 0.643334 0.377703
vt 0.629678 0.382705
vt 0.487784 0.686535
vt 0.521190 0.684558
vt 0.729172 0.454252
vt 0.721595 0.435597
vt 0.733146 0.429813
vt 0.742292 0.438831
vt 0.585570 0.157422
vt 0.602457 0.158944
vt 0.606716 0.177577
vt 0.588722 0.176097
vt 0.655045 0.368876
vt 0.647764 0.358219
vt 0.435224 0.721944
vt 0.430711 0.687284
vt 0.456019 0.687156
vt 0.460333 0.723577
vt 0.806378 0.959667
vt 0.804469 0.964947
vt 0.801213 0.962665
vt 0.802696 0.958042
vt 0.937309 0.637897
vt 0.939376 0.637398
vt 0.942035 0.645748
vt 0.939805 0.646954
vt 0.222544 0.829600
vt 0.201013 0.830608
vt 0.199831 0.810773
vt 0.225044 0.847981
vt 0.203063 0.849692
vt 0.547800 0.350091
vt 0.537253 0.373987
vt 0.503718 0.336482
vt 0.498627 0.379378
vt 0.525429 0.272203
vt 0.525392 0.296072
vt 0.378670 0.791654
vt 0.377382 0.787749
vt 0.454229 0.309487
vt 0.452542 0.305892
vt 0.375151 0.783617
vt 0.466274 0.277798
vt 0.471784 0.272101
vt 0.477511 0.311990
vt 0.486239 0.297305
vt 0.437940 0.338749
vt 0.438640 0.344349
vt 0.376439 0.772671
vt 0.921861 0.249912
vt 0.922621 0.252959
vt 0.919124 0.252935
vt 0.917489 0.250084
vt 0.466419 0.337461
vt 0.717878 0.389657
vt 0.736549 0.391178
vt 0.734912 0.413670
vt 0.718500 0.413638
vt 0.515639 0.171322
vt 0.518977 0.155218
vt 0.792119 0.773675
vt 0.813437 0.766718
vt 0.828878 0.662193
vt 0.512291 0.388066
vt 0.526232 0.397734
vt 0.818314 0.354160
vt 0.810604 0.359159
vt 0.856016 0.325426
vt 0.848648 0.330969
vt 0.825881 0.348766
vt 0.832853 0.360700
vt 0.861381 0.339044
vt 0.854559 0.344101
vt 0.476825 0.232050
vt 0.469112 0.223030
vt 0.797560 0.351340
vt 0.802702 0.363444
vt 0.509574 0.097761
vt 0.510007 0.106540
vt 0.509871 0.116575
vt 0.509266 0.127900
vt 0.470263 0.087500
vt 0.481511 0.084213
vt 0.801048 0.319632
vt 0.797123 0.309354
vt 0.460842 0.091986
vt 0.831883 0.755427
vt 0.839419 0.774702
vt 0.772045 0.808479
vt 0.472024 0.454726
vt 0.489698 0.470073
vt 0.479882 0.491824
vt 0.460375 0.474971
vt 0.457532 0.437665
vt 0.833111 0.833112
vt 0.768025 0.778185
vt 0.811938 0.870203
vt 0.783358 0.883116
vt 0.448982 0.169928
vt 0.452009 0.172097
vt 0.455752 0.186377
vt 0.452482 0.182505
vt 0.446876 0.168167
vt 0.444427 0.173563
vt 0.389064 0.645502
vt 0.530234 0.432553
vt 0.519707 0.458157
vt 0.741393 0.603695
vt 0.746262 0.602455
vt 0.747581 0.611193
vt 0.742326 0.613259
vt 0.524028 0.247647
vt 0.545239 0.247058
vt 0.565406 0.248476
vt 0.539034 0.319999
vt 0.522553 0.318560
vt 0.541942 0.295631
vt 0.559315 0.323162
vt 0.452644 0.311278
vt 0.450950 0.308539
vt 0.787523 0.415334
vt 0.784588 0.399526
vt 0.794725 0.396612
vt 0.798374 0.411471
vt 0.459028 0.311110
vt 0.457006 0.312147
vt 0.466738 0.300966
vt 0.465218 0.291757
vt 0.378970 0.795070
vt 0.463391 0.309892
vt 0.463179 0.302352
vt 0.461817 0.294751
vt 0.483679 0.281053
vt 0.785037 0.709642
vt 0.525967 0.517811
vt 0.522049 0.537684
vt 0.495737 0.524435
vt 0.501967 0.505604
vt 0.352812 0.772501
vt 0.353148 0.769239
vt 0.358009 0.771170
vt 0.357499 0.774383
vt 0.745222 0.811208
vt 0.743439 0.780478
vt 0.442197 0.754699
vt 0.543585 0.271525
vt 0.485688 0.178636
vt 0.334467 0.746236
vt 0.328580 0.747036
vt 0.790763 0.382391
vt 0.799702 0.379531
vt 0.804906 0.393034
vt 0.522227 0.127397
vt 0.521049 0.140511
vt 0.816743 0.371740
vt 0.808452 0.375901
vt 0.794715 0.366818
vt 0.522866 0.115886
vt 0.523117 0.106037
vt 0.824936 0.366556
vt 0.496909 0.183373
vt 0.853957 0.363340
vt 0.860908 0.358055
vt 0.867740 0.372205
vt 0.861164 0.377322
vt 0.809463 0.407918
vt 0.536820 0.116212
vt 0.536309 0.127528
vt 0.867274 0.353388
vt 0.873718 0.367878
vt 0.847162 0.368691
vt 0.839870 0.374327
vt 0.510368 0.188745
vt 0.814634 0.389070
vt 0.823455 0.384901
vt 0.457639 0.235477
vt 0.450695 0.157343
vt 0.388073 0.643137
vt 0.388165 0.642177
vt 0.388959 0.642462
vt 0.388895 0.643662
vt 0.946178 0.487918
vt 0.947089 0.489145
vt 0.390033 0.642700
vt 0.448310 0.157685
vt 0.396939 0.636547
vt 0.659665 0.181301
vt 0.641229 0.180786
vt 0.636544 0.158840
vt 0.655116 0.158190
vt 0.384591 0.771534
vt 0.382293 0.774483
vt 0.378825 0.768764
vt 0.381277 0.765145
vt 0.806545 0.686145
vt 0.806937 0.678218
vt 0.374156 0.764082
vt 0.376578 0.759948
vt 0.736174 0.614497
vt 0.833970 0.702975
vt 0.836994 0.851206
vt 0.610612 0.488055
vt 0.610480 0.516939
vt 0.583035 0.512143
vt 0.453973 0.650557
vt 0.454216 0.615481
vt 0.553158 0.528037
vt 0.550662 0.548320
vt 0.491484 0.723367
vt 0.450207 0.784635
vt 0.642181 0.543270
vt 0.611075 0.542046
vt 0.639192 0.517839
vt 0.429275 0.652586
vt 0.430646 0.619997
vt 0.548293 0.442344
vt 0.539772 0.469046
vt 0.525209 0.721505
vt 0.754586 0.450626
vt 0.739615 0.471375
vt 0.269819 0.863857
vt 0.264886 0.847845
vt 0.279276 0.849957
vt 0.284355 0.867247
vt 0.509833 0.483476
vt 0.532278 0.495104
vt 0.530206 0.757714
vt 0.556858 0.504738
vt 0.581468 0.536264
vt 0.668231 0.513153
vt 0.673531 0.538430
vt 0.240036 0.770120
vt 0.241915 0.748981
vt 0.839419 0.679319
vt 0.611858 0.458624
vt 0.634945 0.458669
vt 0.636495 0.488788
vt 0.695643 0.503263
vt 0.703272 0.527160
vt 0.719732 0.488965
vt 0.750993 0.488138
vt 0.729533 0.509981
vt 0.487075 0.552313
vt 0.718435 0.365413
vt 0.737909 0.366934
vt 0.710636 0.466867
vt 0.541211 0.407453
vt 0.804854 0.697685
vt 0.246504 0.846786
vt 0.243124 0.828817
vt 0.261514 0.829472
vt 0.259493 0.810486
vt 0.244292 0.726389
vt 0.245998 0.701875
vt 0.264905 0.705368
vt 0.262168 0.728876
vt 0.247386 0.675483
vt 0.248073 0.647561
vt 0.267993 0.653406
vt 0.266921 0.680021
vt 0.749902 0.418832
vt 0.764590 0.426775
vt 0.901348 0.212507
vt 0.901268 0.219583
vt 0.899792 0.220061
vt 0.899747 0.213209
vt 0.224896 0.673236
vt 0.746954 0.241964
vt 0.745389 0.222292
vt 0.760791 0.221327
vt 0.761495 0.241120
vt 0.744487 0.202167
vt 0.744990 0.182259
vt 0.762962 0.182124
vt 0.760888 0.201577
vt 0.274646 0.812338
vt 0.276024 0.831523
vt 0.750132 0.280772
vt 0.748252 0.261419
vt 0.762232 0.260872
vt 0.764676 0.280803
vt 0.756151 0.321235
vt 0.753065 0.300139
vt 0.768523 0.301310
vt 0.772031 0.323404
vt 0.718053 0.302909
vt 0.715675 0.284091
vt 0.732944 0.281857
vt 0.735544 0.301050
vt 0.767304 0.462872
vt 0.778247 0.435322
vt 0.704079 0.203737
vt 0.702042 0.181253
vt 0.724563 0.181731
vt 0.725303 0.202841
vt 0.703685 0.442379
vt 0.671806 0.387726
vt 0.677109 0.419997
vt 0.663492 0.356830
vt 0.679764 0.362857
vt 0.820475 0.403742
vt 0.935636 0.274908
vt 0.676348 0.158002
vt 0.680159 0.181370
vt 0.699372 0.416470
vt 0.557528 0.416462
vt 0.575157 0.423644
vt 0.215937 0.555557
vt 0.242798 0.563319
vt 0.246114 0.590215
vt 0.220781 0.584089
vt 0.429275 0.350170
vt 0.854620 0.382816
vt 0.847354 0.388620
vt 0.644209 0.201816
vt 0.662993 0.204838
vt 0.460063 0.317146
vt 0.608086 0.330247
vt 0.610752 0.330802
vt 0.611813 0.340785
vt 0.609672 0.341262
vt 0.264556 0.575906
vt 0.266859 0.600068
vt 0.746673 0.163212
vt 0.723574 0.160907
vt 0.948846 0.288365
vt 0.951822 0.287698
vt 0.258332 0.791142
vt 0.273918 0.792923
vt 0.770814 0.400771
vt 0.784588 0.406716
vt 0.754636 0.395149
vt 0.735666 0.604474
vt 0.735202 0.595717
vt 0.740806 0.594817
vt 0.728959 0.243362
vt 0.726538 0.223959
vt 0.697277 0.389581
vt 0.196816 0.612935
vt 0.192811 0.582337
vt 0.223488 0.614345
vt 0.601799 0.382556
vt 0.615492 0.384176
vt 0.566547 0.392404
vt 0.581931 0.399359
vt 0.551758 0.383395
vt 0.437449 0.333778
vt 0.445802 0.328285
vt 0.436955 0.329608
vt 0.444481 0.325401
vt 0.663729 0.294887
vt 0.673092 0.292257
vt 0.675513 0.308306
vt 0.667958 0.309615
vt 0.955663 0.286947
vt 0.789146 0.695415
vt 0.793248 0.683875
vt 0.831840 0.379991
vt 0.460541 0.303840
vt 0.771968 0.690331
vt 0.760425 0.681179
vt 0.768485 0.674519
vt 0.779588 0.679851
vt 0.774854 0.669799
vt 0.784509 0.673431
vt 0.960740 0.347392
vt 0.955494 0.355336
vt 0.754681 0.673735
vt 0.760940 0.669777
vt 0.368953 0.760098
vt 0.363363 0.756856
vt 0.357096 0.776871
vt 0.357303 0.775745
vt 0.361879 0.778444
vt 0.361688 0.779742
vt 0.323059 0.748644
vt 0.323926 0.744631
vt 0.329330 0.742935
vt 0.696502 0.976006
vt 0.694240 0.980190
vt 0.699693 0.979366
vt 0.340516 0.746209
vt 0.346574 0.746781
vt 0.795656 0.676391
vt 0.452803 0.322021
vt 0.451285 0.320516
vt 0.674549 0.993654
vt 0.675725 0.985931
vt 0.679657 0.988991
vt 0.677036 0.995175
vt 0.944014 0.355339
vt 0.945350 0.360781
vt 0.941744 0.362298
vt 0.939807 0.357683
vt 0.839198 0.394252
vt 0.830344 0.399142
vt 0.691893 0.984791
vt 0.686454 0.918567
vt 0.689055 0.923136
vt 0.920752 0.246619
vt 0.915850 0.247072
vt 0.492518 0.904619
vt 0.489042 0.902373
vt 0.490804 0.895130
vt 0.495313 0.898316
vt 0.816282 0.673457
vt 0.731119 0.262664
vt 0.689928 0.929332
vt 0.682593 0.909646
vt 0.678795 0.910334
vt 0.694478 0.913023
vt 0.697194 0.916259
vt 0.692996 0.920362
vt 0.690386 0.916355
vt 0.694832 0.926303
vt 0.701141 0.920818
vt 0.697809 0.909320
vt 0.700215 0.911197
vt 0.704499 0.912860
vt 0.701947 0.907248
vt 0.705893 0.907310
vt 0.699831 0.906878
vt 0.686985 0.908261
vt 0.688358 0.912364
vt 0.684175 0.914180
vt 0.692760 0.909836
vt 0.635803 0.903263
vt 0.636325 0.898797
vt 0.640869 0.896672
vt 0.640273 0.901454
vt 0.335566 0.707716
vt 0.340187 0.706970
vt 0.639934 0.906166
vt 0.644636 0.905152
vt 0.675518 0.910315
vt 0.671315 0.910378
vt 0.677500 0.915333
vt 0.673002 0.916016
vt 0.644694 0.894529
vt 0.645008 0.900072
vt 0.666413 0.910594
vt 0.750330 0.573852
vt 0.749723 0.579890
vt 0.668312 0.916661
vt 0.740518 0.587825
vt 0.695061 0.901377
vt 0.695914 0.904720
vt 0.691606 0.906493
vt 0.696694 0.907201
vt 0.699657 0.905180
vt 0.698535 0.899869
vt 0.699298 0.903024
vt 0.693409 0.896309
vt 0.694139 0.898200
vt 0.697443 0.897250
vt 0.837726 0.507562
vt 0.841312 0.508753
vt 0.838011 0.509896
vt 0.837586 0.505438
vt 0.621303 0.911280
vt 0.623018 0.908573
vt 0.622770 0.911742
vt 0.843865 0.494459
vt 0.845179 0.495113
vt 0.845537 0.498207
vt 0.843928 0.497099
vt 0.847062 0.499319
vt 0.348361 0.668399
vt 0.347091 0.669403
vt 0.350093 0.672151
vt 0.350658 0.665251
vt 0.352921 0.668150
vt 0.353577 0.661673
vt 0.356658 0.664166
vt 0.356460 0.657897
vt 0.364147 0.661970
vt 0.360068 0.659945
vt 0.360256 0.666980
vt 0.844866 0.507230
vt 0.845103 0.510174
vt 0.841853 0.511331
vt 0.847563 0.506304
vt 0.847962 0.509896
vt 0.702264 0.901810
vt 0.702358 0.904438
vt 0.705704 0.900099
vt 0.706102 0.903332
vt 0.701767 0.898748
vt 0.704633 0.897004
vt 0.366272 0.695549
vt 0.365612 0.688747
vt 0.365674 0.677148
vt 0.365628 0.682745
vt 0.503075 0.948341
vt 0.502542 0.948678
vt 0.499583 0.942382
vt 0.500452 0.941906
vt 0.344757 0.705731
vt 0.350493 0.702377
vt 0.358692 0.703006
vt 0.355244 0.671260
vt 0.351983 0.674869
vt 0.357727 0.675195
vt 0.353738 0.678379
vt 0.359428 0.684349
vt 0.359072 0.679758
vt 0.354760 0.682127
vt 0.354916 0.685640
vt 0.358910 0.695905
vt 0.359243 0.689605
vt 0.353179 0.695042
vt 0.354521 0.689708
vt 0.499434 0.905741
vt 0.498584 0.905812
vt 0.499947 0.902807
vt 0.500765 0.902859
vt 0.813004 0.424116
vt 0.801666 0.425943
vt 0.825264 0.420223
vt 0.630281 0.312190
vt 0.627223 0.311925
vt 0.625798 0.310796
vt 0.628994 0.309892
vt 0.802345 0.986498
vt 0.797387 0.983517
vt 0.799457 0.979534
vt 0.803877 0.982030
vt 0.801704 0.926128
vt 0.799775 0.929613
vt 0.796335 0.927223
vt 0.798099 0.924493
vt 0.639722 0.340893
vt 0.638014 0.338409
vt 0.638916 0.334656
vt 0.641827 0.336404
vt 0.660544 0.279466
vt 0.669379 0.275936
vt 0.719606 0.322257
vt 0.702510 0.323564
vt 0.701771 0.305021
vt 0.699713 0.286625
vt 0.613921 0.265443
vt 0.615126 0.261339
vt 0.618815 0.262773
vt 0.617440 0.267413
vt 0.659027 0.304500
vt 0.656444 0.297045
vt 0.659352 0.296183
vt 0.661187 0.303977
vt 0.652993 0.289844
vt 0.656007 0.288908
vt 0.713288 0.265013
vt 0.685300 0.289344
vt 0.687274 0.306852
vt 0.699307 0.365006
vt 0.701554 0.343317
vt 0.719627 0.343105
vt 0.627563 0.342896
vt 0.622613 0.345851
vt 0.620172 0.339236
vt 0.625112 0.336806
vt 0.616442 0.271445
vt 0.622205 0.271025
vt 0.620386 0.275012
vt 0.810643 0.967853
vt 0.807667 0.966706
vt 0.809672 0.961072
vt 0.812445 0.962091
vt 0.801466 0.968885
vt 0.799324 0.965888
vt 0.624076 0.265933
vt 0.628606 0.334773
vt 0.629862 0.339005
vt 0.380998 0.924038
vt 0.382528 0.923012
vt 0.384158 0.926429
vt 0.382631 0.926910
vt 0.614029 0.268940
vt 0.930814 0.666069
vt 0.936491 0.662584
vt 0.942153 0.669387
vt 0.936525 0.674006
vt 0.378673 0.925391
vt 0.380268 0.928303
vt 0.605864 0.290025
vt 0.609695 0.281700
vt 0.612301 0.285741
vt 0.610100 0.291323
vt 0.605018 0.298326
vt 0.609084 0.297582
vt 0.076174 0.931226
vt 0.073985 0.930316
vt 0.073583 0.924181
vt 0.076174 0.924845
vt 0.354487 0.925656
vt 0.355745 0.929168
vt 0.349888 0.928737
vt 0.349773 0.925867
vt 0.809238 0.934053
vt 0.808753 0.939265
vt 0.805408 0.940341
vt 0.805265 0.934765
vt 0.801090 0.974311
vt 0.795365 0.977432
vt 0.796468 0.973211
vt 0.637781 0.301033
vt 0.635704 0.294853
vt 0.638306 0.293152
vt 0.640625 0.299865
vt 0.379912 0.919584
vt 0.382148 0.918630
vt 0.938008 0.584036
vt 0.935820 0.594210
vt 0.930814 0.593356
vt 0.933236 0.582981
vt 0.377190 0.920814
vt 0.808596 0.944363
vt 0.805398 0.944899
vt 0.804765 0.948952
vt 0.803620 0.953051
vt 0.799854 0.952267
vt 0.801758 0.948957
vt 0.642439 0.291391
vt 0.644906 0.298866
vt 0.639352 0.307609
vt 0.642349 0.306999
vt 0.602397 0.315530
vt 0.599669 0.302269
vt 0.606485 0.306299
vt 0.646673 0.306525
vt 0.799227 0.956829
vt 0.795830 0.956119
vt 0.797690 0.953330
vt 0.615161 0.274259
vt 0.618677 0.278126
vt 0.614650 0.276894
vt 0.617636 0.281308
vt 0.814649 0.911969
vt 0.811112 0.913922
vt 0.812219 0.906344
vt 0.816004 0.907077
vt 0.811105 0.925169
vt 0.813808 0.924948
vt 0.813423 0.929234
vt 0.810481 0.929302
vt 0.812409 0.933591
vt 0.816431 0.923824
vt 0.815751 0.928254
vt 0.810790 0.955370
vt 0.813652 0.956156
vt 0.807393 0.954239
vt 0.815122 0.963191
vt 0.816944 0.964326
vt 0.814817 0.970907
vt 0.813242 0.969330
vt 0.946471 0.561011
vt 0.941315 0.561421
vt 0.939812 0.551747
vt 0.946482 0.548320
vt 0.655874 0.347215
vt 0.660130 0.348687
vt 0.653872 0.359805
vt 0.650267 0.357960
vt 0.817242 0.911273
vt 0.817647 0.916413
vt 0.815530 0.918074
vt 0.931814 0.621059
vt 0.932464 0.612381
vt 0.936913 0.611757
vt 0.935851 0.620158
vt 0.926774 0.622092
vt 0.927275 0.612761
vt 0.928761 0.603261
vt 0.922312 0.613145
vt 0.923849 0.603254
vt 0.921751 0.622889
vt 0.940226 0.573111
vt 0.935379 0.572335
vt 0.639991 0.328655
vt 0.637711 0.328048
vt 0.638639 0.321386
vt 0.640610 0.321749
vt 0.662915 0.312906
vt 0.663357 0.324379
vt 0.660218 0.324154
vt 0.660254 0.312940
vt 0.811072 0.975079
vt 0.808156 0.973161
vt 0.643390 0.314552
vt 0.640385 0.314576
vt 0.611630 0.275562
vt 0.603394 0.276687
vt 0.607344 0.268815
vt 0.627338 0.275690
vt 0.625097 0.279306
vt 0.812522 0.919034
vt 0.629971 0.270962
vt 0.612210 0.265765
vt 0.613005 0.270018
vt 0.809600 0.919606
vt 0.566371 0.896587
vt 0.565682 0.903187
vt 0.561282 0.898386
vt 0.563349 0.894529
vt 0.651767 0.344542
vt 0.646437 0.353567
vt 0.656518 0.323467
vt 0.655858 0.313323
vt 0.924560 0.644343
vt 0.922623 0.633312
vt 0.927489 0.631873
vt 0.929136 0.642301
vt 0.658721 0.335667
vt 0.655045 0.334297
vt 0.638907 0.354530
vt 0.631728 0.355466
vt 0.632345 0.351154
vt 0.638436 0.349457
vt 0.571500 0.907318
vt 0.569179 0.904644
vt 0.571878 0.894529
vt 0.574989 0.895047
vt 0.933853 0.603510
vt 0.938404 0.603273
vt 0.600063 0.289533
vt 0.623438 0.282100
vt 0.622519 0.284722
vt 0.628046 0.286396
vt 0.570623 0.920266
vt 0.575512 0.920445
vt 0.576937 0.930658
vt 0.571169 0.929028
vt 0.632163 0.265953
vt 0.654364 0.912777
vt 0.658149 0.915172
vt 0.659153 0.924490
vt 0.654547 0.921287
vt 0.379250 0.914167
vt 0.382310 0.913102
vt 0.631508 0.291196
vt 0.630461 0.293158
vt 0.627153 0.288458
vt 0.816845 0.937687
vt 0.817144 0.944012
vt 0.814714 0.944313
vt 0.814697 0.938500
vt 0.634104 0.296514
vt 0.647696 0.314486
vt 0.650752 0.305159
vt 0.652161 0.313958
vt 0.567580 0.916315
vt 0.574244 0.909037
vt 0.376712 0.916407
vt 0.609985 0.303388
vt 0.615272 0.278992
vt 0.615923 0.280675
vt 0.616732 0.282575
vt 0.614657 0.307598
vt 0.610094 0.311220
vt 0.807332 0.928981
vt 0.807911 0.924797
vt 0.932255 0.564435
vt 0.935817 0.562576
vt 0.931376 0.572453
vt 0.928873 0.582535
vt 0.624390 0.254333
vt 0.625005 0.251740
vt 0.631976 0.254463
vt 0.630609 0.256351
vt 0.806827 0.920512
vt 0.932215 0.630009
vt 0.933615 0.639540
vt 0.612608 0.255473
vt 0.610398 0.261304
vt 0.607563 0.261221
vt 0.609991 0.253631
vt 0.618805 0.331115
vt 0.623904 0.329494
vt 0.485700 0.911332
vt 0.480356 0.913184
vt 0.480133 0.902555
vt 0.484741 0.902539
vt 0.896842 0.479741
vt 0.900716 0.480133
vt 0.619201 0.254502
vt 0.618241 0.252293
vt 0.612783 0.261021
vt 0.615093 0.256881
vt 0.637055 0.356062
vt 0.623172 0.256369
vt 0.628509 0.258386
vt 0.619707 0.255940
vt 0.830091 0.531398
vt 0.834303 0.531291
vt 0.833165 0.540341
vt 0.828548 0.538427
vt 0.654718 0.903677
vt 0.655331 0.894529
vt 0.659153 0.894945
vt 0.658462 0.904952
vt 0.643616 0.322213
vt 0.654631 0.303682
vt 0.631946 0.308503
vt 0.634626 0.311890
vt 0.816773 0.900546
vt 0.818941 0.902311
vt 0.593842 0.320882
vt 0.590326 0.306156
vt 0.649213 0.276636
vt 0.653503 0.285293
vt 0.921297 0.603740
vt 0.923461 0.593399
vt 0.926096 0.592868
vt 0.926318 0.582722
vt 0.643817 0.268115
vt 0.664946 0.321937
vt 0.667866 0.323417
vt 0.662641 0.337934
vt 0.663058 0.330582
vt 0.576937 0.896592
vt 0.927737 0.251480
vt 0.818406 0.907167
vt 0.610370 0.267157
vt 0.894414 0.488227
vt 0.893095 0.479708
vt 0.892541 0.494188
vt 0.889897 0.481345
vt 0.936710 0.554372
vt 0.830344 0.546436
vt 0.826382 0.544539
vt 0.590558 0.289238
vt 0.593629 0.269899
vt 0.562238 0.906955
vt 0.558766 0.901890
vt 0.643059 0.329753
vt 0.647420 0.331017
vt 0.880513 0.456646
vt 0.881390 0.469060
vt 0.875319 0.469409
vt 0.874681 0.458406
vt 0.642189 0.365094
vt 0.638828 0.358774
vt 0.631125 0.365749
vt 0.629744 0.359655
vt 0.884221 0.482812
vt 0.879111 0.482896
vt 0.888339 0.469061
vt 0.892288 0.469574
vt 0.887540 0.457989
vt 0.943740 0.654143
vt 0.940356 0.657766
vt 0.936318 0.649522
vt 0.636140 0.343049
vt 0.635808 0.338469
vt 0.647964 0.322712
vt 0.835474 0.517219
vt 0.834874 0.511471
vt 0.838299 0.511353
vt 0.838299 0.517662
vt 0.637230 0.261247
vt 0.634801 0.263212
vt 0.929017 0.573449
vt 0.805683 0.987919
vt 0.807615 0.983937
vt 0.621069 0.360169
vt 0.621590 0.356018
vt 0.896622 0.469857
vt 0.632410 0.344014
vt 0.811787 0.944297
vt 0.811956 0.938892
vt 0.814872 0.932869
vt 0.935994 0.628809
vt 0.560850 0.916126
vt 0.563635 0.921590
vt 0.561633 0.923412
vt 0.560007 0.920410
vt 0.684874 0.342684
vt 0.687304 0.324356
vt 0.932128 0.276362
vt 0.931615 0.276180
vt 0.927181 0.269499
vt 0.927784 0.269608
vt 0.892162 0.460252
vt 0.896691 0.461539
vt 0.944898 0.573555
vt 0.942669 0.584457
vt 0.615513 0.234153
vt 0.622903 0.244667
vt 0.607927 0.244375
vt 0.599291 0.237393
vt 0.348044 0.920033
vt 0.349666 0.918686
vt 0.351194 0.919665
vt 0.350411 0.922327
vt 0.353345 0.922721
vt 0.557406 0.919430
vt 0.559583 0.922350
vt 0.558083 0.922184
vt 0.345080 0.918227
vt 0.347266 0.916365
vt 0.346316 0.922642
vt 0.946482 0.652391
vt 0.793411 0.951151
vt 0.790282 0.953542
vt 0.789365 0.950796
vt 0.792519 0.949014
vt 0.801430 0.938955
vt 0.799765 0.936527
vt 0.802535 0.932153
vt 0.353159 0.920399
vt 0.348215 0.912836
vt 0.350077 0.914491
vt 0.349705 0.916532
vt 0.560322 0.924201
vt 0.555319 0.919235
vt 0.554530 0.915350
vt 0.557185 0.915379
vt 0.557435 0.905167
vt 0.559541 0.909866
vt 0.557043 0.910968
vt 0.556675 0.908052
vt 0.641681 0.923791
vt 0.643730 0.922621
vt 0.645213 0.925051
vt 0.642147 0.927327
vt 0.804394 0.927715
vt 0.804829 0.924135
vt 0.802135 0.923437
vt 0.799209 0.922954
vt 0.369987 0.912497
vt 0.368825 0.917708
vt 0.365776 0.917944
vt 0.366185 0.913657
vt 0.617169 0.284418
vt 0.613787 0.287616
vt 0.374048 0.918088
vt 0.371806 0.917978
vt 0.372761 0.912449
vt 0.375007 0.912493
vt 0.063507 0.927087
vt 0.066726 0.925939
vt 0.065536 0.928875
vt 0.062995 0.928966
vt 0.803858 0.921178
vt 0.067354 0.923020
vt 0.064087 0.925063
vt 0.060712 0.926032
vt 0.060873 0.928350
vt 0.638222 0.926519
vt 0.639377 0.923293
vt 0.060459 0.923733
vt 0.391636 0.924945
vt 0.391298 0.928289
vt 0.389612 0.926556
vt 0.389468 0.923941
vt 0.374418 0.926385
vt 0.371523 0.924509
vt 0.391621 0.921191
vt 0.389242 0.920957
vt 0.802438 0.945640
vt 0.802251 0.942292
vt 0.387657 0.923255
vt 0.387273 0.920812
vt 0.797305 0.933843
vt 0.794301 0.930747
vt 0.368235 0.923032
vt 0.365770 0.921359
vt 0.612538 0.292130
vt 0.611969 0.297101
vt 0.393920 0.926329
vt 0.394220 0.921608
vt 0.392924 0.930260
vt 0.794134 0.926329
vt 0.795409 0.924274
vt 0.644258 0.915487
vt 0.645213 0.917582
vt 0.643828 0.917839
vt 0.643150 0.916381
vt 0.645035 0.920294
vt 0.643642 0.919602
vt 0.391126 0.917063
vt 0.388939 0.917783
vt 0.798651 0.941847
vt 0.796975 0.939917
vt 0.612729 0.301799
vt 0.615760 0.305389
vt 0.393772 0.916649
vt 0.391291 0.912957
vt 0.394220 0.912449
vt 0.389063 0.914888
vt 0.794754 0.937875
vt 0.792338 0.933821
vt 0.064307 0.931175
vt 0.062577 0.930651
vt 0.636049 0.923107
vt 0.635803 0.919691
vt 0.637318 0.919426
vt 0.637568 0.921541
vt 0.388167 0.925176
vt 0.386357 0.923013
vt 0.386081 0.920960
vt 0.060937 0.930295
vt 0.061070 0.931686
vt 0.060383 0.932392
vt 0.059793 0.930373
vt 0.062142 0.932087
vt 0.387322 0.918473
vt 0.638838 0.919023
vt 0.638833 0.920327
vt 0.637789 0.917098
vt 0.639134 0.917445
vt 0.639994 0.921360
vt 0.640231 0.919875
vt 0.063401 0.932564
vt 0.641974 0.915468
vt 0.642311 0.917300
vt 0.641292 0.916516
vt 0.641707 0.918764
vt 0.640621 0.918208
vt 0.067354 0.929412
vt 0.065718 0.931898
vt 0.641424 0.921662
vt 0.641384 0.920196
vt 0.639933 0.915728
vt 0.640858 0.914994
vt 0.642207 0.920153
vt 0.642622 0.919065
vt 0.642961 0.918001
vt 0.940363 0.594292
vt 0.461144 0.310327
vt 0.503402 0.898877
vt 0.502771 0.898734
vt 0.504091 0.897219
vt 0.504647 0.897362
vt 0.675215 0.324213
vt 0.671339 0.340524
vt 0.644147 0.274442
vt 0.638916 0.265477
vt 0.644996 0.265001
vt 0.648645 0.273748
vt 0.639299 0.254119
vt 0.647057 0.252214
vt 0.653516 0.266117
vt 0.632390 0.255002
vt 0.757663 0.345003
vt 0.738679 0.343264
vt 0.737922 0.321187
vt 0.757106 0.369970
vt 0.280705 0.710460
vt 0.277404 0.732754
vt 0.268005 0.626356
vt 0.284025 0.635579
vt 0.284355 0.660957
vt 0.283143 0.686299
vt 0.247748 0.618808
vt 0.224723 0.644354
vt 0.200917 0.671803
vt 0.199497 0.642924
vt 0.458035 0.316437
vt 0.943766 0.484715
vt 0.943898 0.483923
vt 0.944521 0.485020
vt 0.944657 0.485619
vt 0.942109 0.482588
vt 0.942596 0.481571
vt 0.473424 0.324867
vt 0.923772 0.261380
vt 0.939936 0.479787
vt 0.940705 0.478631
vt 0.683063 0.205222
vt 0.199309 0.790554
vt 0.645348 0.221541
vt 0.633162 0.244309
vt 0.641034 0.244030
vt 0.662652 0.336514
vt 0.368889 0.785236
vt 0.368380 0.786349
vt 0.365493 0.782980
vt 0.365887 0.781760
vt 0.623752 0.179824
vt 0.626294 0.199292
vt 0.609753 0.196955
vt 0.628397 0.217635
vt 0.612362 0.216016
vt 0.577473 0.312406
vt 0.561872 0.360870
vt 0.605597 0.365540
vt 0.572336 0.340530
vt 0.654579 0.244684
vt 0.663126 0.259997
vt 0.583903 0.328475
vt 0.642830 0.235907
vt 0.618749 0.347489
vt 0.616450 0.340442
vt 0.626109 0.261119
vt 0.594951 0.359398
vt 0.601063 0.348601
vt 0.609413 0.355714
vt 0.645071 0.352596
vt 0.651753 0.347640
vt 0.655294 0.351266
vt 0.901079 0.470476
vt 0.901034 0.461771
vt 0.459778 0.287298
vt 0.501417 0.900555
vt 0.502138 0.900708
vt 0.386687 0.778775
vt 0.384531 0.780848
vt 0.604719 0.343922
vt 0.611852 0.352781
vt 0.575174 0.370562
vt 0.588455 0.377802
vt 0.619435 0.159599
vt 0.617379 0.257818
vt 0.620922 0.258761
vt 0.630330 0.136883
vt 0.648961 0.135073
vt 0.622711 0.114901
vt 0.641353 0.112175
vt 0.607592 0.120044
vt 0.592305 0.125086
vt 0.584277 0.108899
vt 0.601645 0.101013
vt 0.632766 0.090672
vt 0.616596 0.094801
vt 0.611360 0.074832
vt 0.624452 0.069934
vt 0.895402 0.028005
vt 0.879631 0.042692
vt 0.875167 0.025523
vt 0.891740 0.012229
vt 0.808137 0.949219
vt 0.859088 0.038466
vt 0.690974 0.107812
vt 0.664249 0.110022
vt 0.629881 0.233788
vt 0.648950 0.282426
vt 0.652525 0.281517
vt 0.863323 0.057448
vt 0.897364 0.453191
vt 0.892989 0.451986
vt 0.652788 0.323225
vt 0.651809 0.332797
vt 0.444920 0.455218
vt 0.874449 0.385567
vt 0.868369 0.390480
vt 0.862472 0.396655
vt 0.855158 0.403456
vt 0.876460 0.417803
vt 0.868570 0.430124
vt 0.861570 0.417400
vt 0.867927 0.407737
vt 0.846244 0.410220
vt 0.836183 0.415634
vt 0.804075 0.437507
vt 0.796049 0.443780
vt 0.791150 0.430545
vt 0.814052 0.443561
vt 0.597857 0.141638
vt 0.614004 0.139723
vt 0.597605 0.081097
vt 0.899747 0.041235
vt 0.885528 0.057191
vt 0.583065 0.089327
vt 0.581713 0.073223
vt 0.595341 0.062133
vt 0.857671 0.445595
vt 0.852111 0.427019
vt 0.840207 0.433436
vt 0.842945 0.451986
vt 0.870085 0.076018
vt 0.699380 0.158635
vt 0.671251 0.134322
vt 0.695727 0.134978
vt 0.251115 0.862889
vt 0.385970 0.640989
vt 0.385242 0.641347
vt 0.383174 0.640169
vt 0.384080 0.639683
vt 0.228232 0.865118
vt 0.776585 0.131891
vt 0.276042 0.878564
vt 0.256763 0.878223
vt 0.232247 0.881442
vt 0.576057 0.118278
vt 0.579050 0.127905
vt 0.809160 0.979975
vt 0.805710 0.977637
vt 0.620613 0.357625
vt 0.773827 0.373918
vt 0.774008 0.347791
vt 0.429155 0.545546
vt 0.429275 0.545718
vt 0.429275 0.547755
vt 0.429014 0.547526
vt 0.901079 0.452780
vt 0.901964 0.208848
vt 0.899768 0.208177
vt 0.901083 0.205386
vt 0.902738 0.207736
vt 0.927145 0.655567
vt 0.932121 0.653130
vt 0.798427 0.960802
vt 0.648872 0.296761
vt 0.580722 0.252078
vt 0.594018 0.252744
vt 0.804522 0.971542
vt 0.924934 0.264741
vt 0.924413 0.263371
vt 0.745693 0.669527
vt 0.738663 0.669645
vt 0.938187 0.619502
vt 0.938121 0.628284
vt 0.424882 0.751708
vt 0.415013 0.749874
vt 0.417074 0.721672
vt 0.427742 0.725239
vt 0.427742 0.776982
vt 0.418700 0.776564
vt 0.934218 0.274870
vt 0.582850 0.912331
vt 0.582515 0.912237
vt 0.583204 0.901792
vt 0.583623 0.901890
vt 0.938350 0.283498
vt 0.936232 0.284834
vt 0.940043 0.292438
vt 0.938394 0.293511
vt 0.367621 0.787363
vt 0.364973 0.784048
vt 0.498260 0.909616
vt 0.497421 0.909794
vt 0.356867 0.777671
vt 0.361578 0.780875
vt 0.496479 0.914430
vt 0.497311 0.914230
vt 0.496812 0.921299
vt 0.495962 0.921282
vt 0.370909 0.781426
vt 0.367323 0.777466
vt 0.331108 0.773533
vt 0.331185 0.773907
vt 0.328760 0.774200
vt 0.328382 0.772801
vt 0.903003 0.209369
vt 0.902250 0.212360
vt 0.495723 0.914724
vt 0.495313 0.921271
vt 0.582222 0.923393
vt 0.581138 0.923153
vt 0.581841 0.911969
vt 0.498752 0.921103
vt 0.497784 0.921203
vt 0.498244 0.914099
vt 0.499227 0.913932
vt 0.371085 0.788780
vt 0.370519 0.789636
vt 0.327847 0.775959
vt 0.325680 0.773640
vt 0.326394 0.773395
vt 0.328468 0.775557
vt 0.446684 0.314402
vt 0.446066 0.315408
vt 0.443836 0.313989
vt 0.444429 0.312880
vt 0.580301 0.910819
vt 0.578767 0.922048
vt 0.576937 0.921425
vt 0.578901 0.909609
vt 0.448933 0.315768
vt 0.448288 0.316547
vt 0.369630 0.790352
vt 0.373725 0.785538
vt 0.372535 0.794827
vt 0.371534 0.795156
vt 0.370823 0.792878
vt 0.371709 0.792421
vt 0.441531 0.312387
vt 0.442099 0.311189
vt 0.449402 0.310851
vt 0.447320 0.308632
vt 0.448895 0.305854
vt 0.505383 0.895988
vt 0.505831 0.896136
vt 0.361384 0.781680
vt 0.356558 0.778264
vt 0.071472 0.923055
vt 0.071293 0.929386
vt 0.068489 0.928905
vt 0.068784 0.923021
vt 0.352524 0.776237
vt 0.352588 0.775513
vt 0.496106 0.926023
vt 0.495481 0.926282
vt 0.496473 0.930232
vt 0.495870 0.930685
vt 0.348537 0.775226
vt 0.348436 0.774395
vt 0.344471 0.774884
vt 0.344181 0.774043
vt 0.497021 0.934160
vt 0.496380 0.934798
vt 0.497860 0.938117
vt 0.498948 0.942792
vt 0.497217 0.938809
vt 0.344146 0.771269
vt 0.344332 0.767649
vt 0.348657 0.768157
vt 0.348467 0.771570
vt 0.362914 0.773978
vt 0.362156 0.777085
vt 0.340178 0.771001
vt 0.340208 0.767361
vt 0.324199 0.765834
vt 0.323290 0.764239
vt 0.326548 0.764564
vt 0.327620 0.766847
vt 0.331056 0.770500
vt 0.331085 0.769219
vt 0.336751 0.771488
vt 0.336827 0.772489
vt 0.635803 0.911010
vt 0.633833 0.911185
vt 0.633694 0.910003
vt 0.635467 0.909810
vt 0.331096 0.771342
vt 0.336788 0.773217
vt 0.372891 0.796719
vt 0.371900 0.796921
vt 0.451202 0.312965
vt 0.450725 0.316856
vt 0.450198 0.317605
vt 0.923538 0.334040
vt 0.920795 0.330445
vt 0.923605 0.327882
vt 0.926364 0.330944
vt 0.321928 0.769425
vt 0.322596 0.767557
vt 0.323023 0.768074
vt 0.322413 0.769692
vt 0.323532 0.768504
vt 0.323093 0.769694
vt 0.325057 0.767801
vt 0.325362 0.768596
vt 0.324687 0.766891
vt 0.916448 0.332763
vt 0.916241 0.332066
vt 0.917593 0.330533
vt 0.917900 0.331201
vt 0.919117 0.328109
vt 0.919711 0.329007
vt 0.323234 0.771785
vt 0.324027 0.771451
vt 0.324848 0.774082
vt 0.922318 0.326571
vt 0.931586 0.317348
vt 0.934796 0.318852
vt 0.932287 0.323314
vt 0.928935 0.321220
vt 0.936237 0.308483
vt 0.938509 0.307750
vt 0.936859 0.313686
vt 0.934047 0.313184
vt 0.939769 0.300752
vt 0.938119 0.302170
vt 0.375371 0.798131
vt 0.376735 0.798099
vt 0.375295 0.800388
vt 0.374454 0.799682
vt 0.929065 0.268977
vt 0.928442 0.269432
vt 0.925708 0.267193
vt 0.926070 0.266749
vt 0.506533 0.895043
vt 0.506904 0.895151
vt 0.925304 0.267271
vt 0.925225 0.265731
vt 0.925427 0.266626
vt 0.371264 0.799796
vt 0.371668 0.799794
vt 0.371736 0.800480
vt 0.371380 0.800514
vt 0.374148 0.798213
vt 0.373647 0.799559
vt 0.915675 0.327333
vt 0.915938 0.324982
vt 0.916433 0.324860
vt 0.916766 0.326927
vt 0.916023 0.327918
vt 0.372197 0.799748
vt 0.371858 0.800315
vt 0.920828 0.336232
vt 0.918722 0.332510
vt 0.933512 0.275286
vt 0.372158 0.798482
vt 0.373051 0.798361
vt 0.372815 0.799635
vt 0.936069 0.285069
vt 0.932788 0.276126
vt 0.935977 0.285471
vt 0.937962 0.294098
vt 0.937266 0.302937
vt 0.935079 0.308399
vt 0.583236 0.894620
vt 0.583518 0.894734
vt 0.932714 0.312812
vt 0.930143 0.316633
vt 0.927458 0.320178
vt 0.326886 0.776577
vt 0.918627 0.337178
vt 0.917021 0.333788
vt 0.318943 0.768020
vt 0.320562 0.765669
vt 0.322050 0.766875
vt 0.321312 0.768970
vt 0.317374 0.767403
vt 0.452514 0.315190
vt 0.451394 0.316082
vt 0.449830 0.314785
vt 0.327869 0.767828
vt 0.447494 0.313280
vt 0.445193 0.311634
vt 0.453841 0.314287
vt 0.340148 0.772049
vt 0.344103 0.772400
vt 0.445133 0.306228
vt 0.442915 0.309688
vt 0.348432 0.772747
vt 0.352712 0.773788
vt 0.375736 0.789517
vt 0.371865 0.787767
vt 0.369423 0.784109
vt 0.071472 0.935176
vt 0.068694 0.934137
vt 0.926356 0.324744
vt 0.929390 0.327260
vt 0.427265 0.655741
vt 0.427009 0.655162
vt 0.426984 0.654895
vt 0.427384 0.655279
vt 0.579758 0.922433
vt 0.579884 0.930976
vt 0.578728 0.931156
vt 0.903799 0.209955
vt 0.903233 0.212217
vt 0.902901 0.212259
vt 0.903646 0.209781
vt 0.902051 0.220058
vt 0.903902 0.230769
vt 0.903069 0.230513
vt 0.186844 0.553297
vt 0.516693 0.549144
vt 0.582716 0.923074
vt 0.583374 0.930685
vt 0.582708 0.930736
vt 0.370651 0.795205
vt 0.369961 0.793154
vt 0.584045 0.935004
vt 0.583356 0.935039
vt 0.506452 0.895966
vt 0.505392 0.897124
vt 0.500168 0.909226
vt 0.500999 0.909073
vt 0.500009 0.913697
vt 0.635424 0.897559
vt 0.634490 0.897862
vt 0.634694 0.895027
vt 0.635541 0.894763
vt 0.576982 0.931070
vt 0.748917 0.620204
vt 0.635778 0.903754
vt 0.634619 0.904250
vt 0.634503 0.901068
vt 0.635565 0.900709
vt 0.327774 0.778361
vt 0.328112 0.777020
vt 0.328755 0.778789
vt 0.328248 0.780107
vt 0.919825 0.323291
vt 0.919264 0.322808
vt 0.920844 0.320465
vt 0.921529 0.320819
vt 0.635803 0.906203
vt 0.634863 0.906826
vt 0.582163 0.935317
vt 0.581533 0.930829
vt 0.580948 0.911431
vt 0.918363 0.325978
vt 0.918724 0.326707
vt 0.917441 0.328996
vt 0.917167 0.328145
vt 0.916338 0.330362
vt 0.916167 0.329152
vt 0.324894 0.771261
vt 0.323972 0.769863
vt 0.427880 0.559488
vt 0.428376 0.559274
vt 0.428383 0.560780
vt 0.427965 0.560519
vt 0.324812 0.770506
vt 0.326011 0.770729
vt 0.326557 0.772302
vt 0.325552 0.772288
vt 0.325645 0.769530
vt 0.328079 0.770819
vt 0.328159 0.771682
vt 0.331128 0.772057
vt 0.331132 0.772894
vt 0.328056 0.770027
vt 0.352644 0.774762
vt 0.344059 0.773240
vt 0.348390 0.773611
vt 0.340117 0.772884
vt 0.340251 0.773687
vt 0.327995 0.768984
vt 0.921168 0.325279
vt 0.630444 0.911020
vt 0.629208 0.911661
vt 0.629136 0.909805
vt 0.630398 0.909299
vt 0.930723 0.312559
vt 0.931464 0.312469
vt 0.928961 0.316044
vt 0.927983 0.315717
vt 0.926325 0.319271
vt 0.925446 0.318738
vt 0.936684 0.303432
vt 0.934151 0.308450
vt 0.933573 0.308695
vt 0.937672 0.295490
vt 0.937634 0.295275
vt 0.936114 0.303872
vt 0.935498 0.285897
vt 0.428950 0.544293
vt 0.429275 0.543678
vt 0.429275 0.545116
vt 0.428989 0.545546
vt 0.902631 0.220601
vt 0.582502 0.901518
vt 0.582863 0.894529
vt 0.428383 0.560780
vt 0.428383 0.562802
vt 0.427898 0.563429
vt 0.427882 0.561638
vt 0.501369 0.941955
vt 0.503715 0.948050
vt 0.505413 0.898800
vt 0.504640 0.899481
vt 0.505844 0.897425
vt 0.506654 0.896818
vt 0.439887 0.309287
vt 0.440739 0.307779
vt 0.503007 0.904638
vt 0.502251 0.905035
vt 0.503589 0.902037
vt 0.504216 0.901447
vt 0.366245 0.780420
vt 0.067600 0.933817
vt 0.067354 0.928864
vt 0.501705 0.908531
vt 0.428906 0.564407
vt 0.428512 0.563773
vt 0.428605 0.558242
vt 0.428906 0.558583
vt 0.505683 0.946577
vt 0.502932 0.942102
vt 0.503856 0.941914
vt 0.507113 0.945483
vt 0.499128 0.909443
vt 0.367002 0.788019
vt 0.364544 0.784831
vt 0.498830 0.937758
vt 0.499807 0.937990
vt 0.903152 0.206680
vt 0.903902 0.208593
vt 0.632992 0.900829
vt 0.633108 0.897705
vt 0.502917 0.900525
vt 0.501649 0.902723
vt 0.497865 0.926112
vt 0.498216 0.930151
vt 0.497273 0.929989
vt 0.496931 0.925900
vt 0.498878 0.934043
vt 0.497933 0.933851
vt 0.427223 0.654178
vt 0.427838 0.654359
vt 0.935418 0.474049
vt 0.936408 0.473103
vt 0.938556 0.475887
vt 0.937643 0.476948
vt 0.633366 0.908738
vt 0.632968 0.904044
vt 0.633074 0.906911
vt 0.499254 0.930219
vt 0.500020 0.934208
vt 0.429275 0.541367
vt 0.429275 0.543678
vt 0.427840 0.542935
vt 0.427743 0.540753
vt 0.327266 0.774509
vt 0.507029 0.894529
vt 0.507113 0.894744
vt 0.500200 0.925723
vt 0.500672 0.929910
vt 0.499895 0.930135
vt 0.499464 0.926021
vt 0.326607 0.774960
vt 0.329203 0.775762
vt 0.329799 0.777334
vt 0.630613 0.906724
vt 0.628959 0.906918
vt 0.630792 0.903622
vt 0.629029 0.903615
vt 0.630976 0.900464
vt 0.629263 0.900558
vt 0.331285 0.774495
vt 0.331925 0.775223
vt 0.631614 0.912379
vt 0.629827 0.913612
vt 0.629135 0.913054
vt 0.630869 0.911929
vt 0.500931 0.938181
vt 0.501439 0.938131
vt 0.502306 0.942135
vt 0.371133 0.796991
vt 0.324157 0.769209
vt 0.427720 0.558630
vt 0.428383 0.558242
vt 0.917900 0.325176
vt 0.922817 0.321529
vt 0.922213 0.321160
vt 0.924657 0.318495
vt 0.923854 0.318263
vt 0.927271 0.315759
vt 0.930080 0.312739
vt 0.926591 0.315701
vt 0.929497 0.312737
vt 0.932961 0.308851
vt 0.932357 0.308849
vt 0.935168 0.304162
vt 0.935645 0.304085
vt 0.937462 0.295838
vt 0.937164 0.296286
vt 0.935352 0.285871
vt 0.582965 0.922616
vt 0.583115 0.912359
vt 0.583880 0.902117
vt 0.925166 0.267284
vt 0.926621 0.269288
vt 0.924980 0.267594
vt 0.506425 0.894656
vt 0.505145 0.895575
vt 0.502159 0.949147
vt 0.631300 0.897434
vt 0.629693 0.897560
vt 0.580582 0.935809
vt 0.581189 0.939158
vt 0.579759 0.939167
vt 0.579234 0.936189
vt 0.502294 0.898230
vt 0.503751 0.896758
vt 0.504142 0.898607
vt 0.371476 0.798499
vt 0.500746 0.900050
vt 0.497802 0.905779
vt 0.499187 0.902469
vt 0.496589 0.909925
vt 0.427698 0.656883
vt 0.427974 0.655882
vt 0.920242 0.323861
vt 0.499417 0.921039
vt 0.500127 0.920888
vt 0.923630 0.322275
vt 0.920545 0.324400
vt 0.924952 0.323595
vt 0.635177 0.908465
vt 0.502495 0.902309
vt 0.503775 0.900044
vt 0.372089 0.800195
vt 0.956415 0.362873
vt 0.950807 0.365037
vt 0.950294 0.358568
vt 0.948590 0.352687
vt 0.946616 0.366660
vt 0.738577 0.662837
vt 0.945678 0.346596
vt 0.942447 0.341648
vt 0.920278 0.425640
vt 0.922345 0.425648
vt 0.922773 0.431158
vt 0.920531 0.431420
vt 0.943252 0.480636
vt 0.944250 0.483263
vt 0.941657 0.483711
vt 0.943617 0.485604
vt 0.781314 0.947050
vt 0.782106 0.943859
vt 0.787635 0.944032
vt 0.787583 0.947602
vt 0.925942 0.456947
vt 0.927651 0.456388
vt 0.929155 0.460381
vt 0.927595 0.461057
vt 0.930787 0.463985
vt 0.929379 0.464757
vt 0.930668 0.459705
vt 0.932067 0.463307
vt 0.929311 0.455778
vt 0.922604 0.447712
vt 0.924707 0.447205
vt 0.926201 0.451984
vt 0.924291 0.452486
vt 0.928025 0.451460
vt 0.926616 0.446744
vt 0.378047 0.632461
vt 0.376681 0.634170
vt 0.374473 0.632389
vt 0.376045 0.630182
vt 0.371561 0.630333
vt 0.373359 0.627638
vt 0.372869 0.633945
vt 0.369772 0.632163
vt 0.375369 0.635549
vt 0.932518 0.467236
vt 0.931279 0.468058
vt 0.934376 0.470235
vt 0.933296 0.471098
vt 0.933543 0.466612
vt 0.935223 0.469645
vt 0.381037 0.636648
vt 0.380003 0.637489
vt 0.378498 0.635868
vt 0.379659 0.634687
vt 0.377420 0.636800
vt 0.379001 0.638169
vt 0.944779 0.484569
vt 0.944836 0.486385
vt 0.937225 0.472473
vt 0.939361 0.475185
vt 0.941436 0.477754
vt 0.933288 0.476553
vt 0.934358 0.475221
vt 0.936708 0.478269
vt 0.923117 0.442174
vt 0.925127 0.441672
vt 0.916868 0.443803
vt 0.918621 0.443309
vt 0.920439 0.448273
vt 0.918507 0.448819
vt 0.381389 0.638878
vt 0.382386 0.638242
vt 0.380427 0.639530
vt 0.382346 0.640723
vt 0.367957 0.627817
vt 0.369915 0.624698
vt 0.363850 0.624830
vt 0.365893 0.621509
vt 0.366011 0.630018
vt 0.361872 0.627128
vt 0.359340 0.621646
vt 0.361327 0.618164
vt 0.354314 0.618253
vt 0.356134 0.614591
vt 0.357507 0.623908
vt 0.352763 0.620629
vt 0.386864 0.642188
vt 0.386283 0.642190
vt 0.386280 0.641935
vt 0.386891 0.641773
vt 0.385693 0.642281
vt 0.384559 0.641861
vt 0.948403 0.751037
vt 0.948669 0.751444
vt 0.948501 0.751556
vt 0.948275 0.751182
vt 0.348671 0.614581
vt 0.350225 0.610835
vt 0.342998 0.611198
vt 0.344250 0.607550
vt 0.347600 0.616830
vt 0.342184 0.613729
vt 0.386695 0.640833
vt 0.385021 0.639241
vt 0.939206 0.481136
vt 0.918015 0.431740
vt 0.921524 0.437124
vt 0.919152 0.437565
vt 0.920848 0.442714
vt 0.923725 0.436631
vt 0.344565 0.621790
vt 0.348941 0.624827
vt 0.352649 0.627755
vt 0.916875 0.438081
vt 0.915675 0.432114
vt 0.930883 0.473240
vt 0.932121 0.472116
vt 0.789365 0.903589
vt 0.788051 0.904320
vt 0.787459 0.899868
vt 0.788615 0.899775
vt 0.949529 0.753656
vt 0.950839 0.754286
vt 0.949643 0.758095
vt 0.948241 0.756979
vt 0.359623 0.606252
vt 0.358001 0.610354
vt 0.351993 0.606401
vt 0.353701 0.602012
vt 0.345811 0.603168
vt 0.347411 0.598887
vt 0.387396 0.642642
vt 0.387491 0.641901
vt 0.367796 0.617688
vt 0.363230 0.614134
vt 0.374937 0.624449
vt 0.371687 0.621125
vt 0.383558 0.637703
vt 0.382355 0.635870
vt 0.928597 0.439986
vt 0.931245 0.439267
vt 0.932658 0.445437
vt 0.930187 0.445756
vt 0.381153 0.633456
vt 0.379671 0.630610
vt 0.928543 0.469843
vt 0.929968 0.468921
vt 0.927878 0.465470
vt 0.377655 0.627620
vt 0.922263 0.452998
vt 0.920309 0.453559
vt 0.924099 0.457459
vt 0.922236 0.458022
vt 0.925927 0.461640
vt 0.924182 0.462258
vt 0.926274 0.466211
vt 0.338578 0.622420
vt 0.339712 0.619277
vt 0.811438 0.949791
vt 0.814299 0.950183
vt 0.919005 0.623151
vt 0.919719 0.613365
vt 0.652648 0.294848
vt 0.656738 0.293663
vt 0.792578 0.979670
vt 0.071472 0.923021
vt 0.071776 0.929519
vt 0.383443 0.917215
vt 0.384710 0.912449
vt 0.623458 0.313025
vt 0.621883 0.312572
vt 0.615160 0.350671
vt 0.616605 0.348700
vt 0.634335 0.313925
vt 0.631224 0.313514
vt 0.381725 0.930238
vt 0.384710 0.930402
vt 0.636267 0.333898
vt 0.576794 0.908843
vt 0.816967 0.950426
vt 0.816366 0.956867
vt 0.818941 0.950450
vt 0.818350 0.957436
vt 0.636110 0.302263
vt 0.620247 0.311610
vt 0.618326 0.316771
vt 0.616614 0.315073
vt 0.613857 0.340507
vt 0.624234 0.309556
vt 0.945281 0.663225
vt 0.615332 0.324087
vt 0.613774 0.322949
vt 0.604107 0.330170
vt 0.607545 0.341689
vt 0.615475 0.331974
vt 0.368843 0.790763
vt 0.501226 0.933988
vt 0.502195 0.937966
vt 0.500484 0.934172
vt 0.658065 0.340004
vt 0.488673 0.910385
vt 0.495313 0.932184
vt 0.492836 0.937560
vt 0.487284 0.932563
vt 0.490508 0.928294
vt 0.887874 0.494883
vt 0.485986 0.894529
vt 0.483048 0.924054
vt 0.487548 0.920368
vt 0.482805 0.894698
vt 0.376134 0.917824
vt 0.376712 0.923515
vt 0.613711 0.352838
vt 0.312741 0.997875
vt 0.311873 0.997545
vt 0.313273 0.995959
vt 0.313307 0.997694
vt 0.787794 0.893555
vt 0.787067 0.893537
vt 0.788114 0.890238
vt 0.788187 0.890363
vt 0.428879 0.659009
vt 0.428502 0.656528
vt 0.428841 0.655162
vt 0.428933 0.658136
vt 0.788162 0.896997
vt 0.787111 0.897167
vt 0.612847 0.331397
vt 0.613394 0.313182
vt 0.611429 0.321378
vt 0.607904 0.319483
vt 0.618047 0.309765
vt 0.376712 0.912757
vt 0.622950 0.307931
vt 0.799624 0.943986
vt 0.800104 0.946293
vt 0.627845 0.307624
vt 0.630085 0.305461
vt 0.627203 0.305777
vt 0.947954 0.760726
vt 0.946498 0.759606
vt 0.946020 0.763042
vt 0.944678 0.762018
vt 0.950379 0.762149
vt 0.948736 0.764609
vt 0.951737 0.759429
vt 0.930053 0.434949
vt 0.927267 0.435325
vt 0.934048 0.434615
vt 0.934277 0.438686
vt 0.933374 0.430835
vt 0.935598 0.784816
vt 0.937555 0.785605
vt 0.936061 0.791202
vt 0.934089 0.790519
vt 0.934652 0.796873
vt 0.932794 0.796459
vt 0.939083 0.792071
vt 0.938040 0.797445
vt 0.940332 0.786653
vt 0.933764 0.449964
vt 0.931504 0.450468
vt 0.934640 0.453839
vt 0.932550 0.454606
vt 0.788672 0.925617
vt 0.785254 0.925544
vt 0.785227 0.921683
vt 0.788622 0.921610
vt 0.788850 0.930327
vt 0.785338 0.930083
vt 0.933474 0.802794
vt 0.931345 0.802742
vt 0.932884 0.808704
vt 0.930719 0.808947
vt 0.937229 0.803043
vt 0.936919 0.808646
vt 0.944012 0.765511
vt 0.942450 0.764303
vt 0.942362 0.768443
vt 0.940720 0.767227
vt 0.947111 0.767286
vt 0.945672 0.770297
vt 0.785783 0.904740
vt 0.785564 0.899904
vt 0.785561 0.897117
vt 0.937979 0.471945
vt 0.940111 0.474753
vt 0.770085 0.924646
vt 0.768878 0.936707
vt 0.762985 0.935231
vt 0.764764 0.923738
vt 0.936785 0.468468
vt 0.937895 0.467336
vt 0.939791 0.470056
vt 0.938891 0.471143
vt 0.788646 0.907577
vt 0.785892 0.908208
vt 0.786039 0.893333
vt 0.942891 0.476586
vt 0.944699 0.479529
vt 0.943921 0.480004
vt 0.942175 0.477106
vt 0.935420 0.457476
vt 0.933550 0.458418
vt 0.936189 0.460878
vt 0.934493 0.461973
vt 0.788504 0.917863
vt 0.785296 0.918085
vt 0.785492 0.914739
vt 0.788292 0.914345
vt 0.787132 0.889627
vt 0.945568 0.482550
vt 0.944851 0.482847
vt 0.952669 0.755447
vt 0.946701 0.755686
vt 0.947840 0.752898
vt 0.948517 0.753283
vt 0.947340 0.756314
vt 0.936723 0.464383
vt 0.935327 0.465471
vt 0.788639 0.910809
vt 0.785753 0.911411
vt 0.949887 0.752104
vt 0.950998 0.752534
vt 0.952549 0.753572
vt 0.950688 0.751916
vt 0.951891 0.752538
vt 0.941205 0.771915
vt 0.939432 0.770713
vt 0.940266 0.775959
vt 0.938486 0.774971
vt 0.944443 0.773689
vt 0.943115 0.777399
vt 0.311392 0.995940
vt 0.313604 0.993546
vt 0.309443 0.989053
vt 0.309125 0.985147
vt 0.317491 0.982791
vt 0.315920 0.986836
vt 0.938921 0.780441
vt 0.937063 0.779534
vt 0.941635 0.781629
vt 0.789256 0.936712
vt 0.785817 0.936227
vt 0.928398 0.446193
vt 0.926874 0.440886
vt 0.935962 0.469158
vt 0.934391 0.466112
vt 0.781388 0.936579
vt 0.780429 0.930316
vt 0.935960 0.772772
vt 0.937086 0.773977
vt 0.935545 0.778662
vt 0.934188 0.777624
vt 0.933970 0.784065
vt 0.932548 0.783247
vt 0.374131 0.636225
vt 0.371474 0.634736
vt 0.937745 0.768761
vt 0.938324 0.769666
vt 0.939893 0.766245
vt 0.784903 0.893037
vt 0.786346 0.889141
vt 0.933204 0.462720
vt 0.954681 0.756855
vt 0.953920 0.760678
vt 0.932046 0.459109
vt 0.783979 0.896892
vt 0.930837 0.455209
vt 0.941035 0.474355
vt 0.917816 0.425732
vt 0.929723 0.450927
vt 0.783151 0.904717
vt 0.783919 0.899919
vt 0.378122 0.639004
vt 0.376312 0.637696
vt 0.941614 0.763293
vt 0.943469 0.760784
vt 0.929576 0.795683
vt 0.931190 0.796062
vt 0.929673 0.802730
vt 0.928396 0.802785
vt 0.346624 0.618606
vt 0.341698 0.615367
vt 0.929077 0.809282
vt 0.925675 0.436039
vt 0.932476 0.789882
vt 0.931073 0.789266
vt 0.924698 0.430969
vt 0.945757 0.758925
vt 0.945175 0.758229
vt 0.943357 0.760394
vt 0.941881 0.798352
vt 0.941403 0.803778
vt 0.941284 0.809275
vt 0.420231 0.580593
vt 0.415646 0.581587
vt 0.415219 0.575885
vt 0.419912 0.575266
vt 0.420591 0.585964
vt 0.416470 0.586504
vt 0.426159 0.620104
vt 0.422635 0.620268
vt 0.422084 0.617176
vt 0.425897 0.617009
vt 0.421846 0.613695
vt 0.425676 0.613643
vt 0.418348 0.617265
vt 0.418374 0.613656
vt 0.419399 0.620340
vt 0.781943 0.914818
vt 0.779696 0.914229
vt 0.780422 0.905918
vt 0.783145 0.908284
vt 0.782756 0.911544
vt 0.778311 0.897095
vt 0.776588 0.910126
vt 0.772095 0.909839
vt 0.773837 0.896925
vt 0.781029 0.921851
vt 0.778610 0.922631
vt 0.781893 0.918180
vt 0.754858 0.930318
vt 0.762234 0.947858
vt 0.752097 0.942320
vt 0.781703 0.897364
vt 0.782828 0.892886
vt 0.779598 0.892391
vt 0.309237 0.997306
vt 0.307359 0.996013
vt 0.310510 0.993057
vt 0.304591 0.993235
vt 0.426035 0.629624
vt 0.423091 0.630027
vt 0.421229 0.626091
vt 0.424226 0.625954
vt 0.419706 0.631784
vt 0.416582 0.628280
vt 0.418397 0.626027
vt 0.780915 0.940876
vt 0.776272 0.941340
vt 0.777669 0.931495
vt 0.953624 0.753654
vt 0.954490 0.755099
vt 0.427498 0.631028
vt 0.425529 0.631302
vt 0.314547 0.990543
vt 0.317044 0.990311
vt 0.314679 0.992437
vt 0.425537 0.609964
vt 0.421646 0.609940
vt 0.421547 0.605933
vt 0.425387 0.605945
vt 0.418070 0.609715
vt 0.417727 0.605554
vt 0.421417 0.601485
vt 0.425233 0.601371
vt 0.421133 0.596465
vt 0.424951 0.596105
vt 0.417011 0.601150
vt 0.417125 0.596326
vt 0.781111 0.925645
vt 0.775763 0.932044
vt 0.776595 0.923052
vt 0.426555 0.622973
vt 0.423315 0.623048
vt 0.420241 0.623127
vt 0.787073 0.940189
vt 0.420795 0.591166
vt 0.424608 0.590484
vt 0.424363 0.584959
vt 0.416778 0.591380
vt 0.775982 0.948499
vt 0.772808 0.949331
vt 0.773859 0.937758
vt 0.413544 0.630205
vt 0.410458 0.625158
vt 0.414569 0.623893
vt 0.408310 0.618203
vt 0.414065 0.617615
vt 0.412210 0.601131
vt 0.410248 0.592200
vt 0.413504 0.591649
vt 0.414105 0.596242
vt 0.410876 0.632333
vt 0.406624 0.627078
vt 0.768405 0.949303
vt 0.413520 0.587223
vt 0.405461 0.593712
vt 0.404976 0.585081
vt 0.410801 0.583820
vt 0.406065 0.602066
vt 0.415668 0.613722
vt 0.415056 0.609679
vt 0.774196 0.924780
vt 0.405025 0.576681
vt 0.410279 0.575848
vt 0.407089 0.610543
vt 0.411857 0.609890
vt 0.414968 0.605436
vt 0.769194 0.897115
vt 0.767051 0.909363
vt 0.761686 0.906592
vt 0.765121 0.894932
vt 0.923926 0.425710
vt 0.302086 0.997160
vt 0.298080 0.993988
vt 0.302130 0.989383
vt 0.294084 0.989414
vt 0.300606 0.984961
vt 0.309446 0.981013
vt 0.205800 0.868029
vt 0.417115 0.634355
vt 0.758535 0.919332
vt 0.320035 0.988029
vt 0.323084 0.989683
vt 0.319208 0.990901
vt 0.322419 0.985414
vt 0.326234 0.988781
vt 0.328653 0.986982
vt 0.330661 0.983858
vt 0.334351 0.985236
vt 0.332184 0.988913
vt 0.318517 0.979701
vt 0.310565 0.976582
vt 0.322297 0.976630
vt 0.868968 0.560801
vt 0.867653 0.580365
vt 0.858410 0.582759
vt 0.860225 0.564563
vt 0.900463 0.763819
vt 0.900600 0.780193
vt 0.889963 0.778630
vt 0.890057 0.759958
vt 0.900986 0.798391
vt 0.890712 0.798823
vt 0.911250 0.781189
vt 0.911343 0.798491
vt 0.403753 0.616227
vt 0.878470 0.580137
vt 0.877245 0.608646
vt 0.865723 0.605972
vt 0.928396 0.783812
vt 0.928077 0.797224
vt 0.921076 0.798126
vt 0.921680 0.781461
vt 0.919146 0.770204
vt 0.910445 0.765598
vt 0.928348 0.813603
vt 0.920942 0.814887
vt 0.900521 0.759564
vt 0.894938 0.757414
vt 0.886864 0.752313
vt 0.878806 0.759714
vt 0.879535 0.751852
vt 0.901089 0.755826
vt 0.907907 0.758756
vt 0.906876 0.761707
vt 0.849137 0.587106
vt 0.848118 0.605777
vt 0.839419 0.612011
vt 0.840356 0.591652
vt 0.857067 0.603295
vt 0.291241 0.983047
vt 0.299654 0.979372
vt 0.289790 0.968740
vt 0.299656 0.968365
vt 0.850988 0.572007
vt 0.311171 0.968110
vt 0.415341 0.636581
vt 0.777728 0.915044
vt 0.324052 0.982822
vt 0.332460 0.978300
vt 0.323412 0.966204
vt 0.332683 0.963906
vt 0.927956 0.777796
vt 0.924565 0.776547
vt 0.311197 0.946925
vt 0.323783 0.945516
vt 0.879609 0.560366
vt 0.289658 0.946802
vt 0.299236 0.946681
vt 0.842415 0.578407
vt 0.911474 0.818112
vt 0.901588 0.817200
vt 0.913962 0.761907
vt 0.891635 0.817995
vt 0.881894 0.822610
vt 0.880146 0.801007
vt 0.325794 0.981021
vt 0.894421 0.752959
vt 0.417453 0.623433
vt 0.332364 0.946368
vt 0.923885 0.772062
vt 0.945309 0.484421
vt 0.945898 0.484230
vt 0.946131 0.482476
vt 0.946752 0.483965
vt 0.949113 0.751888
vt 0.949214 0.751545
vt 0.949816 0.751703
vt 0.401542 0.644413
vt 0.357588 0.754386
vt 0.620960 0.913707
vt 0.404525 0.779812
vt 0.626677 0.898523
vt 0.626124 0.900071
vt 0.454639 0.164827
vt 0.451405 0.163566
vt 0.948040 0.491019
vt 0.352681 0.747871
vt 0.358967 0.749661
vt 0.445273 0.903290
vt 0.456560 0.904387
vt 0.455460 0.913019
vt 0.442890 0.912307
vt 0.880412 0.381901
vt 0.919955 0.633451
vt 0.659015 0.302679
vt 0.584224 0.938406
vt 0.582918 0.938725
vt 0.340555 0.774449
vt 0.336749 0.773840
vt 0.428192 0.657557
vt 0.428392 0.654571
vt 0.842644 0.469368
vt 0.427070 0.625981
vt 0.878774 0.779345
vt 0.749931 0.629454
vt 0.751897 0.668413
vt 0.208981 0.886474
vt 0.734798 0.588303
vt 0.751423 0.889141
vt 0.732957 0.553254
vt 0.845308 0.469901
vt 0.847592 0.470193
vt 0.846916 0.473958
vt 0.733935 0.574060
vt 0.734378 0.581052
vt 0.815618 0.462802
vt 0.811485 0.462358
vt 0.750575 0.639042
vt 0.748587 0.648716
vt 0.337575 0.625427
vt 0.340747 0.616628
vt 0.345319 0.619342
vt 0.664906 0.311758
vt 0.662720 0.321829
vt 0.662583 0.312392
vt 0.663336 0.303467
vt 0.656162 0.280635
vt 0.658787 0.288034
vt 0.652736 0.273534
vt 0.501174 0.905180
vt 0.903623 0.208813
vt 0.498849 0.926141
vt 0.577646 0.936360
vt 0.504433 0.947618
vt 0.428328 0.652990
vt 0.428421 0.566524
vt 0.428394 0.565189
vt 0.428906 0.564407
vt 0.428906 0.565625
vt 0.626864 0.913059
vt 0.626677 0.910408
vt 0.504897 0.897878
vt 0.500866 0.913160
vt 0.584224 0.902300
vt 0.583333 0.912366
vt 0.901314 0.230056
vt 0.634260 0.911949
vt 0.581656 0.900889
vt 0.500237 0.905535
vt 0.631232 0.913467
vt 0.629638 0.915923
vt 0.628087 0.915460
vt 0.428933 0.652589
vt 0.428220 0.555153
vt 0.427852 0.556056
vt 0.626782 0.907359
vt 0.626922 0.903550
vt 0.627275 0.900408
vt 0.627886 0.897508
vt 0.630325 0.894529
vt 0.628575 0.894556
vt 0.635507 0.913749
vt 0.634386 0.915140
vt 0.631441 0.915758
vt 0.632924 0.913453
vt 0.627214 0.914636
vt 0.806258 0.671057
vt 0.462381 0.268056
vt 0.402801 0.756787
vt 0.686298 0.954871
vt 0.403753 0.738247
vt 0.933430 0.427077
vt 0.416844 0.620524
vt 0.582400 0.141143
vt 0.591523 0.196370
vt 0.594190 0.217765
vt 0.567614 0.093042
vt 0.567252 0.106570
vt 0.828176 0.438409
vt 0.454852 0.920932
vt 0.441046 0.921455
vt 0.446413 0.894529
vt 0.458056 0.895328
vt 0.896496 0.505788
vt 0.893546 0.503898
vt 0.800118 0.992929
vt 0.796367 0.988480
vt 0.661382 0.331269
vt 0.642719 0.921058
vt 0.792947 0.928747
vt 0.797661 0.963186
vt 0.351623 0.917360
vt 0.353466 0.918476
vt 0.351916 0.914911
vt 0.354046 0.915973
vt 0.355258 0.917295
vt 0.354688 0.919415
vt 0.564706 0.912910
vt 0.567580 0.910013
vt 0.351570 0.912449
vt 0.354603 0.913521
vt 0.567454 0.919102
vt 0.629366 0.330645
vt 0.795328 0.963044
vt 0.795467 0.960054
vt 0.791808 0.962381
vt 0.792210 0.958837
vt 0.792853 0.955164
vt 0.794232 0.953025
vt 0.789795 0.957442
vt 0.583810 0.351682
vt 0.584547 0.237104
vt 0.452526 0.298617
vt 0.458285 0.812547
vt 0.591953 0.340204
vt 0.598676 0.333570
vt 0.617159 0.324083
vt 0.619542 0.324060
vt 0.564065 0.927089
vt 0.567580 0.926465
vt 0.561461 0.926575
vt 0.355745 0.920139
vt 0.039456 0.930616
vt 0.457567 0.085100
vt 0.635898 0.907772
vt 0.455391 0.116501
vt 0.799173 0.294105
vt 0.818095 0.263676
vt 0.827133 0.258506
vt 0.441306 0.202924
vt 0.836983 0.529398
vt 0.836872 0.541594
vt 0.844172 0.526559
vt 0.844172 0.542635
vt 0.615739 0.247510
vt 0.606585 0.252206
vt 0.612803 0.245736
vt 0.604812 0.258771
vt 0.838196 0.521123
vt 0.843925 0.517969
vt 0.813917 0.889141
vt 0.818331 0.891596
vt 0.815175 0.896588
vt 0.811415 0.897753
vt 0.602327 0.252778
vt 0.601935 0.262199
vt 0.263753 0.893192
vt 0.237622 0.898318
vt 0.212645 0.904308
vt 0.861186 0.631619
vt 0.860038 0.661494
vt 0.845880 0.663797
vt 0.847720 0.637558
vt 0.909170 0.839360
vt 0.901588 0.830378
vt 0.926620 0.842046
vt 0.925161 0.864794
vt 0.907500 0.865097
vt 0.883795 0.846864
vt 0.892297 0.831535
vt 0.314879 0.922263
vt 0.314924 0.892631
vt 0.329442 0.889149
vt 0.330505 0.914501
vt 0.296496 0.922854
vt 0.875974 0.635375
vt 0.285569 0.914333
vt 0.287350 0.887066
vt 0.299511 0.892209
vt 0.847973 0.620712
vt 0.841099 0.623240
vt 0.332092 0.931147
vt 0.323450 0.933456
vt 0.290559 0.859244
vt 0.296906 0.835835
vt 0.307867 0.844111
vt 0.302433 0.865790
vt 0.291515 0.934698
vt 0.284355 0.932138
vt 0.859622 0.689818
vt 0.860356 0.719798
vt 0.846100 0.714195
vt 0.845368 0.690642
vt 0.317298 0.867030
vt 0.321902 0.844147
vt 0.328006 0.844949
vt 0.327357 0.865588
vt 0.922805 0.885153
vt 0.921345 0.904117
vt 0.908543 0.899852
vt 0.907892 0.882957
vt 0.889678 0.894700
vt 0.887186 0.881206
vt 0.874963 0.661636
vt 0.330504 0.816631
vt 0.334351 0.823939
vt 0.918926 0.925130
vt 0.910320 0.921479
vt 0.861434 0.750486
vt 0.853346 0.751037
vt 0.889239 0.917704
vt 0.874053 0.689624
vt 0.873958 0.722311
vt 0.920013 0.827830
vt 0.322593 0.803396
vt 0.326332 0.809140
vt 0.855796 0.618632
vt 0.928396 0.827747
vt 0.875359 0.749728
vt 0.885357 0.864416
vt 0.435758 0.903424
vt 0.431994 0.897211
vt 0.429275 0.921591
vt 0.431655 0.911826
vt 0.330965 0.767966
vt 0.336575 0.770301
vt 0.336092 0.766873
vt 0.330509 0.765476
vt 0.763264 0.727664
vt 0.761752 0.704267
vt 0.701439 0.995910
vt 0.697558 0.994582
vt 0.694504 0.998452
vt 0.698774 0.999410
vt 0.946822 0.299132
vt 0.946091 0.308403
vt 0.949978 0.309811
vt 0.949582 0.299281
vt 0.818823 0.686338
vt 0.830141 0.683649
vt 0.827598 0.676904
vt 0.817504 0.678710
vt 0.819969 0.696375
vt 0.832569 0.692571
vt 0.457250 0.328077
vt 0.454810 0.324523
vt 0.447332 0.332234
vt 0.448682 0.337174
vt 0.779218 0.163720
vt 0.784588 0.147309
vt 0.771189 0.147098
vt 0.767186 0.163331
vt 0.257824 0.771345
vt 0.273304 0.773542
vt 0.274400 0.753589
vt 0.259357 0.750724
vt 0.222232 0.748066
vt 0.220593 0.769624
vt 0.224402 0.700207
vt 0.223748 0.725108
vt 0.460063 0.404815
vt 0.473538 0.388428
vt 0.463528 0.377841
vt 0.451388 0.391169
vt 0.451508 0.342692
vt 0.460908 0.332272
vt 0.820247 0.708116
vt 0.803802 0.710570
vt 0.804669 0.726340
vt 0.821694 0.721743
vt 0.467705 0.321297
vt 0.471426 0.310636
vt 0.466596 0.309897
vt 0.463056 0.318645
vt 0.495676 0.315646
vt 0.485220 0.313559
vt 0.480948 0.328791
vt 0.491260 0.332566
vt 0.392905 0.751279
vt 0.386699 0.744022
vt 0.382961 0.750270
vt 0.388443 0.756425
vt 0.397886 0.745162
vt 0.390651 0.735892
vt 0.375086 0.702446
vt 0.375400 0.710933
vt 0.384298 0.711077
vt 0.383265 0.701508
vt 0.369296 0.741911
vt 0.371235 0.735449
vt 0.363413 0.733321
vt 0.362140 0.739560
vt 0.337820 0.732270
vt 0.331990 0.733158
vt 0.330663 0.738336
vt 0.336456 0.737391
vt 0.334986 0.759413
vt 0.339999 0.759786
vt 0.340008 0.755186
vt 0.334591 0.754957
vt 0.690984 0.976115
vt 0.687759 0.971213
vt 0.684497 0.976200
vt 0.688308 0.980911
vt 0.684829 0.965255
vt 0.680639 0.970147
vt 0.675812 0.976369
vt 0.681492 0.982035
vt 0.685594 0.986291
vt 0.935222 0.341176
vt 0.931646 0.344654
vt 0.935081 0.349319
vt 0.938891 0.345911
vt 0.748522 0.656434
vt 0.743673 0.655873
vt 0.744587 0.662623
vt 0.749897 0.662621
vt 0.743831 0.631529
vt 0.743203 0.622943
vt 0.743711 0.647825
vt 0.744199 0.639394
vt 0.825537 0.671515
vt 0.833349 0.669210
vt 0.831060 0.665208
vt 0.823824 0.667140
vt 0.379535 0.755378
vt 0.384523 0.760990
vt 0.390427 0.582121
vt 0.384717 0.587266
vt 0.387463 0.593698
vt 0.392861 0.589634
vt 0.379597 0.592652
vt 0.383344 0.598275
vt 0.387000 0.603836
vt 0.390418 0.600329
vt 0.394569 0.597028
vt 0.946663 0.289212
vt 0.944494 0.279203
vt 0.942273 0.281003
vt 0.944248 0.290352
vt 0.836058 0.673961
vt 0.447000 0.359724
vt 0.456974 0.349347
vt 0.441449 0.351592
vt 0.474224 0.342948
vt 0.465013 0.356038
vt 0.474624 0.363328
vt 0.484225 0.348215
vt 0.803554 0.827956
vt 0.828246 0.812671
vt 0.821512 0.790454
vt 0.798052 0.802525
vt 0.446800 0.419776
vt 0.439521 0.402559
vt 0.357501 0.725573
vt 0.358471 0.718352
vt 0.351538 0.718641
vt 0.350896 0.725477
vt 0.696697 0.267871
vt 0.692181 0.248459
vt 0.675502 0.252634
vt 0.681662 0.271470
vt 0.709946 0.245677
vt 0.706213 0.226002
vt 0.686622 0.227570
vt 0.665033 0.230311
vt 0.239847 0.790398
vt 0.220029 0.790303
vt 0.220792 0.810285
vt 0.240886 0.809981
vt 0.364748 0.726361
vt 0.366139 0.718705
vt 0.327402 0.728378
vt 0.328308 0.721799
vt 0.323291 0.722626
vt 0.322001 0.729766
vt 0.333057 0.727367
vt 0.333745 0.721108
vt 0.943291 0.307717
vt 0.941799 0.315192
vt 0.945202 0.316992
vt 0.940086 0.270111
vt 0.938536 0.272442
vt 0.467272 0.260819
vt 0.474639 0.252156
vt 0.466586 0.242859
vt 0.460855 0.253374
vt 0.436867 0.368527
vt 0.431542 0.358982
vt 0.787943 0.749126
vt 0.808082 0.744695
vt 0.785200 0.728242
vt 0.391114 0.649386
vt 0.388574 0.651463
vt 0.388994 0.654782
vt 0.392068 0.652155
vt 0.501989 0.206873
vt 0.489148 0.220775
vt 0.499454 0.233666
vt 0.519748 0.220510
vt 0.839047 0.727937
vt 0.835295 0.714633
vt 0.825655 0.737475
vt 0.456812 0.299970
vt 0.459033 0.297437
vt 0.457221 0.291255
vt 0.454926 0.294716
vt 0.765157 0.750962
vt 0.334960 0.643993
vt 0.333691 0.647227
vt 0.668380 0.939065
vt 0.669422 0.947980
vt 0.673874 0.945798
vt 0.672371 0.937381
vt 0.463706 0.214003
vt 0.459005 0.206248
vt 0.452379 0.214791
vt 0.455041 0.223497
vt 0.385254 0.660994
vt 0.389517 0.658539
vt 0.385210 0.656758
vt 0.376359 0.658546
vt 0.375078 0.663729
vt 0.380493 0.662745
vt 0.380965 0.658014
vt 0.445252 0.196678
vt 0.448986 0.189863
vt 0.445889 0.185839
vt 0.442279 0.192146
vt 0.393485 0.710418
vt 0.391149 0.699570
vt 0.391726 0.640177
vt 0.391655 0.636652
vt 0.389189 0.637459
vt 0.389812 0.640478
vt 0.943956 0.491330
vt 0.946288 0.491693
vt 0.945848 0.489813
vt 0.943760 0.489460
vt 0.493779 0.152691
vt 0.496083 0.140290
vt 0.485729 0.140076
vt 0.483485 0.151280
vt 0.443321 0.182188
vt 0.439830 0.187887
vt 0.485260 0.242418
vt 0.480009 0.265740
vt 0.491187 0.259177
vt 0.639206 0.284198
vt 0.642788 0.280523
vt 0.637941 0.272775
vt 0.635204 0.277259
vt 0.646367 0.288563
vt 0.649878 0.286480
vt 0.646164 0.278089
vt 0.641074 0.269603
vt 0.643379 0.345689
vt 0.645352 0.350262
vt 0.649562 0.342023
vt 0.646021 0.338844
vt 0.934445 0.262585
vt 0.928433 0.257587
vt 0.928194 0.260748
vt 0.933765 0.265243
vt 0.494908 0.277515
vt 0.509046 0.274405
vt 0.505842 0.252575
vt 0.385002 0.649538
vt 0.387942 0.648615
vt 0.387167 0.646386
vt 0.384665 0.646684
vt 0.332502 0.650140
vt 0.338712 0.632716
vt 0.339262 0.629852
vt 0.336276 0.640435
vt 0.413378 0.686745
vt 0.419030 0.686431
vt 0.419073 0.678707
vt 0.413036 0.678962
vt 0.357559 0.591675
vt 0.360538 0.584444
vt 0.371310 0.593407
vt 0.368597 0.598896
vt 0.373339 0.602760
vt 0.375833 0.598038
vt 0.414591 0.700455
vt 0.419810 0.700261
vt 0.419341 0.693528
vt 0.413938 0.693833
vt 0.366330 0.588860
vt 0.363400 0.595249
vt 0.394100 0.631872
vt 0.391238 0.632774
vt 0.394352 0.636340
vt 0.441654 0.158837
vt 0.443485 0.156553
vt 0.442087 0.153358
vt 0.439975 0.156385
vt 0.443547 0.146736
vt 0.440687 0.150099
vt 0.444788 0.150608
vt 0.390127 0.647124
vt 0.392726 0.646876
vt 0.391326 0.645259
vt 0.438337 0.153707
vt 0.367111 0.647164
vt 0.365209 0.651359
vt 0.369161 0.652599
vt 0.370797 0.648232
vt 0.943603 0.487933
vt 0.945405 0.488420
vt 0.945055 0.487320
vt 0.943537 0.486672
vt 0.368645 0.643392
vt 0.372074 0.644363
vt 0.373247 0.653522
vt 0.374456 0.649096
vt 0.359584 0.644642
vt 0.357569 0.648473
vt 0.361353 0.649957
vt 0.363380 0.645953
vt 0.375399 0.645215
vt 0.381658 0.649847
vt 0.381445 0.653757
vt 0.385235 0.652952
vt 0.373584 0.669566
vt 0.380048 0.667979
vt 0.378693 0.645938
vt 0.378118 0.649664
vt 0.381836 0.646466
vt 0.385444 0.665718
vt 0.831478 0.514413
vt 0.831375 0.517662
vt 0.834874 0.515807
vt 0.834821 0.513280
vt 0.377399 0.653928
vt 0.812931 0.662345
vt 0.805302 0.663989
vt 0.805959 0.667158
vt 0.814273 0.665271
vt 0.362879 0.655637
vt 0.367014 0.657159
vt 0.371538 0.658281
vt 0.355400 0.652255
vt 0.359052 0.653966
vt 0.394031 0.640418
vt 0.387175 0.612445
vt 0.384511 0.615516
vt 0.387147 0.619907
vt 0.389904 0.617375
vt 0.551125 0.156086
vt 0.550752 0.174891
vt 0.570285 0.175995
vt 0.568429 0.156600
vt 0.384725 0.622806
vt 0.382247 0.618784
vt 0.425701 0.713459
vt 0.421166 0.712493
vt 0.421877 0.717871
vt 0.426110 0.719182
vt 0.391678 0.643061
vt 0.393600 0.643931
vt 0.417954 0.717068
vt 0.416777 0.712075
vt 0.370415 0.581695
vt 0.375413 0.574404
vt 0.368001 0.568513
vt 0.364060 0.576629
vt 0.380773 0.566657
vt 0.372235 0.560018
vt 0.337573 0.636580
vt 0.393173 0.655405
vt 0.390195 0.662793
vt 0.394399 0.659181
vt 0.396455 0.641227
vt 0.395605 0.645394
vt 0.389119 0.624315
vt 0.391988 0.622297
vt 0.394251 0.649008
vt 0.446738 0.143674
vt 0.447775 0.148283
vt 0.445767 0.154536
vt 0.448349 0.152995
vt 0.392957 0.615084
vt 0.395017 0.620632
vt 0.390430 0.628648
vt 0.393345 0.627166
vt 0.425261 0.707232
vt 0.420428 0.706618
vt 0.445593 0.139290
vt 0.442223 0.142994
vt 0.415562 0.706573
vt 0.424796 0.700615
vt 0.350158 0.645477
vt 0.351933 0.641856
vt 0.348089 0.640426
vt 0.346501 0.644041
vt 0.375437 0.587086
vt 0.497458 0.128601
vt 0.486976 0.129265
vt 0.828594 0.312558
vt 0.834661 0.324797
vt 0.842926 0.318265
vt 0.837373 0.305849
vt 0.817325 0.289975
vt 0.822813 0.300857
vt 0.832049 0.293977
vt 0.826868 0.282733
vt 0.510382 0.296370
vt 0.497075 0.296687
vt 0.508336 0.317738
vt 0.398879 0.642567
vt 0.397807 0.647377
vt 0.396001 0.651654
vt 0.400276 0.649907
vt 0.397864 0.654870
vt 0.454350 0.138156
vt 0.450284 0.140812
vt 0.451118 0.146269
vt 0.454938 0.144497
vt 0.451328 0.151832
vt 0.454751 0.150953
vt 0.400038 0.611227
vt 0.396396 0.612986
vt 0.398346 0.619237
vt 0.401849 0.618170
vt 0.449248 0.135644
vt 0.453350 0.132132
vt 0.380097 0.602692
vt 0.383902 0.607521
vt 0.380877 0.580794
vt 0.386583 0.574397
vt 0.497968 0.117758
vt 0.487172 0.118972
vt 0.497731 0.107724
vt 0.486530 0.109246
vt 0.496947 0.098555
vt 0.485269 0.100216
vt 0.495719 0.090331
vt 0.483560 0.091860
vt 0.819041 0.337452
vt 0.812752 0.325637
vt 0.805796 0.331163
vt 0.811677 0.342878
vt 0.470687 0.132243
vt 0.470304 0.141195
vt 0.477301 0.140448
vt 0.478179 0.130615
vt 0.468780 0.150231
vt 0.475317 0.150511
vt 0.505538 0.154011
vt 0.507824 0.140401
vt 0.675443 0.954186
vt 0.680455 0.951126
vt 0.678773 0.943413
vt 0.565341 0.127569
vt 0.550834 0.127440
vt 0.550916 0.140326
vt 0.566707 0.140310
vt 0.535613 0.140528
vt 0.534351 0.156115
vt 0.453494 0.157282
vt 0.456973 0.157590
vt 0.458613 0.150352
vt 0.388450 0.640747
vt 0.387361 0.638241
vt 0.386016 0.638802
vt 0.387481 0.640809
vt 0.531940 0.174023
vt 0.527607 0.194538
vt 0.549520 0.196366
vt 0.572236 0.197096
vt 0.547280 0.221205
vt 0.499827 0.410421
vt 0.485832 0.399404
vt 0.471485 0.418926
vt 0.485735 0.432757
vt 0.572864 0.224100
vt 0.427720 0.553778
vt 0.428140 0.552967
vt 0.428220 0.550417
vt 0.427820 0.551005
vt 0.811283 0.469767
vt 0.812991 0.476369
vt 0.816670 0.475392
vt 0.815506 0.469399
vt 0.383538 0.794060
vt 0.381084 0.794556
vt 0.380213 0.798316
vt 0.382427 0.798634
vt 0.509790 0.359063
vt 0.523121 0.365714
vt 0.532295 0.343137
vt 0.517359 0.339361
vt 0.379848 0.777759
vt 0.377309 0.780919
vt 0.379574 0.785610
vt 0.382137 0.783247
vt 0.390393 0.785263
vt 0.394010 0.784624
vt 0.393928 0.774524
vt 0.389661 0.776626
vt 0.458442 0.305451
vt 0.454584 0.302941
vt 0.456300 0.307451
vt 0.471433 0.299661
vt 0.477681 0.298343
vt 0.475177 0.284932
vt 0.469381 0.288514
vt 0.378563 0.801892
vt 0.381015 0.802561
vt 0.940232 0.282372
vt 0.941863 0.291397
vt 0.454674 0.368273
vt 0.443951 0.378947
vt 0.938285 0.483945
vt 0.941183 0.486328
vt 0.941345 0.484951
vt 0.938629 0.482565
vt 0.926911 0.264814
vt 0.926397 0.265894
vt 0.929795 0.268597
vt 0.931631 0.268211
vt 0.398949 0.784521
vt 0.399188 0.772659
vt 0.397387 0.760679
vt 0.392500 0.764271
vt 0.387985 0.768172
vt 0.927532 0.263106
vt 0.932888 0.267061
vt 0.815275 0.669163
vt 0.822211 0.663571
vt 0.378238 0.798169
vt 0.376622 0.801248
vt 0.383313 0.803396
vt 0.384497 0.798995
vt 0.374057 0.776364
vt 0.369891 0.772230
vt 0.368187 0.775413
vt 0.372077 0.779371
vt 0.833394 0.343090
vt 0.840182 0.355060
vt 0.847256 0.349692
vt 0.840905 0.337157
vt 0.798117 0.665410
vt 0.798010 0.668602
vt 0.944302 0.299434
vt 0.941760 0.299887
vt 0.940711 0.307493
vt 0.934737 0.259759
vt 0.928222 0.254558
vt 0.939099 0.314178
vt 0.924780 0.342496
vt 0.927976 0.347129
vt 0.928128 0.340170
vt 0.943599 0.324479
vt 0.939862 0.321823
vt 0.937395 0.327582
vt 0.941262 0.331100
vt 0.925448 0.336442
vt 0.922649 0.338544
vt 0.921851 0.343197
vt 0.919827 0.339453
vt 0.937089 0.274008
vt 0.361662 0.761341
vt 0.356237 0.758973
vt 0.354826 0.763326
vt 0.359939 0.765561
vt 0.936922 0.319961
vt 0.934342 0.324941
vt 0.949607 0.319332
vt 0.947908 0.327953
vt 0.945336 0.335412
vt 0.365092 0.768579
vt 0.358527 0.768920
vt 0.363564 0.771865
vt 0.703692 0.992067
vt 0.700050 0.990071
vt 0.353687 0.766852
vt 0.384426 0.721557
vt 0.396035 0.724778
vt 0.697877 0.983253
vt 0.695801 0.987643
vt 0.701624 0.986033
vt 0.693097 0.992487
vt 0.314909 0.759772
vt 0.317013 0.762784
vt 0.320733 0.760811
vt 0.319169 0.757401
vt 0.329245 0.755295
vt 0.329893 0.759405
vt 0.330429 0.762960
vt 0.335418 0.763462
vt 0.344347 0.639028
vt 0.342930 0.642732
vt 0.334387 0.750553
vt 0.340136 0.750634
vt 0.344932 0.760520
vt 0.345419 0.755949
vt 0.324059 0.756068
vt 0.325064 0.759807
vt 0.345917 0.751337
vt 0.704266 0.996253
vt 0.706102 0.993052
vt 0.319146 0.764761
vt 0.322376 0.763200
vt 0.937583 0.353493
vt 0.941680 0.350391
vt 0.754522 0.662456
vt 0.752697 0.657554
vt 0.680059 0.997125
vt 0.683275 0.998649
vt 0.686363 0.994516
vt 0.682936 0.991971
vt 0.686744 0.999743
vt 0.689966 0.996675
vt 0.689270 0.989791
vt 0.960740 0.314656
vt 0.959591 0.300702
vt 0.954018 0.299924
vt 0.955110 0.311828
vt 0.399700 0.674584
vt 0.393953 0.679378
vt 0.396330 0.686891
vt 0.402778 0.681747
vt 0.959813 0.327966
vt 0.954725 0.323019
vt 0.923355 0.258905
vt 0.923131 0.255929
vt 0.822294 0.475832
vt 0.821031 0.470038
vt 0.740309 0.580931
vt 0.745589 0.580633
vt 0.745943 0.574179
vt 0.740236 0.574116
vt 0.669740 0.895101
vt 0.668993 0.899476
vt 0.673363 0.900809
vt 0.673693 0.896773
vt 0.669768 0.904934
vt 0.674006 0.905472
vt 0.645008 0.914597
vt 0.644507 0.910018
vt 0.640211 0.910806
vt 0.641040 0.914994
vt 0.677448 0.901315
vt 0.677965 0.897718
vt 0.344902 0.647431
vt 0.348374 0.648940
vt 0.341788 0.653393
vt 0.344832 0.655171
vt 0.346581 0.652192
vt 0.343313 0.650566
vt 0.353652 0.638258
vt 0.349656 0.636734
vt 0.339434 0.657744
vt 0.342015 0.659958
vt 0.343251 0.657789
vt 0.340439 0.655817
vt 0.746088 0.567274
vt 0.740201 0.567065
vt 0.837051 0.471189
vt 0.833593 0.470007
vt 0.833633 0.472976
vt 0.837246 0.475288
vt 0.666248 0.892572
vt 0.664794 0.897689
vt 0.662952 0.889970
vt 0.660947 0.896222
vt 0.750104 0.561070
vt 0.745610 0.560064
vt 0.750640 0.567566
vt 0.664938 0.904264
vt 0.843203 0.499303
vt 0.841625 0.501134
vt 0.842829 0.502844
vt 0.845099 0.500911
vt 0.839698 0.502673
vt 0.840160 0.504474
vt 0.840730 0.506422
vt 0.844147 0.504780
vt 0.847055 0.502932
vt 0.414288 0.793858
vt 0.414401 0.789972
vt 0.412053 0.790720
vt 0.411736 0.793945
vt 0.414712 0.786242
vt 0.412500 0.787027
vt 0.409491 0.787405
vt 0.408876 0.791184
vt 0.411498 0.797261
vt 0.406854 0.796873
vt 0.406187 0.798260
vt 0.411291 0.800176
vt 0.414346 0.797476
vt 0.044512 0.932834
vt 0.044205 0.926552
vt 0.042210 0.927861
vt 0.042809 0.933652
vt 0.414057 0.801402
vt 0.839906 0.472167
vt 0.331460 0.652344
vt 0.334432 0.653234
vt 0.335571 0.650900
vt 0.337874 0.666464
vt 0.335772 0.664532
vt 0.333652 0.667232
vt 0.335788 0.668785
vt 0.842607 0.476486
vt 0.842944 0.480267
vt 0.844504 0.480678
vt 0.844652 0.477057
vt 0.336504 0.656043
vt 0.337435 0.654305
vt 0.338659 0.651963
vt 0.829883 0.469480
vt 0.825897 0.469938
vt 0.826644 0.473697
vt 0.830126 0.472086
vt 0.415113 0.782734
vt 0.412940 0.783449
vt 0.818971 0.529660
vt 0.819529 0.525345
vt 0.817464 0.523556
vt 0.816609 0.527651
vt 0.820467 0.536030
vt 0.821137 0.531538
vt 0.818057 0.534115
vt 0.825151 0.535761
vt 0.826382 0.529171
vt 0.824480 0.528021
vt 0.823618 0.533761
vt 0.821742 0.526718
vt 0.815657 0.531917
vt 0.342066 0.670211
vt 0.340159 0.668406
vt 0.338102 0.670455
vt 0.340213 0.672040
vt 0.333202 0.672076
vt 0.335335 0.673731
vt 0.410546 0.780845
vt 0.410231 0.783565
vt 0.413225 0.780611
vt 0.739888 0.559614
vt 0.042920 0.936499
vt 0.044454 0.935658
vt 0.045920 0.935272
vt 0.046249 0.932435
vt 0.046271 0.925688
vt 0.407744 0.794650
vt 0.811828 0.526967
vt 0.813594 0.529384
vt 0.814469 0.525477
vt 0.812582 0.523407
vt 0.815549 0.521333
vt 0.039449 0.937164
vt 0.041290 0.937095
vt 0.041122 0.933776
vt 0.039260 0.934157
vt 0.040687 0.929380
vt 0.813754 0.518978
vt 0.681610 0.901173
vt 0.681993 0.897908
vt 0.677699 0.905645
vt 0.681768 0.905178
vt 0.366844 0.710730
vt 0.374798 0.719734
vt 0.670655 0.957174
vt 0.334371 0.714489
vt 0.339450 0.720231
vt 0.339701 0.713778
vt 0.826610 0.494789
vt 0.829477 0.498118
vt 0.830653 0.495839
vt 0.828186 0.492570
vt 0.345301 0.712625
vt 0.345342 0.719366
vt 0.351506 0.711091
vt 0.329442 0.714681
vt 0.378920 0.640497
vt 0.378994 0.642879
vt 0.381800 0.643705
vt 0.381488 0.641537
vt 0.340005 0.764026
vt 0.677599 0.962399
vt 0.672661 0.966602
vt 0.348579 0.737175
vt 0.349791 0.731635
vt 0.343734 0.731727
vt 0.342360 0.737010
vt 0.341141 0.741749
vt 0.335113 0.741952
vt 0.831899 0.493588
vt 0.829950 0.490430
vt 0.340343 0.663165
vt 0.338202 0.660827
vt 0.337259 0.662508
vt 0.339295 0.664677
vt 0.835248 0.502941
vt 0.837559 0.503445
vt 0.837641 0.501443
vt 0.835594 0.500660
vt 0.839430 0.500966
vt 0.839371 0.499388
vt 0.837793 0.499398
vt 0.835987 0.498263
vt 0.335890 0.658423
vt 0.335398 0.660462
vt 0.811283 0.533482
vt 0.813069 0.536270
vt 0.814613 0.534712
vt 0.812656 0.532008
vt 0.334076 0.662831
vt 0.824772 0.539640
vt 0.822973 0.538370
vt 0.413515 0.778264
vt 0.410572 0.778731
vt 0.826382 0.546436
vt 0.824584 0.542318
vt 0.822388 0.541468
vt 0.822275 0.544610
vt 0.819857 0.539459
vt 0.819526 0.541872
vt 0.342551 0.665597
vt 0.341546 0.666879
vt 0.343391 0.668963
vt 0.817135 0.536901
vt 0.816524 0.538906
vt 0.813889 0.513510
vt 0.815307 0.515448
vt 0.817064 0.513561
vt 0.815945 0.511331
vt 0.821851 0.485134
vt 0.824188 0.484709
vt 0.824112 0.480938
vt 0.821207 0.480361
vt 0.826631 0.483572
vt 0.825843 0.480264
vt 0.415948 0.797734
vt 0.416172 0.801568
vt 0.825161 0.477145
vt 0.823769 0.490233
vt 0.826043 0.488743
vt 0.828203 0.487055
vt 0.410173 0.776982
vt 0.407873 0.777753
vt 0.408308 0.778998
vt 0.407221 0.786868
vt 0.407758 0.782755
vt 0.406108 0.782357
vt 0.405662 0.786394
vt 0.841026 0.499759
vt 0.842345 0.498162
vt 0.044747 0.937152
vt 0.046271 0.936893
vt 0.043011 0.937876
vt 0.041906 0.925383
vt 0.040700 0.926738
vt 0.407143 0.789920
vt 0.406563 0.792426
vt 0.041619 0.923772
vt 0.040642 0.925113
vt 0.406369 0.778683
vt 0.406996 0.779266
vt 0.337077 0.675786
vt 0.333150 0.677186
vt 0.334837 0.678852
vt 0.405777 0.788922
vt 0.405808 0.790736
vt 0.331140 0.675761
vt 0.821999 0.522685
vt 0.819961 0.521724
vt 0.330476 0.678822
vt 0.332303 0.679951
vt 0.333730 0.680607
vt 0.818246 0.520441
vt 0.821940 0.519399
vt 0.820206 0.518714
vt 0.818881 0.518401
vt 0.625068 0.918851
vt 0.624453 0.915176
vt 0.622603 0.914976
vt 0.622974 0.917964
vt 0.823927 0.523546
vt 0.331193 0.670838
vt 0.329466 0.674253
vt 0.816755 0.518268
vt 0.405568 0.793731
vt 0.818117 0.516291
vt 0.626677 0.918123
vt 0.625622 0.914550
vt 0.404999 0.791087
vt 0.625175 0.911616
vt 0.624166 0.911798
vt 0.825386 0.496592
vt 0.828458 0.500168
vt 0.043567 0.924013
vt 0.045435 0.923021
vt 0.625251 0.895009
vt 0.623327 0.894529
vt 0.623013 0.896582
vt 0.624615 0.897024
vt 0.626665 0.896085
vt 0.625855 0.897748
vt 0.338224 0.678452
vt 0.339453 0.680380
vt 0.343280 0.675561
vt 0.341917 0.673733
vt 0.824127 0.498149
vt 0.827464 0.502145
vt 0.341175 0.661656
vt 0.338806 0.659290
vt 0.839239 0.480115
vt 0.841073 0.480040
vt 0.840180 0.475884
vt 0.840900 0.483979
vt 0.842064 0.484075
vt 0.843439 0.484231
vt 0.350998 0.633186
vt 0.355058 0.634942
vt 0.355923 0.632236
vt 0.352047 0.630117
vt 0.844972 0.473588
vt 0.842516 0.472940
vt 0.928789 0.430932
vt 0.926232 0.430833
vt 0.817843 0.480514
vt 0.819636 0.485950
vt 0.815270 0.482031
vt 0.671322 0.892254
vt 0.668526 0.889141
vt 0.822166 0.491487
vt 0.817782 0.487297
vt 0.820757 0.492898
vt 0.744522 0.553880
vt 0.739261 0.552777
vt 0.341815 0.633611
vt 0.340822 0.637722
vt 0.345649 0.635146
vt 0.353844 0.646969
vt 0.355766 0.643268
vt 0.340031 0.649210
vt 0.336840 0.648120
vt 0.341474 0.646126
vt 0.338184 0.645009
vt 0.339542 0.641547
vt 0.343326 0.625135
vt 0.341796 0.629000
vt 0.346717 0.631239
vt 0.347987 0.627725
vt 0.623576 0.901388
vt 0.623221 0.905252
vt 0.624341 0.905497
vt 0.624774 0.901820
vt 0.381248 0.628301
vt 0.382771 0.625657
vt 0.380545 0.621891
vt 0.379235 0.624816
vt 0.414879 0.716774
vt 0.413304 0.712118
vt 0.501889 0.168310
vt 0.490317 0.165527
vt 0.938036 0.485454
vt 0.941121 0.487911
vt 0.398707 0.695723
vt 0.389327 0.690672
vt 0.373036 0.675405
vt 0.379646 0.673390
vt 0.831703 0.511834
vt 0.834874 0.511340
vt 0.935861 0.479713
vt 0.935247 0.481063
vt 0.363242 0.635667
vt 0.362661 0.637977
vt 0.366247 0.639198
vt 0.366783 0.636872
vt 0.365080 0.642304
vt 0.369686 0.640246
vt 0.370148 0.637861
vt 0.372929 0.641161
vt 0.373261 0.638720
vt 0.376014 0.642020
vt 0.376157 0.639553
vt 0.485727 0.371218
vt 0.496143 0.353672
vt 0.386496 0.635693
vt 0.384845 0.636917
vt 0.388608 0.634217
vt 0.387846 0.630663
vt 0.385627 0.632746
vt 0.383863 0.634624
vt 0.799502 0.335680
vt 0.804520 0.347546
vt 0.820418 0.319285
vt 0.826756 0.331306
vt 0.369347 0.613875
vt 0.370640 0.610260
vt 0.366015 0.606553
vt 0.364825 0.610156
vt 0.410332 0.700989
vt 0.409240 0.694448
vt 0.408277 0.687270
vt 0.406185 0.694918
vt 0.404931 0.687686
vt 0.407479 0.679199
vt 0.403753 0.679553
vt 0.749977 0.687480
vt 0.622568 0.898751
vt 0.624064 0.899109
vt 0.622062 0.901287
vt 0.625257 0.899595
vt 0.621668 0.905168
vt 0.618187 0.904699
vt 0.619777 0.905023
vt 0.620276 0.901441
vt 0.618603 0.901358
vt 0.819859 0.515798
vt 0.818910 0.512914
vt 0.821322 0.516407
vt 0.619693 0.908137
vt 0.621455 0.908478
vt 0.404928 0.782120
vt 0.404696 0.785777
vt 0.404809 0.788612
vt 0.403753 0.785488
vt 0.403971 0.788567
vt 0.625008 0.908891
vt 0.624166 0.908640
vt 0.403855 0.781888
vt 0.328759 0.751143
vt 0.831686 0.503154
vt 0.832477 0.500913
vt 0.830970 0.505428
vt 0.834644 0.507520
vt 0.834918 0.505193
vt 0.408210 0.780619
vt 0.406570 0.780412
vt 0.833170 0.498627
vt 0.833945 0.496208
vt 0.415594 0.779799
vt 0.416172 0.777490
vt 0.685960 0.900526
vt 0.686073 0.897527
vt 0.686217 0.904214
vt 0.690819 0.902917
vt 0.690380 0.899513
vt 0.690174 0.896920
vt 0.358969 0.636540
vt 0.359649 0.634101
vt 0.357571 0.639711
vt 0.361366 0.641072
vt 0.343351 0.664281
vt 0.344472 0.667909
vt 0.345334 0.666916
vt 0.346527 0.665343
vt 0.344357 0.662526
vt 0.336117 0.680868
vt 0.337412 0.682134
vt 0.334488 0.681951
vt 0.621322 0.894839
vt 0.621305 0.896522
vt 0.347329 0.672025
vt 0.346037 0.669979
vt 0.344858 0.670829
vt 0.346111 0.672608
vt 0.343559 0.671949
vt 0.344821 0.673581
vt 0.345882 0.660059
vt 0.348356 0.662563
vt 0.350666 0.659348
vt 0.347770 0.657171
vt 0.351849 0.650563
vt 0.349804 0.653980
vt 0.353079 0.655895
vt 0.405468 0.780090
vt 0.620856 0.898657
vt 0.619251 0.898627
vt 0.619954 0.896902
vt 0.683106 0.941067
vt 0.684584 0.948269
vt 0.358862 0.710715
vt 0.931431 0.351358
vt 0.350821 0.757200
vt 0.349834 0.761702
vt 0.325923 0.762726
vt 0.681171 0.933742
vt 0.676858 0.935534
vt 0.682409 0.958426
vt 0.344783 0.725813
vt 0.338862 0.726493
vt 0.696396 0.967923
vt 0.693981 0.962972
vt 0.690968 0.966808
vt 0.693680 0.971797
vt 0.326283 0.734465
vt 0.325087 0.739917
vt 0.688469 0.961115
vt 0.674286 0.922017
vt 0.669898 0.922878
vt 0.671004 0.929388
vt 0.675282 0.928343
vt 0.749454 0.586057
vt 0.745472 0.587124
vt 0.745623 0.593881
vt 0.749573 0.592498
vt 0.667232 0.930368
vt 0.683123 0.919681
vt 0.679003 0.920937
vt 0.679769 0.927088
vt 0.684420 0.925425
vt 0.685365 0.931930
vt 0.360568 0.744936
vt 0.355129 0.737964
vt 0.353902 0.743217
vt 0.356264 0.732098
vt 0.347517 0.742229
vt 0.318265 0.754114
vt 0.323307 0.752260
vt 0.367016 0.764445
vt 0.372038 0.768246
vt 0.344542 0.764560
vt 0.349021 0.765442
vt 0.489956 0.198427
vt 0.479704 0.191526
vt 0.472184 0.203365
vt 0.480126 0.211434
vt 0.373000 0.728011
vt 0.387464 0.683038
vt 0.379435 0.679035
vt 0.372669 0.681101
vt 0.372960 0.687508
vt 0.380445 0.685664
vt 0.374238 0.694622
vt 0.382008 0.693116
vt 0.385840 0.676414
vt 0.436063 0.193301
vt 0.438491 0.198087
vt 0.385386 0.559565
vt 0.376192 0.552067
vt 0.812291 0.279795
vt 0.821975 0.272268
vt 0.449392 0.090935
vt 0.445478 0.084579
vt 0.438978 0.092386
vt 0.443445 0.098035
vt 0.804931 0.287241
vt 0.808897 0.271004
vt 0.802133 0.278628
vt 0.395924 0.577313
vt 0.391718 0.568368
vt 0.376672 0.621198
vt 0.377819 0.618042
vt 0.374600 0.614097
vt 0.373324 0.617529
vt 0.411691 0.706909
vt 0.814670 0.307619
vt 0.807400 0.314007
vt 0.809357 0.297044
vt 0.802644 0.303629
vt 0.457180 0.104599
vt 0.453361 0.097631
vt 0.448086 0.104064
vt 0.452618 0.110248
vt 0.398484 0.585934
vt 0.399721 0.594076
vt 0.384457 0.629325
vt 0.382770 0.631662
vt 0.386582 0.626805
vt 0.393639 0.606706
vt 0.397320 0.604292
vt 0.390251 0.609485
vt 0.459180 0.143001
vt 0.458863 0.135808
vt 0.464147 0.141984
vt 0.463145 0.150155
vt 0.464168 0.133925
vt 0.463455 0.126161
vt 0.457953 0.128970
vt 0.462159 0.118761
vt 0.456844 0.122586
vt 0.452339 0.126540
vt 0.477919 0.120995
vt 0.476751 0.111709
vt 0.468753 0.115075
vt 0.470154 0.123526
vt 0.403753 0.609891
vt 0.401551 0.602144
vt 0.466587 0.106995
vt 0.460145 0.111632
vt 0.463991 0.099369
vt 0.472786 0.094937
vt 0.474985 0.103039
vt 0.459733 0.190937
vt 0.454830 0.199830
vt 0.465261 0.196524
vt 0.446345 0.176184
vt 0.449121 0.179144
vt 0.466296 0.159371
vt 0.463246 0.168636
vt 0.468646 0.171095
vt 0.472347 0.160732
vt 0.459696 0.177708
vt 0.464366 0.181269
vt 0.471011 0.185803
vt 0.476034 0.174390
vt 0.480239 0.162773
vt 0.397118 0.668542
vt 0.391813 0.672946
vt 0.458679 0.166560
vt 0.455738 0.174680
vt 0.461204 0.158341
vt 0.381770 0.730864
vt 0.351739 0.752578
vt 0.938501 0.336781
vt 0.934591 0.332493
vt 0.931471 0.336723
vt 0.369108 0.663700
vt 0.365227 0.670573
vt 0.686881 0.938835
vt 0.366795 0.702890
vt 0.367185 0.747391
vt 0.373630 0.750826
vt 0.376414 0.745402
vt 0.561951 0.271502
vt 0.559979 0.295390
vt 0.576686 0.291952
vt 0.578715 0.270858
vt 0.379220 0.738858
vt 0.365209 0.752168
vt 0.371171 0.755615
vt 0.952574 0.332923
vt 0.956973 0.339016
vt 0.949357 0.340903
vt 0.952885 0.347375
vt 0.380848 0.790275
vt 0.383396 0.788857
vt 0.931547 0.329346
vt 0.928334 0.333251
vt 0.747342 0.677295
vt 0.509402 0.823779
vt 0.502903 0.792442
vt 0.941286 0.267637
vt 0.501947 0.445829
vt 0.514559 0.421645
vt 0.568381 0.450176
vt 0.562057 0.477780
vt 0.585815 0.484141
vt 0.589662 0.455665
vt 0.496566 0.759001
vt 0.466475 0.758192
vt 0.473729 0.790083
vt 0.658607 0.455373
vt 0.662907 0.484987
vt 0.688125 0.477264
vt 0.682004 0.449265
vt 0.752184 0.129360
vt 0.722956 0.121772
vt 0.722736 0.140826
vt 0.748671 0.145643
vt 0.631878 0.404154
vt 0.633512 0.429914
vt 0.654787 0.426067
vt 0.650297 0.398743
vt 0.438231 0.567141
vt 0.433997 0.591273
vt 0.456558 0.584322
vt 0.460041 0.558056
vt 0.481195 0.819849
vt 0.614492 0.405629
vt 0.597874 0.403831
vt 0.593741 0.428396
vt 0.613219 0.430668
vt 0.776254 0.835989
vt 0.779894 0.860665
vt 0.807847 0.850311
vt 0.523682 0.877650
vt 0.516366 0.852400
vt 0.488760 0.847474
vt 0.496883 0.871943
vt 0.484967 0.649194
vt 0.483641 0.612388
vt 0.484985 0.580055
vt 0.632018 0.281151
vt 0.629565 0.284099
vt 0.632963 0.289257
vt 0.635457 0.286891
vt 0.897035 0.488902
vt 0.896173 0.497334
vt 0.898521 0.500075
vt 0.899704 0.490234
vt 0.628302 0.358874
vt 0.619016 0.358703
vt 0.616891 0.367219
vt 0.629193 0.366380
vt 0.629678 0.382705
vt 0.643334 0.377703
vt 0.639447 0.362958
vt 0.487784 0.686535
vt 0.729172 0.454252
vt 0.742292 0.438831
vt 0.733146 0.429813
vt 0.721595 0.435597
vt 0.585570 0.157422
vt 0.588722 0.176097
vt 0.606716 0.177577
vt 0.602457 0.158944
vt 0.655045 0.368876
vt 0.647764 0.358219
vt 0.435224 0.721944
vt 0.460333 0.723577
vt 0.456019 0.687156
vt 0.430711 0.687284
vt 0.806378 0.959667
vt 0.802696 0.958042
vt 0.801213 0.962665
vt 0.804469 0.964947
vt 0.937309 0.637897
vt 0.939805 0.646954
vt 0.942035 0.645748
vt 0.939376 0.637398
vt 0.222544 0.829600
vt 0.225044 0.847981
vt 0.537253 0.373987
vt 0.547800 0.350091
vt 0.503718 0.336482
vt 0.498627 0.379378
vt 0.525429 0.272203
vt 0.525392 0.296072
vt 0.377382 0.787749
vt 0.378670 0.791654
vt 0.452542 0.305892
vt 0.454229 0.309487
vt 0.375151 0.783617
vt 0.471784 0.272101
vt 0.466274 0.277798
vt 0.477511 0.311990
vt 0.486239 0.297305
vt 0.437940 0.338749
vt 0.438640 0.344349
vt 0.376439 0.772671
vt 0.921861 0.249912
vt 0.917489 0.250084
vt 0.919124 0.252935
vt 0.922621 0.252959
vt 0.466419 0.337461
vt 0.717878 0.389657
vt 0.718500 0.413638
vt 0.734912 0.413670
vt 0.736549 0.391178
vt 0.515639 0.171322
vt 0.518977 0.155218
vt 0.792119 0.773675
vt 0.813437 0.766718
vt 0.828878 0.662193
vt 0.512291 0.388066
vt 0.526232 0.397734
vt 0.810604 0.359159
vt 0.818314 0.354160
vt 0.848648 0.330969
vt 0.856016 0.325426
vt 0.825881 0.348766
vt 0.832853 0.360700
vt 0.854559 0.344101
vt 0.861381 0.339044
vt 0.469112 0.223030
vt 0.476825 0.232050
vt 0.797560 0.351340
vt 0.802702 0.363444
vt 0.510007 0.106540
vt 0.509574 0.097761
vt 0.509266 0.127900
vt 0.509871 0.116575
vt 0.481511 0.084213
vt 0.470263 0.087500
vt 0.801048 0.319632
vt 0.797123 0.309354
vt 0.460842 0.091986
vt 0.831883 0.755427
vt 0.839419 0.774702
vt 0.772045 0.808479
vt 0.472024 0.454726
vt 0.460375 0.474971
vt 0.479882 0.491824
vt 0.489698 0.470073
vt 0.457532 0.437665
vt 0.833111 0.833112
vt 0.768025 0.778185
vt 0.811938 0.870203
vt 0.783358 0.883116
vt 0.448982 0.169928
vt 0.452009 0.172097
vt 0.452482 0.182505
vt 0.455752 0.186377
vt 0.446876 0.168167
vt 0.444427 0.173563
vt 0.389064 0.645502
vt 0.519707 0.458157
vt 0.530234 0.432553
vt 0.741393 0.603695
vt 0.742326 0.613259
vt 0.747581 0.611193
vt 0.746262 0.602455
vt 0.524028 0.247647
vt 0.545239 0.247058
vt 0.565406 0.248476
vt 0.539034 0.319999
vt 0.541942 0.295631
vt 0.522553 0.318560
vt 0.559315 0.323162
vt 0.450950 0.308539
vt 0.452644 0.311278
vt 0.787523 0.415334
vt 0.798374 0.411471
vt 0.794725 0.396612
vt 0.784588 0.399526
vt 0.459028 0.311110
vt 0.457006 0.312147
vt 0.465218 0.291757
vt 0.466738 0.300966
vt 0.378970 0.795070
vt 0.463391 0.309892
vt 0.463179 0.302352
vt 0.461817 0.294751
vt 0.483679 0.281053
vt 0.785037 0.709642
vt 0.525967 0.517811
vt 0.501967 0.505604
vt 0.495737 0.524435
vt 0.522049 0.537684
vt 0.352812 0.772501
vt 0.357499 0.774383
vt 0.358009 0.771170
vt 0.353148 0.769239
vt 0.442197 0.754699
vt 0.543585 0.271525
vt 0.485688 0.178636
vt 0.334467 0.746236
vt 0.328580 0.747036
vt 0.790763 0.382391
vt 0.804906 0.393034
vt 0.799702 0.379531
vt 0.522227 0.127397
vt 0.521049 0.140511
vt 0.808452 0.375901
vt 0.816743 0.371740
vt 0.794715 0.366818
vt 0.522866 0.115886
vt 0.523117 0.106037
vt 0.824936 0.366556
vt 0.496909 0.183373
vt 0.853957 0.363340
vt 0.861164 0.377322
vt 0.867740 0.372205
vt 0.860908 0.358055
vt 0.809463 0.407918
vt 0.536309 0.127528
vt 0.536820 0.116212
vt 0.867274 0.353388
vt 0.873718 0.367878
vt 0.839870 0.374327
vt 0.847162 0.368691
vt 0.510368 0.188745
vt 0.814634 0.389070
vt 0.823455 0.384901
vt 0.457639 0.235477
vt 0.450695 0.157343
vt 0.388073 0.643137
vt 0.388895 0.643662
vt 0.388959 0.642462
vt 0.388165 0.642177
vt 0.947089 0.489145
vt 0.946178 0.487918
vt 0.390033 0.642700
vt 0.448310 0.157685
vt 0.396939 0.636547
vt 0.659665 0.181301
vt 0.655116 0.158190
vt 0.636544 0.158840
vt 0.641229 0.180786
vt 0.384591 0.771534
vt 0.381277 0.765145
vt 0.378825 0.768764
vt 0.382293 0.774483
vt 0.806545 0.686145
vt 0.806937 0.678218
vt 0.376578 0.759948
vt 0.374156 0.764082
vt 0.833970 0.702975
vt 0.836994 0.851206
vt 0.583035 0.512143
vt 0.610480 0.516939
vt 0.610612 0.488055
vt 0.453973 0.650557
vt 0.454216 0.615481
vt 0.553158 0.528037
vt 0.550662 0.548320
vt 0.491484 0.723367
vt 0.450207 0.784635
vt 0.642181 0.543270
vt 0.639192 0.517839
vt 0.611075 0.542046
vt 0.429275 0.652586
vt 0.430646 0.619997
vt 0.539772 0.469046
vt 0.548293 0.442344
vt 0.739615 0.471375
vt 0.754586 0.450626
vt 0.269819 0.863857
vt 0.284355 0.867247
vt 0.279276 0.849957
vt 0.264886 0.847845
vt 0.509833 0.483476
vt 0.532278 0.495104
vt 0.556858 0.504738
vt 0.581468 0.536264
vt 0.673531 0.538430
vt 0.668231 0.513153
vt 0.240036 0.770120
vt 0.241915 0.748981
vt 0.839419 0.679319
vt 0.636495 0.488788
vt 0.634945 0.458669
vt 0.611858 0.458624
vt 0.703272 0.527160
vt 0.695643 0.503263
vt 0.719732 0.488965
vt 0.729533 0.509981
vt 0.750993 0.488138
vt 0.487075 0.552313
vt 0.737909 0.366934
vt 0.718435 0.365413
vt 0.710636 0.466867
vt 0.541211 0.407453
vt 0.804854 0.697685
vt 0.246504 0.846786
vt 0.261514 0.829472
vt 0.243124 0.828817
vt 0.259493 0.810486
vt 0.244292 0.726389
vt 0.262168 0.728876
vt 0.264905 0.705368
vt 0.245998 0.701875
vt 0.247386 0.675483
vt 0.266921 0.680021
vt 0.267993 0.653406
vt 0.248073 0.647561
vt 0.749902 0.418832
vt 0.764590 0.426775
vt 0.901348 0.212507
vt 0.899747 0.213209
vt 0.899792 0.220061
vt 0.901268 0.219583
vt 0.224896 0.673236
vt 0.746954 0.241964
vt 0.761495 0.241120
vt 0.760791 0.221327
vt 0.745389 0.222292
vt 0.744487 0.202167
vt 0.760888 0.201577
vt 0.762962 0.182124
vt 0.744990 0.182259
vt 0.276024 0.831523
vt 0.274646 0.812338
vt 0.750132 0.280772
vt 0.764676 0.280803
vt 0.762232 0.260872
vt 0.748252 0.261419
vt 0.756151 0.321235
vt 0.772031 0.323404
vt 0.768523 0.301310
vt 0.753065 0.300139
vt 0.718053 0.302909
vt 0.735544 0.301050
vt 0.732944 0.281857
vt 0.715675 0.284091
vt 0.767304 0.462872
vt 0.778247 0.435322
vt 0.704079 0.203737
vt 0.725303 0.202841
vt 0.724563 0.181731
vt 0.702042 0.181253
vt 0.703685 0.442379
vt 0.671806 0.387726
vt 0.677109 0.419997
vt 0.679764 0.362857
vt 0.663492 0.356830
vt 0.820475 0.403742
vt 0.935636 0.274908
vt 0.680159 0.181370
vt 0.676348 0.158002
vt 0.699372 0.416470
vt 0.575157 0.423644
vt 0.557528 0.416462
vt 0.215937 0.555557
vt 0.220781 0.584089
vt 0.246114 0.590215
vt 0.242798 0.563319
vt 0.429275 0.350170
vt 0.847354 0.388620
vt 0.854620 0.382816
vt 0.644209 0.201816
vt 0.662993 0.204838
vt 0.460063 0.317146
vt 0.608086 0.330247
vt 0.609672 0.341262
vt 0.611813 0.340785
vt 0.610752 0.330802
vt 0.266859 0.600068
vt 0.264556 0.575906
vt 0.723574 0.160907
vt 0.746673 0.163212
vt 0.951822 0.287698
vt 0.948846 0.288365
vt 0.273918 0.792923
vt 0.258332 0.791142
vt 0.784588 0.406716
vt 0.770814 0.400771
vt 0.754636 0.395149
vt 0.740806 0.594817
vt 0.726538 0.223959
vt 0.728959 0.243362
vt 0.697277 0.389581
vt 0.223488 0.614345
vt 0.615492 0.384176
vt 0.601799 0.382556
vt 0.581931 0.399359
vt 0.566547 0.392404
vt 0.551758 0.383395
vt 0.445802 0.328285
vt 0.437449 0.333778
vt 0.444481 0.325401
vt 0.436955 0.329608
vt 0.663729 0.294887
vt 0.667958 0.309615
vt 0.675513 0.308306
vt 0.673092 0.292257
vt 0.955663 0.286947
vt 0.789146 0.695415
vt 0.793248 0.683875
vt 0.831840 0.379991
vt 0.460541 0.303840
vt 0.771968 0.690331
vt 0.779588 0.679851
vt 0.768485 0.674519
vt 0.760425 0.681179
vt 0.784509 0.673431
vt 0.774854 0.669799
vt 0.960740 0.347392
vt 0.955494 0.355336
vt 0.760940 0.669777
vt 0.754681 0.673735
vt 0.368953 0.760098
vt 0.363363 0.756856
vt 0.357096 0.776871
vt 0.361688 0.779742
vt 0.361879 0.778444
vt 0.357303 0.775745
vt 0.323059 0.748644
vt 0.329330 0.742935
vt 0.323926 0.744631
vt 0.696502 0.976006
vt 0.694240 0.980190
vt 0.699693 0.979366
vt 0.346574 0.746781
vt 0.340516 0.746209
vt 0.795656 0.676391
vt 0.452803 0.322021
vt 0.451285 0.320516
vt 0.674549 0.993654
vt 0.677036 0.995175
vt 0.679657 0.988991
vt 0.675725 0.985931
vt 0.944014 0.355339
vt 0.939807 0.357683
vt 0.941744 0.362298
vt 0.945350 0.360781
vt 0.830344 0.399142
vt 0.839198 0.394252
vt 0.691893 0.984791
vt 0.686454 0.918567
vt 0.689055 0.923136
vt 0.920752 0.246619
vt 0.915850 0.247072
vt 0.492518 0.904619
vt 0.495313 0.898316
vt 0.490804 0.895130
vt 0.489042 0.902373
vt 0.816282 0.673457
vt 0.731119 0.262664
vt 0.689928 0.929332
vt 0.678795 0.910334
vt 0.682593 0.909646
vt 0.694478 0.913023
vt 0.690386 0.916355
vt 0.692996 0.920362
vt 0.697194 0.916259
vt 0.694832 0.926303
vt 0.701141 0.920818
vt 0.700215 0.911197
vt 0.697809 0.909320
vt 0.704499 0.912860
vt 0.705893 0.907310
vt 0.701947 0.907248
vt 0.699831 0.906878
vt 0.686985 0.908261
vt 0.688358 0.912364
vt 0.684175 0.914180
vt 0.692760 0.909836
vt 0.635803 0.903263
vt 0.640273 0.901454
vt 0.640869 0.896672
vt 0.636325 0.898797
vt 0.340187 0.706970
vt 0.335566 0.707716
vt 0.644636 0.905152
vt 0.639934 0.906166
vt 0.671315 0.910378
vt 0.675518 0.910315
vt 0.677500 0.915333
vt 0.673002 0.916016
vt 0.645008 0.900072
vt 0.644694 0.894529
vt 0.666413 0.910594
vt 0.750330 0.573852
vt 0.749723 0.579890
vt 0.668312 0.916661
vt 0.740518 0.587825
vt 0.691606 0.906493
vt 0.695914 0.904720
vt 0.695061 0.901377
vt 0.696694 0.907201
vt 0.699657 0.905180
vt 0.699298 0.903024
vt 0.698535 0.899869
vt 0.694139 0.898200
vt 0.693409 0.896309
vt 0.697443 0.897250
vt 0.837726 0.507562
vt 0.838011 0.509896
vt 0.841312 0.508753
vt 0.837586 0.505438
vt 0.621303 0.911280
vt 0.622770 0.911742
vt 0.623018 0.908573
vt 0.843865 0.494459
vt 0.843928 0.497099
vt 0.845537 0.498207
vt 0.845179 0.495113
vt 0.847062 0.499319
vt 0.347091 0.669403
vt 0.348361 0.668399
vt 0.350093 0.672151
vt 0.352921 0.668150
vt 0.350658 0.665251
vt 0.356658 0.664166
vt 0.353577 0.661673
vt 0.356460 0.657897
vt 0.360068 0.659945
vt 0.364147 0.661970
vt 0.360256 0.666980
vt 0.844866 0.507230
vt 0.841853 0.511331
vt 0.845103 0.510174
vt 0.847962 0.509896
vt 0.847563 0.506304
vt 0.702358 0.904438
vt 0.702264 0.901810
vt 0.706102 0.903332
vt 0.705704 0.900099
vt 0.704633 0.897004
vt 0.701767 0.898748
vt 0.365612 0.688747
vt 0.366272 0.695549
vt 0.365674 0.677148
vt 0.365628 0.682745
vt 0.503075 0.948341
vt 0.500452 0.941906
vt 0.499583 0.942382
vt 0.502542 0.948678
vt 0.344757 0.705731
vt 0.350493 0.702377
vt 0.358692 0.703006
vt 0.351983 0.674869
vt 0.355244 0.671260
vt 0.353738 0.678379
vt 0.357727 0.675195
vt 0.359072 0.679758
vt 0.359428 0.684349
vt 0.354760 0.682127
vt 0.354916 0.685640
vt 0.358910 0.695905
vt 0.359243 0.689605
vt 0.354521 0.689708
vt 0.353179 0.695042
vt 0.499434 0.905741
vt 0.500765 0.902859
vt 0.499947 0.902807
vt 0.498584 0.905812
vt 0.801666 0.425943
vt 0.813004 0.424116
vt 0.825264 0.420223
vt 0.630281 0.312190
vt 0.628994 0.309892
vt 0.625798 0.310796
vt 0.627223 0.311925
vt 0.802345 0.986498
vt 0.803877 0.982030
vt 0.799457 0.979534
vt 0.797387 0.983517
vt 0.801704 0.926128
vt 0.798099 0.924493
vt 0.796335 0.927223
vt 0.799775 0.929613
vt 0.639722 0.340893
vt 0.641827 0.336404
vt 0.638916 0.334656
vt 0.638014 0.338409
vt 0.669379 0.275936
vt 0.660544 0.279466
vt 0.719606 0.322257
vt 0.701771 0.305021
vt 0.702510 0.323564
vt 0.699713 0.286625
vt 0.613921 0.265443
vt 0.617440 0.267413
vt 0.618815 0.262773
vt 0.615126 0.261339
vt 0.659027 0.304500
vt 0.661187 0.303977
vt 0.659352 0.296183
vt 0.656444 0.297045
vt 0.656007 0.288908
vt 0.652993 0.289844
vt 0.713288 0.265013
vt 0.685300 0.289344
vt 0.687274 0.306852
vt 0.719627 0.343105
vt 0.701554 0.343317
vt 0.699307 0.365006
vt 0.627563 0.342896
vt 0.625112 0.336806
vt 0.620172 0.339236
vt 0.622613 0.345851
vt 0.616442 0.271445
vt 0.620386 0.275012
vt 0.622205 0.271025
vt 0.810643 0.967853
vt 0.812445 0.962091
vt 0.809672 0.961072
vt 0.807667 0.966706
vt 0.799324 0.965888
vt 0.801466 0.968885
vt 0.624076 0.265933
vt 0.629862 0.339005
vt 0.628606 0.334773
vt 0.380998 0.924038
vt 0.382631 0.926910
vt 0.384158 0.926429
vt 0.382528 0.923012
vt 0.614029 0.268940
vt 0.930814 0.666069
vt 0.936525 0.674006
vt 0.942153 0.669387
vt 0.936491 0.662584
vt 0.378673 0.925391
vt 0.380268 0.928303
vt 0.605864 0.290025
vt 0.610100 0.291323
vt 0.612301 0.285741
vt 0.609695 0.281700
vt 0.605018 0.298326
vt 0.609084 0.297582
vt 0.076174 0.931226
vt 0.076174 0.924845
vt 0.073583 0.924181
vt 0.073985 0.930316
vt 0.354487 0.925656
vt 0.349773 0.925867
vt 0.349888 0.928737
vt 0.355745 0.929168
vt 0.809238 0.934053
vt 0.805265 0.934765
vt 0.805408 0.940341
vt 0.808753 0.939265
vt 0.801090 0.974311
vt 0.796468 0.973211
vt 0.795365 0.977432
vt 0.637781 0.301033
vt 0.640625 0.299865
vt 0.638306 0.293152
vt 0.635704 0.294853
vt 0.379912 0.919584
vt 0.382148 0.918630
vt 0.938008 0.584036
vt 0.933236 0.582981
vt 0.930814 0.593356
vt 0.935820 0.594210
vt 0.377190 0.920814
vt 0.805398 0.944899
vt 0.808596 0.944363
vt 0.804765 0.948952
vt 0.801758 0.948957
vt 0.799854 0.952267
vt 0.803620 0.953051
vt 0.642439 0.291391
vt 0.644906 0.298866
vt 0.639352 0.307609
vt 0.642349 0.306999
vt 0.602397 0.315530
vt 0.606485 0.306299
vt 0.599669 0.302269
vt 0.646673 0.306525
vt 0.797690 0.953330
vt 0.795830 0.956119
vt 0.799227 0.956829
vt 0.615161 0.274259
vt 0.618677 0.278126
vt 0.614650 0.276894
vt 0.617636 0.281308
vt 0.814649 0.911969
vt 0.816004 0.907077
vt 0.812219 0.906344
vt 0.811112 0.913922
vt 0.811105 0.925169
vt 0.810481 0.929302
vt 0.813423 0.929234
vt 0.813808 0.924948
vt 0.812409 0.933591
vt 0.815751 0.928254
vt 0.816431 0.923824
vt 0.813652 0.956156
vt 0.810790 0.955370
vt 0.807393 0.954239
vt 0.815122 0.963191
vt 0.813242 0.969330
vt 0.814817 0.970907
vt 0.816944 0.964326
vt 0.946471 0.561011
vt 0.946482 0.548320
vt 0.939812 0.551747
vt 0.941315 0.561421
vt 0.655874 0.347215
vt 0.650267 0.357960
vt 0.653872 0.359805
vt 0.660130 0.348687
vt 0.815530 0.918074
vt 0.817647 0.916413
vt 0.817242 0.911273
vt 0.931814 0.621059
vt 0.935851 0.620158
vt 0.936913 0.611757
vt 0.932464 0.612381
vt 0.927275 0.612761
vt 0.926774 0.622092
vt 0.928761 0.603261
vt 0.923849 0.603254
vt 0.922312 0.613145
vt 0.921751 0.622889
vt 0.940226 0.573111
vt 0.935379 0.572335
vt 0.639991 0.328655
vt 0.640610 0.321749
vt 0.638639 0.321386
vt 0.637711 0.328048
vt 0.662915 0.312906
vt 0.660254 0.312940
vt 0.660218 0.324154
vt 0.663357 0.324379
vt 0.811072 0.975079
vt 0.808156 0.973161
vt 0.640385 0.314576
vt 0.643390 0.314552
vt 0.611630 0.275562
vt 0.607344 0.268815
vt 0.603394 0.276687
vt 0.625097 0.279306
vt 0.627338 0.275690
vt 0.812522 0.919034
vt 0.629971 0.270962
vt 0.612210 0.265765
vt 0.613005 0.270018
vt 0.809600 0.919606
vt 0.566371 0.896587
vt 0.563349 0.894529
vt 0.561282 0.898386
vt 0.565682 0.903187
vt 0.651767 0.344542
vt 0.646437 0.353567
vt 0.655858 0.313323
vt 0.656518 0.323467
vt 0.924560 0.644343
vt 0.929136 0.642301
vt 0.927489 0.631873
vt 0.922623 0.633312
vt 0.655045 0.334297
vt 0.658721 0.335667
vt 0.638907 0.354530
vt 0.638436 0.349457
vt 0.632345 0.351154
vt 0.631728 0.355466
vt 0.571500 0.907318
vt 0.574989 0.895047
vt 0.571878 0.894529
vt 0.569179 0.904644
vt 0.938404 0.603273
vt 0.933853 0.603510
vt 0.600063 0.289533
vt 0.623438 0.282100
vt 0.622519 0.284722
vt 0.628046 0.286396
vt 0.570623 0.920266
vt 0.571169 0.929028
vt 0.576937 0.930658
vt 0.575512 0.920445
vt 0.632163 0.265953
vt 0.654364 0.912777
vt 0.654547 0.921287
vt 0.659153 0.924490
vt 0.658149 0.915172
vt 0.379250 0.914167
vt 0.382310 0.913102
vt 0.631508 0.291196
vt 0.627153 0.288458
vt 0.630461 0.293158
vt 0.816845 0.937687
vt 0.814697 0.938500
vt 0.814714 0.944313
vt 0.817144 0.944012
vt 0.634104 0.296514
vt 0.647696 0.314486
vt 0.652161 0.313958
vt 0.650752 0.305159
vt 0.574244 0.909037
vt 0.567580 0.916315
vt 0.376712 0.916407
vt 0.609985 0.303388
vt 0.615272 0.278992
vt 0.615923 0.280675
vt 0.616732 0.282575
vt 0.610094 0.311220
vt 0.614657 0.307598
vt 0.807911 0.924797
vt 0.807332 0.928981
vt 0.932255 0.564435
vt 0.931376 0.572453
vt 0.935817 0.562576
vt 0.928873 0.582535
vt 0.624390 0.254333
vt 0.630609 0.256351
vt 0.631976 0.254463
vt 0.625005 0.251740
vt 0.806827 0.920512
vt 0.932215 0.630009
vt 0.933615 0.639540
vt 0.612608 0.255473
vt 0.609991 0.253631
vt 0.607563 0.261221
vt 0.610398 0.261304
vt 0.618805 0.331115
vt 0.623904 0.329494
vt 0.485700 0.911332
vt 0.484741 0.902539
vt 0.480133 0.902555
vt 0.480356 0.913184
vt 0.900716 0.480133
vt 0.896842 0.479741
vt 0.619201 0.254502
vt 0.618241 0.252293
vt 0.612783 0.261021
vt 0.615093 0.256881
vt 0.637055 0.356062
vt 0.623172 0.256369
vt 0.628509 0.258386
vt 0.619707 0.255940
vt 0.830091 0.531398
vt 0.828548 0.538427
vt 0.833165 0.540341
vt 0.834303 0.531291
vt 0.654718 0.903677
vt 0.658462 0.904952
vt 0.659153 0.894945
vt 0.655331 0.894529
vt 0.643616 0.322213
vt 0.654631 0.303682
vt 0.631946 0.308503
vt 0.634626 0.311890
vt 0.818941 0.902311
vt 0.816773 0.900546
vt 0.593842 0.320882
vt 0.590326 0.306156
vt 0.653503 0.285293
vt 0.649213 0.276636
vt 0.921297 0.603740
vt 0.926096 0.592868
vt 0.923461 0.593399
vt 0.926318 0.582722
vt 0.643817 0.268115
vt 0.664946 0.321937
vt 0.663058 0.330582
vt 0.662641 0.337934
vt 0.667866 0.323417
vt 0.576937 0.896592
vt 0.927737 0.251480
vt 0.818406 0.907167
vt 0.610370 0.267157
vt 0.893095 0.479708
vt 0.894414 0.488227
vt 0.892541 0.494188
vt 0.889897 0.481345
vt 0.936710 0.554372
vt 0.826382 0.544539
vt 0.830344 0.546436
vt 0.590558 0.289238
vt 0.593629 0.269899
vt 0.558766 0.901890
vt 0.562238 0.906955
vt 0.647420 0.331017
vt 0.643059 0.329753
vt 0.880513 0.456646
vt 0.874681 0.458406
vt 0.875319 0.469409
vt 0.881390 0.469060
vt 0.638828 0.358774
vt 0.642189 0.365094
vt 0.629744 0.359655
vt 0.631125 0.365749
vt 0.879111 0.482896
vt 0.884221 0.482812
vt 0.892288 0.469574
vt 0.888339 0.469061
vt 0.887540 0.457989
vt 0.943740 0.654143
vt 0.936318 0.649522
vt 0.940356 0.657766
vt 0.635808 0.338469
vt 0.636140 0.343049
vt 0.647964 0.322712
vt 0.835474 0.517219
vt 0.838299 0.517662
vt 0.838299 0.511353
vt 0.834874 0.511471
vt 0.634801 0.263212
vt 0.637230 0.261247
vt 0.929017 0.573449
vt 0.805683 0.987919
vt 0.807615 0.983937
vt 0.621590 0.356018
vt 0.621069 0.360169
vt 0.896622 0.469857
vt 0.632410 0.344014
vt 0.811956 0.938892
vt 0.811787 0.944297
vt 0.814872 0.932869
vt 0.935994 0.628809
vt 0.560850 0.916126
vt 0.560007 0.920410
vt 0.561633 0.923412
vt 0.563635 0.921590
vt 0.687304 0.324356
vt 0.684874 0.342684
vt 0.932128 0.276362
vt 0.927784 0.269608
vt 0.927181 0.269499
vt 0.931615 0.276180
vt 0.896691 0.461539
vt 0.892162 0.460252
vt 0.942669 0.584457
vt 0.944898 0.573555
vt 0.615513 0.234153
vt 0.599291 0.237393
vt 0.607927 0.244375
vt 0.622903 0.244667
vt 0.348044 0.920033
vt 0.350411 0.922327
vt 0.351194 0.919665
vt 0.349666 0.918686
vt 0.353345 0.922721
vt 0.557406 0.919430
vt 0.558083 0.922184
vt 0.559583 0.922350
vt 0.345080 0.918227
vt 0.346316 0.922642
vt 0.347266 0.916365
vt 0.946482 0.652391
vt 0.793411 0.951151
vt 0.792519 0.949014
vt 0.789365 0.950796
vt 0.790282 0.953542
vt 0.801430 0.938955
vt 0.802535 0.932153
vt 0.799765 0.936527
vt 0.353159 0.920399
vt 0.348215 0.912836
vt 0.349705 0.916532
vt 0.350077 0.914491
vt 0.560322 0.924201
vt 0.557185 0.915379
vt 0.554530 0.915350
vt 0.555319 0.919235
vt 0.557435 0.905167
vt 0.556675 0.908052
vt 0.557043 0.910968
vt 0.559541 0.909866
vt 0.641681 0.923791
vt 0.642147 0.927327
vt 0.645213 0.925051
vt 0.643730 0.922621
vt 0.804829 0.924135
vt 0.804394 0.927715
vt 0.802135 0.923437
vt 0.799209 0.922954
vt 0.369987 0.912497
vt 0.366185 0.913657
vt 0.365776 0.917944
vt 0.368825 0.917708
vt 0.613787 0.287616
vt 0.617169 0.284418
vt 0.374048 0.918088
vt 0.375007 0.912493
vt 0.372761 0.912449
vt 0.371806 0.917978
vt 0.063507 0.927087
vt 0.062995 0.928966
vt 0.065536 0.928875
vt 0.066726 0.925939
vt 0.803858 0.921178
vt 0.067354 0.923020
vt 0.064087 0.925063
vt 0.060712 0.926032
vt 0.060873 0.928350
vt 0.638222 0.926519
vt 0.639377 0.923293
vt 0.060459 0.923733
vt 0.391636 0.924945
vt 0.389468 0.923941
vt 0.389612 0.926556
vt 0.391298 0.928289
vt 0.374418 0.926385
vt 0.371523 0.924509
vt 0.391621 0.921191
vt 0.389242 0.920957
vt 0.802251 0.942292
vt 0.802438 0.945640
vt 0.387273 0.920812
vt 0.387657 0.923255
vt 0.797305 0.933843
vt 0.794301 0.930747
vt 0.365770 0.921359
vt 0.368235 0.923032
vt 0.612538 0.292130
vt 0.611969 0.297101
vt 0.393920 0.926329
vt 0.394220 0.921608
vt 0.392924 0.930260
vt 0.795409 0.924274
vt 0.794134 0.926329
vt 0.644258 0.915487
vt 0.643150 0.916381
vt 0.643828 0.917839
vt 0.645213 0.917582
vt 0.643642 0.919602
vt 0.645035 0.920294
vt 0.391126 0.917063
vt 0.388939 0.917783
vt 0.798651 0.941847
vt 0.796975 0.939917
vt 0.615760 0.305389
vt 0.612729 0.301799
vt 0.393772 0.916649
vt 0.394220 0.912449
vt 0.391291 0.912957
vt 0.389063 0.914888
vt 0.792338 0.933821
vt 0.794754 0.937875
vt 0.062577 0.930651
vt 0.064307 0.931175
vt 0.636049 0.923107
vt 0.637568 0.921541
vt 0.637318 0.919426
vt 0.635803 0.919691
vt 0.388167 0.925176
vt 0.386081 0.920960
vt 0.386357 0.923013
vt 0.060937 0.930295
vt 0.059793 0.930373
vt 0.060383 0.932392
vt 0.061070 0.931686
vt 0.062142 0.932087
vt 0.387322 0.918473
vt 0.638833 0.920327
vt 0.638838 0.919023
vt 0.637789 0.917098
vt 0.639134 0.917445
vt 0.639994 0.921360
vt 0.640231 0.919875
vt 0.063401 0.932564
vt 0.641974 0.915468
vt 0.641292 0.916516
vt 0.642311 0.917300
vt 0.640621 0.918208
vt 0.641707 0.918764
vt 0.065718 0.931898
vt 0.067354 0.929412
vt 0.641424 0.921662
vt 0.641384 0.920196
vt 0.640858 0.914994
vt 0.639933 0.915728
vt 0.642207 0.920153
vt 0.642622 0.919065
vt 0.642961 0.918001
vt 0.940363 0.594292
vt 0.461144 0.310327
vt 0.503402 0.898877
vt 0.504647 0.897362
vt 0.504091 0.897219
vt 0.502771 0.898734
vt 0.671339 0.340524
vt 0.675215 0.324213
vt 0.644147 0.274442
vt 0.648645 0.273748
vt 0.644996 0.265001
vt 0.638916 0.265477
vt 0.653516 0.266117
vt 0.647057 0.252214
vt 0.639299 0.254119
vt 0.632390 0.255002
vt 0.757663 0.345003
vt 0.737922 0.321187
vt 0.738679 0.343264
vt 0.757106 0.369970
vt 0.277404 0.732754
vt 0.280705 0.710460
vt 0.284355 0.660957
vt 0.284025 0.635579
vt 0.268005 0.626356
vt 0.283143 0.686299
vt 0.247748 0.618808
vt 0.224723 0.644354
vt 0.458035 0.316437
vt 0.943766 0.484715
vt 0.944657 0.485619
vt 0.944521 0.485020
vt 0.943898 0.483923
vt 0.942109 0.482588
vt 0.942596 0.481571
vt 0.473424 0.324867
vt 0.923772 0.261380
vt 0.939936 0.479787
vt 0.940705 0.478631
vt 0.683063 0.205222
vt 0.645348 0.221541
vt 0.641034 0.244030
vt 0.633162 0.244309
vt 0.662652 0.336514
vt 0.368889 0.785236
vt 0.365887 0.781760
vt 0.365493 0.782980
vt 0.368380 0.786349
vt 0.609753 0.196955
vt 0.626294 0.199292
vt 0.623752 0.179824
vt 0.612362 0.216016
vt 0.628397 0.217635
vt 0.577473 0.312406
vt 0.561872 0.360870
vt 0.605597 0.365540
vt 0.572336 0.340530
vt 0.663126 0.259997
vt 0.654579 0.244684
vt 0.583903 0.328475
vt 0.642830 0.235907
vt 0.616450 0.340442
vt 0.618749 0.347489
vt 0.626109 0.261119
vt 0.594951 0.359398
vt 0.609413 0.355714
vt 0.601063 0.348601
vt 0.655294 0.351266
vt 0.651753 0.347640
vt 0.645071 0.352596
vt 0.901079 0.470476
vt 0.901034 0.461771
vt 0.459778 0.287298
vt 0.501417 0.900555
vt 0.502138 0.900708
vt 0.386687 0.778775
vt 0.384531 0.780848
vt 0.611852 0.352781
vt 0.604719 0.343922
vt 0.588455 0.377802
vt 0.575174 0.370562
vt 0.619435 0.159599
vt 0.617379 0.257818
vt 0.620922 0.258761
vt 0.648961 0.135073
vt 0.630330 0.136883
vt 0.641353 0.112175
vt 0.622711 0.114901
vt 0.607592 0.120044
vt 0.601645 0.101013
vt 0.584277 0.108899
vt 0.592305 0.125086
vt 0.632766 0.090672
vt 0.624452 0.069934
vt 0.611360 0.074832
vt 0.616596 0.094801
vt 0.895402 0.028005
vt 0.891740 0.012229
vt 0.875167 0.025523
vt 0.879631 0.042692
vt 0.808137 0.949219
vt 0.664249 0.110022
vt 0.690974 0.107812
vt 0.859088 0.038466
vt 0.629881 0.233788
vt 0.652525 0.281517
vt 0.648950 0.282426
vt 0.863323 0.057448
vt 0.897364 0.453191
vt 0.892989 0.451986
vt 0.652788 0.323225
vt 0.651809 0.332797
vt 0.444920 0.455218
vt 0.868369 0.390480
vt 0.874449 0.385567
vt 0.855158 0.403456
vt 0.862472 0.396655
vt 0.876460 0.417803
vt 0.867927 0.407737
vt 0.861570 0.417400
vt 0.868570 0.430124
vt 0.836183 0.415634
vt 0.846244 0.410220
vt 0.791150 0.430545
vt 0.796049 0.443780
vt 0.804075 0.437507
vt 0.814052 0.443561
vt 0.614004 0.139723
vt 0.597857 0.141638
vt 0.597605 0.081097
vt 0.899747 0.041235
vt 0.885528 0.057191
vt 0.583065 0.089327
vt 0.595341 0.062133
vt 0.581713 0.073223
vt 0.852111 0.427019
vt 0.857671 0.445595
vt 0.840207 0.433436
vt 0.842945 0.451986
vt 0.870085 0.076018
vt 0.699380 0.158635
vt 0.671251 0.134322
vt 0.695727 0.134978
vt 0.251115 0.862889
vt 0.385970 0.640989
vt 0.384080 0.639683
vt 0.383174 0.640169
vt 0.385242 0.641347
vt 0.228232 0.865118
vt 0.776585 0.131891
vt 0.256763 0.878223
vt 0.276042 0.878564
vt 0.232247 0.881442
vt 0.576057 0.118278
vt 0.579050 0.127905
vt 0.805710 0.977637
vt 0.809160 0.979975
vt 0.620613 0.357625
vt 0.773827 0.373918
vt 0.774008 0.347791
vt 0.429155 0.545546
vt 0.429014 0.547526
vt 0.429275 0.547755
vt 0.429275 0.545718
vt 0.901079 0.452780
vt 0.901964 0.208848
vt 0.902738 0.207736
vt 0.901083 0.205386
vt 0.899768 0.208177
vt 0.927145 0.655567
vt 0.932121 0.653130
vt 0.798427 0.960802
vt 0.648872 0.296761
vt 0.580722 0.252078
vt 0.594018 0.252744
vt 0.804522 0.971542
vt 0.924934 0.264741
vt 0.924413 0.263371
vt 0.745693 0.669527
vt 0.938121 0.628284
vt 0.938187 0.619502
vt 0.424882 0.751708
vt 0.427742 0.725239
vt 0.417074 0.721672
vt 0.415013 0.749874
vt 0.427742 0.776982
vt 0.418700 0.776564
vt 0.934218 0.274870
vt 0.582850 0.912331
vt 0.583623 0.901890
vt 0.583204 0.901792
vt 0.582515 0.912237
vt 0.938350 0.283498
vt 0.936232 0.284834
vt 0.938394 0.293511
vt 0.940043 0.292438
vt 0.364973 0.784048
vt 0.367621 0.787363
vt 0.497421 0.909794
vt 0.498260 0.909616
vt 0.356867 0.777671
vt 0.361578 0.780875
vt 0.496479 0.914430
vt 0.495962 0.921282
vt 0.496812 0.921299
vt 0.497311 0.914230
vt 0.367323 0.777466
vt 0.370909 0.781426
vt 0.331108 0.773533
vt 0.328382 0.772801
vt 0.328760 0.774200
vt 0.331185 0.773907
vt 0.902250 0.212360
vt 0.903003 0.209369
vt 0.495723 0.914724
vt 0.495313 0.921271
vt 0.581841 0.911969
vt 0.581138 0.923153
vt 0.582222 0.923393
vt 0.498752 0.921103
vt 0.499227 0.913932
vt 0.498244 0.914099
vt 0.497784 0.921203
vt 0.371085 0.788780
vt 0.370519 0.789636
vt 0.327847 0.775959
vt 0.328468 0.775557
vt 0.326394 0.773395
vt 0.325680 0.773640
vt 0.446684 0.314402
vt 0.444429 0.312880
vt 0.443836 0.313989
vt 0.446066 0.315408
vt 0.580301 0.910819
vt 0.578901 0.909609
vt 0.576937 0.921425
vt 0.578767 0.922048
vt 0.448933 0.315768
vt 0.448288 0.316547
vt 0.369630 0.790352
vt 0.373725 0.785538
vt 0.372535 0.794827
vt 0.371709 0.792421
vt 0.370823 0.792878
vt 0.371534 0.795156
vt 0.442099 0.311189
vt 0.441531 0.312387
vt 0.448895 0.305854
vt 0.447320 0.308632
vt 0.449402 0.310851
vt 0.505831 0.896136
vt 0.505383 0.895988
vt 0.356558 0.778264
vt 0.361384 0.781680
vt 0.071472 0.923055
vt 0.068784 0.923021
vt 0.068489 0.928905
vt 0.071293 0.929386
vt 0.352588 0.775513
vt 0.352524 0.776237
vt 0.495481 0.926282
vt 0.496106 0.926023
vt 0.495870 0.930685
vt 0.496473 0.930232
vt 0.348436 0.774395
vt 0.348537 0.775226
vt 0.344181 0.774043
vt 0.344471 0.774884
vt 0.496380 0.934798
vt 0.497021 0.934160
vt 0.497860 0.938117
vt 0.497217 0.938809
vt 0.498948 0.942792
vt 0.344146 0.771269
vt 0.348467 0.771570
vt 0.348657 0.768157
vt 0.344332 0.767649
vt 0.362914 0.773978
vt 0.362156 0.777085
vt 0.340178 0.771001
vt 0.340208 0.767361
vt 0.324199 0.765834
vt 0.327620 0.766847
vt 0.326548 0.764564
vt 0.323290 0.764239
vt 0.331056 0.770500
vt 0.336827 0.772489
vt 0.336751 0.771488
vt 0.331085 0.769219
vt 0.635803 0.911010
vt 0.635467 0.909810
vt 0.633694 0.910003
vt 0.633833 0.911185
vt 0.331096 0.771342
vt 0.336788 0.773217
vt 0.372891 0.796719
vt 0.371900 0.796921
vt 0.451202 0.312965
vt 0.450198 0.317605
vt 0.450725 0.316856
vt 0.923538 0.334040
vt 0.926364 0.330944
vt 0.923605 0.327882
vt 0.920795 0.330445
vt 0.321928 0.769425
vt 0.322413 0.769692
vt 0.323023 0.768074
vt 0.322596 0.767557
vt 0.323093 0.769694
vt 0.323532 0.768504
vt 0.325362 0.768596
vt 0.325057 0.767801
vt 0.324687 0.766891
vt 0.916448 0.332763
vt 0.917900 0.331201
vt 0.917593 0.330533
vt 0.916241 0.332066
vt 0.919711 0.329007
vt 0.919117 0.328109
vt 0.323234 0.771785
vt 0.324848 0.774082
vt 0.324027 0.771451
vt 0.922318 0.326571
vt 0.931586 0.317348
vt 0.928935 0.321220
vt 0.932287 0.323314
vt 0.934796 0.318852
vt 0.936237 0.308483
vt 0.934047 0.313184
vt 0.936859 0.313686
vt 0.938509 0.307750
vt 0.939769 0.300752
vt 0.938119 0.302170
vt 0.375371 0.798131
vt 0.374454 0.799682
vt 0.375295 0.800388
vt 0.376735 0.798099
vt 0.929065 0.268977
vt 0.926070 0.266749
vt 0.925708 0.267193
vt 0.928442 0.269432
vt 0.506533 0.895043
vt 0.506904 0.895151
vt 0.925304 0.267271
vt 0.925225 0.265731
vt 0.925427 0.266626
vt 0.371264 0.799796
vt 0.371380 0.800514
vt 0.371736 0.800480
vt 0.371668 0.799794
vt 0.374148 0.798213
vt 0.373647 0.799559
vt 0.915675 0.327333
vt 0.916023 0.327918
vt 0.916766 0.326927
vt 0.916433 0.324860
vt 0.915938 0.324982
vt 0.371858 0.800315
vt 0.372197 0.799748
vt 0.918722 0.332510
vt 0.920828 0.336232
vt 0.933512 0.275286
vt 0.372158 0.798482
vt 0.372815 0.799635
vt 0.373051 0.798361
vt 0.936069 0.285069
vt 0.932788 0.276126
vt 0.935977 0.285471
vt 0.937962 0.294098
vt 0.937266 0.302937
vt 0.935079 0.308399
vt 0.583518 0.894734
vt 0.583236 0.894620
vt 0.932714 0.312812
vt 0.930143 0.316633
vt 0.927458 0.320178
vt 0.326886 0.776577
vt 0.918627 0.337178
vt 0.917021 0.333788
vt 0.318943 0.768020
vt 0.321312 0.768970
vt 0.322050 0.766875
vt 0.320562 0.765669
vt 0.317374 0.767403
vt 0.449830 0.314785
vt 0.451394 0.316082
vt 0.452514 0.315190
vt 0.327869 0.767828
vt 0.445193 0.311634
vt 0.447494 0.313280
vt 0.453841 0.314287
vt 0.340148 0.772049
vt 0.344103 0.772400
vt 0.445133 0.306228
vt 0.442915 0.309688
vt 0.348432 0.772747
vt 0.352712 0.773788
vt 0.375736 0.789517
vt 0.369423 0.784109
vt 0.371865 0.787767
vt 0.068694 0.934137
vt 0.071472 0.935176
vt 0.929390 0.327260
vt 0.926356 0.324744
vt 0.427265 0.655741
vt 0.427384 0.655279
vt 0.426984 0.654895
vt 0.427009 0.655162
vt 0.579758 0.922433
vt 0.578728 0.931156
vt 0.579884 0.930976
vt 0.903799 0.209955
vt 0.903646 0.209781
vt 0.902901 0.212259
vt 0.903233 0.212217
vt 0.902051 0.220058
vt 0.903069 0.230513
vt 0.903902 0.230769
vt 0.582716 0.923074
vt 0.583374 0.930685
vt 0.582708 0.930736
vt 0.369961 0.793154
vt 0.370651 0.795205
vt 0.584045 0.935004
vt 0.583356 0.935039
vt 0.505392 0.897124
vt 0.506452 0.895966
vt 0.500009 0.913697
vt 0.500999 0.909073
vt 0.500168 0.909226
vt 0.635424 0.897559
vt 0.635541 0.894763
vt 0.634694 0.895027
vt 0.634490 0.897862
vt 0.576982 0.931070
vt 0.748917 0.620204
vt 0.635778 0.903754
vt 0.635565 0.900709
vt 0.634503 0.901068
vt 0.634619 0.904250
vt 0.327774 0.778361
vt 0.328248 0.780107
vt 0.328755 0.778789
vt 0.328112 0.777020
vt 0.919825 0.323291
vt 0.921529 0.320819
vt 0.920844 0.320465
vt 0.919264 0.322808
vt 0.635803 0.906203
vt 0.634863 0.906826
vt 0.582163 0.935317
vt 0.581533 0.930829
vt 0.580948 0.911431
vt 0.918363 0.325978
vt 0.917167 0.328145
vt 0.917441 0.328996
vt 0.918724 0.326707
vt 0.916167 0.329152
vt 0.916338 0.330362
vt 0.324894 0.771261
vt 0.323972 0.769863
vt 0.427880 0.559488
vt 0.427965 0.560519
vt 0.428383 0.560780
vt 0.428376 0.559274
vt 0.324812 0.770506
vt 0.325552 0.772288
vt 0.326557 0.772302
vt 0.326011 0.770729
vt 0.328159 0.771682
vt 0.328079 0.770819
vt 0.325645 0.769530
vt 0.331132 0.772894
vt 0.331128 0.772057
vt 0.328056 0.770027
vt 0.352644 0.774762
vt 0.348390 0.773611
vt 0.344059 0.773240
vt 0.340251 0.773687
vt 0.340117 0.772884
vt 0.327995 0.768984
vt 0.921168 0.325279
vt 0.630444 0.911020
vt 0.630398 0.909299
vt 0.629136 0.909805
vt 0.629208 0.911661
vt 0.930723 0.312559
vt 0.927983 0.315717
vt 0.928961 0.316044
vt 0.931464 0.312469
vt 0.925446 0.318738
vt 0.926325 0.319271
vt 0.936684 0.303432
vt 0.934151 0.308450
vt 0.933573 0.308695
vt 0.937672 0.295490
vt 0.936114 0.303872
vt 0.937634 0.295275
vt 0.935498 0.285897
vt 0.428950 0.544293
vt 0.428989 0.545546
vt 0.429275 0.545116
vt 0.429275 0.543678
vt 0.902631 0.220601
vt 0.582863 0.894529
vt 0.582502 0.901518
vt 0.428383 0.560780
vt 0.427882 0.561638
vt 0.427898 0.563429
vt 0.428383 0.562802
vt 0.503715 0.948050
vt 0.501369 0.941955
vt 0.505413 0.898800
vt 0.506654 0.896818
vt 0.505844 0.897425
vt 0.504640 0.899481
vt 0.440739 0.307779
vt 0.439887 0.309287
vt 0.503007 0.904638
vt 0.504216 0.901447
vt 0.503589 0.902037
vt 0.502251 0.905035
vt 0.366245 0.780420
vt 0.067354 0.928864
vt 0.067600 0.933817
vt 0.501705 0.908531
vt 0.428906 0.564407
vt 0.428906 0.558583
vt 0.428605 0.558242
vt 0.428512 0.563773
vt 0.505683 0.946577
vt 0.507113 0.945483
vt 0.503856 0.941914
vt 0.502932 0.942102
vt 0.499128 0.909443
vt 0.364544 0.784831
vt 0.367002 0.788019
vt 0.498830 0.937758
vt 0.499807 0.937990
vt 0.903902 0.208593
vt 0.903152 0.206680
vt 0.633108 0.897705
vt 0.632992 0.900829
vt 0.501649 0.902723
vt 0.502917 0.900525
vt 0.497865 0.926112
vt 0.496931 0.925900
vt 0.497273 0.929989
vt 0.498216 0.930151
vt 0.497933 0.933851
vt 0.498878 0.934043
vt 0.427838 0.654359
vt 0.427223 0.654178
vt 0.935418 0.474049
vt 0.937643 0.476948
vt 0.938556 0.475887
vt 0.936408 0.473103
vt 0.633366 0.908738
vt 0.632968 0.904044
vt 0.633074 0.906911
vt 0.499254 0.930219
vt 0.500020 0.934208
vt 0.429275 0.541367
vt 0.427743 0.540753
vt 0.427840 0.542935
vt 0.429275 0.543678
vt 0.327266 0.774509
vt 0.507113 0.894744
vt 0.507029 0.894529
vt 0.500200 0.925723
vt 0.499464 0.926021
vt 0.499895 0.930135
vt 0.500672 0.929910
vt 0.326607 0.774960
vt 0.329799 0.777334
vt 0.329203 0.775762
vt 0.630613 0.906724
vt 0.628959 0.906918
vt 0.630792 0.903622
vt 0.629029 0.903615
vt 0.630976 0.900464
vt 0.629263 0.900558
vt 0.331285 0.774495
vt 0.331925 0.775223
vt 0.631614 0.912379
vt 0.630869 0.911929
vt 0.629135 0.913054
vt 0.629827 0.913612
vt 0.500931 0.938181
vt 0.502306 0.942135
vt 0.501439 0.938131
vt 0.371133 0.796991
vt 0.324157 0.769209
vt 0.427720 0.558630
vt 0.428383 0.558242
vt 0.917900 0.325176
vt 0.922817 0.321529
vt 0.924657 0.318495
vt 0.922213 0.321160
vt 0.923854 0.318263
vt 0.927271 0.315759
vt 0.930080 0.312739
vt 0.929497 0.312737
vt 0.926591 0.315701
vt 0.932961 0.308851
vt 0.935645 0.304085
vt 0.935168 0.304162
vt 0.932357 0.308849
vt 0.937462 0.295838
vt 0.937164 0.296286
vt 0.935352 0.285871
vt 0.582965 0.922616
vt 0.583115 0.912359
vt 0.583880 0.902117
vt 0.925166 0.267284
vt 0.924980 0.267594
vt 0.926621 0.269288
vt 0.506425 0.894656
vt 0.505145 0.895575
vt 0.502159 0.949147
vt 0.631300 0.897434
vt 0.629693 0.897560
vt 0.580582 0.935809
vt 0.579234 0.936189
vt 0.579759 0.939167
vt 0.581189 0.939158
vt 0.502294 0.898230
vt 0.503751 0.896758
vt 0.504142 0.898607
vt 0.371476 0.798499
vt 0.500746 0.900050
vt 0.499187 0.902469
vt 0.497802 0.905779
vt 0.496589 0.909925
vt 0.427698 0.656883
vt 0.427974 0.655882
vt 0.920242 0.323861
vt 0.500127 0.920888
vt 0.499417 0.921039
vt 0.923630 0.322275
vt 0.920545 0.324400
vt 0.924952 0.323595
vt 0.635177 0.908465
vt 0.502495 0.902309
vt 0.503775 0.900044
vt 0.372089 0.800195
vt 0.956415 0.362873
vt 0.950294 0.358568
vt 0.950807 0.365037
vt 0.948590 0.352687
vt 0.946616 0.366660
vt 0.945678 0.346596
vt 0.942447 0.341648
vt 0.920531 0.431420
vt 0.922773 0.431158
vt 0.944250 0.483263
vt 0.943252 0.480636
vt 0.943617 0.485604
vt 0.941657 0.483711
vt 0.787635 0.944032
vt 0.782106 0.943859
vt 0.925942 0.456947
vt 0.927595 0.461057
vt 0.929155 0.460381
vt 0.927651 0.456388
vt 0.929379 0.464757
vt 0.930787 0.463985
vt 0.932067 0.463307
vt 0.930668 0.459705
vt 0.929311 0.455778
vt 0.922604 0.447712
vt 0.924291 0.452486
vt 0.926201 0.451984
vt 0.924707 0.447205
vt 0.928025 0.451460
vt 0.926616 0.446744
vt 0.378047 0.632461
vt 0.376045 0.630182
vt 0.374473 0.632389
vt 0.376681 0.634170
vt 0.373359 0.627638
vt 0.371561 0.630333
vt 0.369772 0.632163
vt 0.372869 0.633945
vt 0.375369 0.635549
vt 0.931279 0.468058
vt 0.932518 0.467236
vt 0.933296 0.471098
vt 0.934376 0.470235
vt 0.935223 0.469645
vt 0.933543 0.466612
vt 0.381037 0.636648
vt 0.379659 0.634687
vt 0.378498 0.635868
vt 0.380003 0.637489
vt 0.377420 0.636800
vt 0.379001 0.638169
vt 0.944779 0.484569
vt 0.944836 0.486385
vt 0.939361 0.475185
vt 0.937225 0.472473
vt 0.941436 0.477754
vt 0.936708 0.478269
vt 0.934358 0.475221
vt 0.933288 0.476553
vt 0.923117 0.442174
vt 0.925127 0.441672
vt 0.916868 0.443803
vt 0.918507 0.448819
vt 0.920439 0.448273
vt 0.918621 0.443309
vt 0.382386 0.638242
vt 0.381389 0.638878
vt 0.380427 0.639530
vt 0.382346 0.640723
vt 0.369915 0.624698
vt 0.367957 0.627817
vt 0.365893 0.621509
vt 0.363850 0.624830
vt 0.361872 0.627128
vt 0.366011 0.630018
vt 0.361327 0.618164
vt 0.359340 0.621646
vt 0.356134 0.614591
vt 0.354314 0.618253
vt 0.352763 0.620629
vt 0.357507 0.623908
vt 0.386864 0.642188
vt 0.386891 0.641773
vt 0.386280 0.641935
vt 0.386283 0.642190
vt 0.384559 0.641861
vt 0.385693 0.642281
vt 0.948403 0.751037
vt 0.948275 0.751182
vt 0.948501 0.751556
vt 0.948669 0.751444
vt 0.350225 0.610835
vt 0.348671 0.614581
vt 0.347600 0.616830
vt 0.385021 0.639241
vt 0.386695 0.640833
vt 0.939206 0.481136
vt 0.918015 0.431740
vt 0.919152 0.437565
vt 0.921524 0.437124
vt 0.920848 0.442714
vt 0.923725 0.436631
vt 0.348941 0.624827
vt 0.344565 0.621790
vt 0.352649 0.627755
vt 0.916875 0.438081
vt 0.915675 0.432114
vt 0.930883 0.473240
vt 0.932121 0.472116
vt 0.789365 0.903589
vt 0.788615 0.899775
vt 0.787459 0.899868
vt 0.788051 0.904320
vt 0.949529 0.753656
vt 0.948241 0.756979
vt 0.949643 0.758095
vt 0.950839 0.754286
vt 0.359623 0.606252
vt 0.353701 0.602012
vt 0.351993 0.606401
vt 0.358001 0.610354
vt 0.387491 0.641901
vt 0.387396 0.642642
vt 0.363230 0.614134
vt 0.367796 0.617688
vt 0.371687 0.621125
vt 0.374937 0.624449
vt 0.383558 0.637703
vt 0.382355 0.635870
vt 0.928597 0.439986
vt 0.930187 0.445756
vt 0.932658 0.445437
vt 0.931245 0.439267
vt 0.381153 0.633456
vt 0.379671 0.630610
vt 0.928543 0.469843
vt 0.929968 0.468921
vt 0.927878 0.465470
vt 0.377655 0.627620
vt 0.920309 0.453559
vt 0.922263 0.452998
vt 0.924099 0.457459
vt 0.922236 0.458022
vt 0.924182 0.462258
vt 0.925927 0.461640
vt 0.926274 0.466211
vt 0.814299 0.950183
vt 0.811438 0.949791
vt 0.919005 0.623151
vt 0.919719 0.613365
vt 0.652648 0.294848
vt 0.656738 0.293663
vt 0.792578 0.979670
vt 0.071472 0.923021
vt 0.071776 0.929519
vt 0.383443 0.917215
vt 0.384710 0.912449
vt 0.621883 0.312572
vt 0.623458 0.313025
vt 0.615160 0.350671
vt 0.616605 0.348700
vt 0.631224 0.313514
vt 0.634335 0.313925
vt 0.381725 0.930238
vt 0.384710 0.930402
vt 0.636267 0.333898
vt 0.576794 0.908843
vt 0.816366 0.956867
vt 0.816967 0.950426
vt 0.818350 0.957436
vt 0.818941 0.950450
vt 0.636110 0.302263
vt 0.620247 0.311610
vt 0.616614 0.315073
vt 0.618326 0.316771
vt 0.613857 0.340507
vt 0.624234 0.309556
vt 0.945281 0.663225
vt 0.613774 0.322949
vt 0.615332 0.324087
vt 0.604107 0.330170
vt 0.607545 0.341689
vt 0.615475 0.331974
vt 0.368843 0.790763
vt 0.501226 0.933988
vt 0.500484 0.934172
vt 0.502195 0.937966
vt 0.658065 0.340004
vt 0.488673 0.910385
vt 0.495313 0.932184
vt 0.490508 0.928294
vt 0.487284 0.932563
vt 0.492836 0.937560
vt 0.887874 0.494883
vt 0.485986 0.894529
vt 0.487548 0.920368
vt 0.483048 0.924054
vt 0.482805 0.894698
vt 0.376712 0.923515
vt 0.376134 0.917824
vt 0.613711 0.352838
vt 0.312741 0.997875
vt 0.313307 0.997694
vt 0.313273 0.995959
vt 0.311873 0.997545
vt 0.787794 0.893555
vt 0.788187 0.890363
vt 0.788114 0.890238
vt 0.787067 0.893537
vt 0.428879 0.659009
vt 0.428933 0.658136
vt 0.428841 0.655162
vt 0.428502 0.656528
vt 0.788162 0.896997
vt 0.787111 0.897167
vt 0.612847 0.331397
vt 0.607904 0.319483
vt 0.611429 0.321378
vt 0.613394 0.313182
vt 0.618047 0.309765
vt 0.376712 0.912757
vt 0.622950 0.307931
vt 0.799624 0.943986
vt 0.800104 0.946293
vt 0.627845 0.307624
vt 0.630085 0.305461
vt 0.627203 0.305777
vt 0.946498 0.759606
vt 0.947954 0.760726
vt 0.944678 0.762018
vt 0.946020 0.763042
vt 0.948736 0.764609
vt 0.950379 0.762149
vt 0.951737 0.759429
vt 0.927267 0.435325
vt 0.930053 0.434949
vt 0.934277 0.438686
vt 0.934048 0.434615
vt 0.933374 0.430835
vt 0.935598 0.784816
vt 0.934089 0.790519
vt 0.936061 0.791202
vt 0.937555 0.785605
vt 0.932794 0.796459
vt 0.934652 0.796873
vt 0.938040 0.797445
vt 0.939083 0.792071
vt 0.940332 0.786653
vt 0.931504 0.450468
vt 0.933764 0.449964
vt 0.932550 0.454606
vt 0.934640 0.453839
vt 0.788672 0.925617
vt 0.788622 0.921610
vt 0.785227 0.921683
vt 0.785254 0.925544
vt 0.788850 0.930327
vt 0.785338 0.930083
vt 0.931345 0.802742
vt 0.933474 0.802794
vt 0.937229 0.803043
vt 0.942450 0.764303
vt 0.944012 0.765511
vt 0.940720 0.767227
vt 0.942362 0.768443
vt 0.945672 0.770297
vt 0.947111 0.767286
vt 0.785564 0.899904
vt 0.785783 0.904740
vt 0.785561 0.897117
vt 0.940111 0.474753
vt 0.937979 0.471945
vt 0.770085 0.924646
vt 0.764764 0.923738
vt 0.762985 0.935231
vt 0.768878 0.936707
vt 0.936785 0.468468
vt 0.938891 0.471143
vt 0.939791 0.470056
vt 0.937895 0.467336
vt 0.788646 0.907577
vt 0.785892 0.908208
vt 0.786039 0.893333
vt 0.942891 0.476586
vt 0.942175 0.477106
vt 0.943921 0.480004
vt 0.944699 0.479529
vt 0.933550 0.458418
vt 0.935420 0.457476
vt 0.934493 0.461973
vt 0.936189 0.460878
vt 0.788504 0.917863
vt 0.788292 0.914345
vt 0.785492 0.914739
vt 0.785296 0.918085
vt 0.787132 0.889627
vt 0.944851 0.482847
vt 0.945568 0.482550
vt 0.952669 0.755447
vt 0.946701 0.755686
vt 0.947340 0.756314
vt 0.948517 0.753283
vt 0.947840 0.752898
vt 0.935327 0.465471
vt 0.936723 0.464383
vt 0.788639 0.910809
vt 0.785753 0.911411
vt 0.949887 0.752104
vt 0.950998 0.752534
vt 0.952549 0.753572
vt 0.950688 0.751916
vt 0.951891 0.752538
vt 0.939432 0.770713
vt 0.941205 0.771915
vt 0.938486 0.774971
vt 0.940266 0.775959
vt 0.943115 0.777399
vt 0.944443 0.773689
vt 0.313604 0.993546
vt 0.311392 0.995940
vt 0.309443 0.989053
vt 0.315920 0.986836
vt 0.317491 0.982791
vt 0.309125 0.985147
vt 0.937063 0.779534
vt 0.938921 0.780441
vt 0.941635 0.781629
vt 0.789256 0.936712
vt 0.785817 0.936227
vt 0.926874 0.440886
vt 0.928398 0.446193
vt 0.935962 0.469158
vt 0.934391 0.466112
vt 0.780429 0.930316
vt 0.781388 0.936579
vt 0.935960 0.772772
vt 0.934188 0.777624
vt 0.935545 0.778662
vt 0.937086 0.773977
vt 0.932548 0.783247
vt 0.933970 0.784065
vt 0.371474 0.634736
vt 0.374131 0.636225
vt 0.937745 0.768761
vt 0.938324 0.769666
vt 0.939893 0.766245
vt 0.786346 0.889141
vt 0.784903 0.893037
vt 0.933204 0.462720
vt 0.953920 0.760678
vt 0.954681 0.756855
vt 0.932046 0.459109
vt 0.783979 0.896892
vt 0.930837 0.455209
vt 0.941035 0.474355
vt 0.929723 0.450927
vt 0.783919 0.899919
vt 0.783151 0.904717
vt 0.376312 0.637696
vt 0.378122 0.639004
vt 0.941614 0.763293
vt 0.943469 0.760784
vt 0.929576 0.795683
vt 0.928396 0.802785
vt 0.929673 0.802730
vt 0.931190 0.796062
vt 0.346624 0.618606
vt 0.925675 0.436039
vt 0.931073 0.789266
vt 0.932476 0.789882
vt 0.924698 0.430969
vt 0.945175 0.758229
vt 0.945757 0.758925
vt 0.943357 0.760394
vt 0.941403 0.803778
vt 0.941881 0.798352
vt 0.420231 0.580593
vt 0.415646 0.581587
vt 0.420591 0.585964
vt 0.416470 0.586504
vt 0.426159 0.620104
vt 0.425897 0.617009
vt 0.422084 0.617176
vt 0.422635 0.620268
vt 0.425676 0.613643
vt 0.421846 0.613695
vt 0.418374 0.613656
vt 0.418348 0.617265
vt 0.419399 0.620340
vt 0.781943 0.914818
vt 0.782756 0.911544
vt 0.783145 0.908284
vt 0.780422 0.905918
vt 0.779696 0.914229
vt 0.778311 0.897095
vt 0.773837 0.896925
vt 0.772095 0.909839
vt 0.776588 0.910126
vt 0.781029 0.921851
vt 0.781893 0.918180
vt 0.778610 0.922631
vt 0.754858 0.930318
vt 0.781703 0.897364
vt 0.782828 0.892886
vt 0.779598 0.892391
vt 0.309237 0.997306
vt 0.310510 0.993057
vt 0.307359 0.996013
vt 0.304591 0.993235
vt 0.426035 0.629624
vt 0.424226 0.625954
vt 0.421229 0.626091
vt 0.423091 0.630027
vt 0.418397 0.626027
vt 0.416582 0.628280
vt 0.419706 0.631784
vt 0.780915 0.940876
vt 0.777669 0.931495
vt 0.776272 0.941340
vt 0.954490 0.755099
vt 0.953624 0.753654
vt 0.427498 0.631028
vt 0.425529 0.631302
vt 0.314679 0.992437
vt 0.317044 0.990311
vt 0.314547 0.990543
vt 0.425537 0.609964
vt 0.425387 0.605945
vt 0.421547 0.605933
vt 0.421646 0.609940
vt 0.417727 0.605554
vt 0.418070 0.609715
vt 0.425233 0.601371
vt 0.421417 0.601485
vt 0.424951 0.596105
vt 0.421133 0.596465
vt 0.417125 0.596326
vt 0.417011 0.601150
vt 0.781111 0.925645
vt 0.776595 0.923052
vt 0.775763 0.932044
vt 0.426555 0.622973
vt 0.423315 0.623048
vt 0.420241 0.623127
vt 0.787073 0.940189
vt 0.424608 0.590484
vt 0.420795 0.591166
vt 0.424363 0.584959
vt 0.416778 0.591380
vt 0.773859 0.937758
vt 0.414569 0.623893
vt 0.410458 0.625158
vt 0.413544 0.630205
vt 0.414065 0.617615
vt 0.408310 0.618203
vt 0.412210 0.601131
vt 0.414105 0.596242
vt 0.413504 0.591649
vt 0.410248 0.592200
vt 0.406624 0.627078
vt 0.410876 0.632333
vt 0.413520 0.587223
vt 0.410801 0.583820
vt 0.404976 0.585081
vt 0.405461 0.593712
vt 0.406065 0.602066
vt 0.415056 0.609679
vt 0.415668 0.613722
vt 0.774196 0.924780
vt 0.411857 0.609890
vt 0.407089 0.610543
vt 0.414968 0.605436
vt 0.769194 0.897115
vt 0.765121 0.894932
vt 0.761686 0.906592
vt 0.767051 0.909363
vt 0.302086 0.997160
vt 0.302130 0.989383
vt 0.298080 0.993988
vt 0.300606 0.984961
vt 0.294084 0.989414
vt 0.309446 0.981013
vt 0.417115 0.634355
vt 0.758535 0.919332
vt 0.320035 0.988029
vt 0.319208 0.990901
vt 0.323084 0.989683
vt 0.326234 0.988781
vt 0.322419 0.985414
vt 0.328653 0.986982
vt 0.332184 0.988913
vt 0.334351 0.985236
vt 0.330661 0.983858
vt 0.318517 0.979701
vt 0.322297 0.976630
vt 0.310565 0.976582
vt 0.868968 0.560801
vt 0.860225 0.564563
vt 0.858410 0.582759
vt 0.867653 0.580365
vt 0.900463 0.763819
vt 0.890057 0.759958
vt 0.889963 0.778630
vt 0.900600 0.780193
vt 0.890712 0.798823
vt 0.900986 0.798391
vt 0.911343 0.798491
vt 0.911250 0.781189
vt 0.403753 0.616227
vt 0.865723 0.605972
vt 0.928396 0.783812
vt 0.921680 0.781461
vt 0.921076 0.798126
vt 0.928077 0.797224
vt 0.919146 0.770204
vt 0.910445 0.765598
vt 0.920942 0.814887
vt 0.928348 0.813603
vt 0.900521 0.759564
vt 0.894938 0.757414
vt 0.886864 0.752313
vt 0.906876 0.761707
vt 0.907907 0.758756
vt 0.901089 0.755826
vt 0.849137 0.587106
vt 0.840356 0.591652
vt 0.839419 0.612011
vt 0.848118 0.605777
vt 0.857067 0.603295
vt 0.299654 0.979372
vt 0.291241 0.983047
vt 0.299656 0.968365
vt 0.289790 0.968740
vt 0.850988 0.572007
vt 0.311171 0.968110
vt 0.415341 0.636581
vt 0.777728 0.915044
vt 0.324052 0.982822
vt 0.332460 0.978300
vt 0.332683 0.963906
vt 0.323412 0.966204
vt 0.927956 0.777796
vt 0.924565 0.776547
vt 0.323783 0.945516
vt 0.311197 0.946925
vt 0.299236 0.946681
vt 0.289658 0.946802
vt 0.842415 0.578407
vt 0.901588 0.817200
vt 0.911474 0.818112
vt 0.913962 0.761907
vt 0.891635 0.817995
vt 0.325794 0.981021
vt 0.894421 0.752959
vt 0.417453 0.623433
vt 0.332364 0.946368
vt 0.923885 0.772062
vt 0.945309 0.484421
vt 0.945898 0.484230
vt 0.946752 0.483965
vt 0.946131 0.482476
vt 0.949113 0.751888
vt 0.949214 0.751545
vt 0.949816 0.751703
vt 0.401542 0.644413
vt 0.357588 0.754386
vt 0.620960 0.913707
vt 0.404525 0.779812
vt 0.626124 0.900071
vt 0.626677 0.898523
vt 0.451405 0.163566
vt 0.454639 0.164827
vt 0.948040 0.491019
vt 0.358967 0.749661
vt 0.352681 0.747871
vt 0.445273 0.903290
vt 0.442890 0.912307
vt 0.455460 0.913019
vt 0.456560 0.904387
vt 0.880412 0.381901
vt 0.919955 0.633451
vt 0.659015 0.302679
vt 0.582918 0.938725
vt 0.584224 0.938406
vt 0.340555 0.774449
vt 0.336749 0.773840
vt 0.428192 0.657557
vt 0.428392 0.654571
vt 0.427070 0.625981
vt 0.749931 0.629454
vt 0.751897 0.668413
vt 0.846916 0.473958
vt 0.750575 0.639042
vt 0.748587 0.648716
vt 0.345319 0.619342
vt 0.664906 0.311758
vt 0.662583 0.312392
vt 0.662720 0.321829
vt 0.663336 0.303467
vt 0.658787 0.288034
vt 0.656162 0.280635
vt 0.652736 0.273534
vt 0.501174 0.905180
vt 0.903623 0.208813
vt 0.498849 0.926141
vt 0.577646 0.936360
vt 0.504433 0.947618
vt 0.428328 0.652990
vt 0.428421 0.566524
vt 0.428906 0.565625
vt 0.428906 0.564407
vt 0.428394 0.565189
vt 0.626677 0.910408
vt 0.626864 0.913059
vt 0.504897 0.897878
vt 0.500866 0.913160
vt 0.584224 0.902300
vt 0.583333 0.912366
vt 0.901314 0.230056
vt 0.634260 0.911949
vt 0.581656 0.900889
vt 0.500237 0.905535
vt 0.628087 0.915460
vt 0.629638 0.915923
vt 0.631232 0.913467
vt 0.428933 0.652589
vt 0.427852 0.556056
vt 0.428220 0.555153
vt 0.626782 0.907359
vt 0.626922 0.903550
vt 0.627275 0.900408
vt 0.627886 0.897508
vt 0.630325 0.894529
vt 0.628575 0.894556
vt 0.635507 0.913749
vt 0.632924 0.913453
vt 0.631441 0.915758
vt 0.634386 0.915140
vt 0.627214 0.914636
vt 0.806258 0.671057
vt 0.462381 0.268056
vt 0.402801 0.756787
vt 0.686298 0.954871
vt 0.403753 0.738247
vt 0.416844 0.620524
vt 0.582400 0.141143
vt 0.591523 0.196370
vt 0.594190 0.217765
vt 0.567614 0.093042
vt 0.567252 0.106570
vt 0.828176 0.438409
vt 0.454852 0.920932
vt 0.441046 0.921455
vt 0.458056 0.895328
vt 0.446413 0.894529
vt 0.893546 0.503898
vt 0.896496 0.505788
vt 0.800118 0.992929
vt 0.796367 0.988480
vt 0.661382 0.331269
vt 0.642719 0.921058
vt 0.792947 0.928747
vt 0.797661 0.963186
vt 0.353466 0.918476
vt 0.351623 0.917360
vt 0.354046 0.915973
vt 0.351916 0.914911
vt 0.354688 0.919415
vt 0.355258 0.917295
vt 0.564706 0.912910
vt 0.567580 0.910013
vt 0.354603 0.913521
vt 0.351570 0.912449
vt 0.567454 0.919102
vt 0.629366 0.330645
vt 0.795467 0.960054
vt 0.795328 0.963044
vt 0.791808 0.962381
vt 0.792210 0.958837
vt 0.794232 0.953025
vt 0.792853 0.955164
vt 0.789795 0.957442
vt 0.583810 0.351682
vt 0.584547 0.237104
vt 0.452526 0.298617
vt 0.458285 0.812547
vt 0.591953 0.340204
vt 0.598676 0.333570
vt 0.617159 0.324083
vt 0.619542 0.324060
vt 0.564065 0.927089
vt 0.567580 0.926465
vt 0.561461 0.926575
vt 0.355745 0.920139
vt 0.039456 0.930616
vt 0.457567 0.085100
vt 0.635898 0.907772
vt 0.455391 0.116501
vt 0.799173 0.294105
vt 0.818095 0.263676
vt 0.441306 0.202924
vt 0.836872 0.541594
vt 0.836983 0.529398
vt 0.844172 0.542635
vt 0.844172 0.526559
vt 0.615739 0.247510
vt 0.612803 0.245736
vt 0.606585 0.252206
vt 0.604812 0.258771
vt 0.843925 0.517969
vt 0.838196 0.521123
vt 0.813917 0.889141
vt 0.811415 0.897753
vt 0.815175 0.896588
vt 0.818331 0.891596
vt 0.602327 0.252778
vt 0.601935 0.262199
vt 0.237622 0.898318
vt 0.263753 0.893192
vt 0.861186 0.631619
vt 0.847720 0.637558
vt 0.845880 0.663797
vt 0.860038 0.661494
vt 0.901588 0.830378
vt 0.909170 0.839360
vt 0.926620 0.842046
vt 0.907500 0.865097
vt 0.925161 0.864794
vt 0.892297 0.831535
vt 0.314879 0.922263
vt 0.330505 0.914501
vt 0.329442 0.889149
vt 0.314924 0.892631
vt 0.296496 0.922854
vt 0.285569 0.914333
vt 0.299511 0.892209
vt 0.287350 0.887066
vt 0.847973 0.620712
vt 0.841099 0.623240
vt 0.332092 0.931147
vt 0.323450 0.933456
vt 0.290559 0.859244
vt 0.302433 0.865790
vt 0.307867 0.844111
vt 0.296906 0.835835
vt 0.291515 0.934698
vt 0.284355 0.932138
vt 0.859622 0.689818
vt 0.845368 0.690642
vt 0.846100 0.714195
vt 0.860356 0.719798
vt 0.317298 0.867030
vt 0.327357 0.865588
vt 0.328006 0.844949
vt 0.321902 0.844147
vt 0.922805 0.885153
vt 0.907892 0.882957
vt 0.908543 0.899852
vt 0.921345 0.904117
vt 0.334351 0.823939
vt 0.330504 0.816631
vt 0.910320 0.921479
vt 0.918926 0.925130
vt 0.853346 0.751037
vt 0.861434 0.750486
vt 0.920013 0.827830
vt 0.326332 0.809140
vt 0.322593 0.803396
vt 0.855796 0.618632
vt 0.928396 0.827747
vt 0.873718 0.367878
vt 0.880412 0.381901
vt 0.861381 0.339044
vt 0.867274 0.353388
vt 0.856016 0.325426
vt 0.861381 0.339044
vt 0.856016 0.325426
vt 0.441046 0.921455
vt 0.454852 0.920932
vt 0.867274 0.353388
vt 0.880412 0.381901
vt 0.873718 0.367878
vt 0.441046 0.921455
vt 0.429275 0.921591
vt 0.850876 0.312557
vt 0.429275 0.921591
vt 0.454852 0.920932
vn 0.0000 0.0000 1.0000
vn 0.0000 0.9964 0.0849
vn 0.0000 0.9964 0.0848
vn 0.0000 0.9277 0.3734
vn 0.0000 0.9549 0.2970
vn 0.0000 0.9858 0.1677
vn -0.3574 0.9100 0.2102
vn 0.2636 0.9354 0.2357
vn -0.0934 0.9894 0.1113
vn -0.2636 0.9354 0.2357
vn 0.0934 0.9894 0.1113
vn -0.2309 0.9534 0.1943
vn 0.1128 0.9846 0.1338
vn 0.1648 0.9701 0.1784
vn -0.1648 0.9701 0.1784
vn -0.1883 0.9680 0.1661
vn -0.1249 0.9882 0.0888
vn -0.1128 0.9846 0.1338
vn 0.0000 0.9939 0.1107
vn 0.3574 0.9100 0.2102
vn 0.2309 0.9534 0.1943
vn 0.1883 0.9680 0.1661
vn 0.1249 0.9882 0.0888
vn 0.3066 0.7163 -0.6268
vn 0.0809 0.7511 -0.6552
vn -0.1608 0.8582 0.4875
vn 0.2569 0.8624 -0.4361
vn -0.2634 -0.4613 -0.8472
vn -0.1030 -0.5674 -0.8170
vn -0.3134 -0.3317 -0.8898
vn -0.4555 -0.2370 -0.8581
vn 0.0000 -0.1573 -0.9875
vn 0.0419 -0.2415 -0.9695
vn 0.0598 -0.3053 -0.9504
vn 0.1376 -0.2230 -0.9650
vn 0.7171 0.2617 -0.6459
vn 0.5356 0.6019 -0.5924
vn 0.6902 0.5769 -0.4369
vn 0.8604 0.1670 -0.4815
vn 0.1034 0.3929 -0.9137
vn 0.2008 0.5207 -0.8298
vn 0.2843 0.7200 -0.6331
vn 0.1387 0.6027 -0.7858
vn 0.5908 -0.0146 -0.8067
vn 0.5032 0.2830 -0.8165
vn 0.5814 0.2113 -0.7857
vn 0.6599 0.0303 -0.7507
vn 0.6046 -0.3300 -0.7249
vn 0.7228 -0.2471 -0.6454
vn 0.8213 0.2699 -0.5026
vn 0.7876 0.2333 -0.5703
vn 0.7622 0.2575 -0.5939
vn 0.7884 0.2918 -0.5416
vn 0.3682 -0.2654 0.8911
vn 0.6300 -0.2515 0.7348
vn 0.6341 -0.3601 0.6843
vn 0.3672 -0.3578 0.8586
vn 0.3544 0.2394 0.9039
vn 0.3918 0.3289 0.8592
vn 0.5460 0.2876 0.7868
vn 0.5377 0.1878 0.8219
vn 0.1179 0.4094 0.9047
vn 0.0869 0.3778 0.9218
vn -0.0000 0.3664 0.9304
vn 0.0532 0.4211 0.9054
vn 0.1348 0.2430 0.9606
vn 0.1322 0.3345 0.9331
vn 0.0000 0.2756 0.9613
vn 0.0669 0.2414 0.9681
vn 0.8445 -0.1351 -0.5182
vn 0.8061 -0.1948 -0.5588
vn 0.9030 -0.1792 -0.3904
vn 0.9254 -0.0941 -0.3672
vn 0.8737 0.2171 -0.4354
vn 0.8741 0.0693 -0.4808
vn 0.6055 -0.4392 -0.6637
vn 0.6383 -0.3318 -0.6946
vn 0.4926 -0.3033 -0.8157
vn 0.4386 -0.4472 -0.7795
vn 0.8576 0.2208 -0.4644
vn 0.8223 0.2662 -0.5029
vn 0.8074 0.1313 -0.5752
vn 0.8322 0.0711 -0.5500
vn 0.9507 -0.0893 -0.2968
vn 0.9633 -0.0997 -0.2493
vn 0.9515 -0.0034 -0.3076
vn 0.9109 -0.0435 -0.4104
vn 0.6573 0.0449 -0.7523
vn 0.6272 -0.0243 -0.7785
vn 0.5785 -0.0336 -0.8150
vn 0.6008 0.0386 -0.7985
vn 0.6934 0.1129 -0.7116
vn 0.6251 0.0998 -0.7741
vn 0.5011 0.0684 -0.8627
vn 0.5904 0.0774 -0.8034
vn 0.5932 0.0852 -0.8005
vn 0.5339 0.0337 -0.8449
vn 0.4039 -0.0688 -0.9122
vn 0.3796 -0.1144 -0.9180
vn 0.4301 -0.0913 -0.8982
vn 0.4252 -0.0284 -0.9046
vn 0.6357 -0.3982 -0.6613
vn 0.6164 -0.4831 -0.6218
vn 0.6727 -0.4837 -0.5598
vn 0.6635 -0.4159 -0.6219
vn 0.0922 -0.4785 -0.8732
vn 0.2763 -0.5094 -0.8150
vn 0.1549 -0.3948 -0.9056
vn -0.0121 -0.3315 -0.9434
vn 0.7996 -0.4524 -0.3950
vn 0.8621 -0.3562 -0.3603
vn 0.8405 -0.3540 -0.4103
vn 0.7957 -0.4037 -0.4515
vn 0.8361 -0.3223 -0.4439
vn 0.7914 -0.3423 -0.5064
vn 0.8541 -0.2737 -0.4422
vn 0.7411 -0.3695 -0.5605
vn 0.9055 -0.1606 -0.3928
vn 0.2883 0.9217 -0.2597
vn 0.2626 0.9239 -0.2782
vn 0.4845 0.8050 -0.3425
vn 0.4348 0.8324 -0.3436
vn 0.5352 0.0875 -0.8402
vn 0.3172 0.3357 -0.8870
vn 0.2352 0.2509 -0.9390
vn 0.2979 -0.0441 -0.9536
vn 0.0000 -0.3485 -0.9373
vn 0.1423 -0.4155 -0.8984
vn 0.3188 -0.4071 -0.8560
vn 0.3425 -0.4580 -0.8203
vn 0.3587 -0.3743 -0.8551
vn -0.0000 0.0897 -0.9960
vn 0.1734 -0.4265 -0.8877
vn 0.3792 -0.4566 -0.8048
vn 0.1488 -0.4762 -0.8667
vn 0.5376 0.2396 -0.8084
vn 0.5005 0.2402 -0.8318
vn 0.6384 0.2797 -0.7170
vn 0.6776 0.2269 -0.6996
vn 0.6015 -0.0469 -0.7975
vn 0.5521 -0.0789 -0.8300
vn 0.6456 -0.1274 -0.7530
vn 0.6822 -0.1299 -0.7196
vn 0.6057 -0.0483 -0.7942
vn 0.5631 -0.2059 -0.8003
vn 0.4890 0.1518 -0.8590
vn 0.4646 -0.0443 -0.8844
vn 0.5691 0.1782 -0.8027
vn 0.4864 0.2895 -0.8244
vn 0.6476 0.0361 -0.7611
vn 0.2399 0.3176 -0.9174
vn 0.1246 0.5713 -0.8113
vn 0.2738 0.6347 -0.7226
vn 0.4334 0.3560 -0.8279
vn 0.6845 0.2297 -0.6918
vn 0.8529 -0.3168 -0.4149
vn 0.8149 -0.1231 -0.5663
vn 0.9375 -0.1543 -0.3120
vn 0.9726 -0.1018 -0.2088
vn 0.9670 -0.1380 -0.2143
vn 0.9503 -0.1689 -0.2616
vn 0.9451 -0.2349 -0.2270
vn 0.4353 -0.6581 -0.6143
vn 0.4010 -0.5065 -0.7633
vn 0.6206 -0.3874 -0.6818
vn 0.6550 -0.5192 -0.5490
vn 0.7191 -0.1989 -0.6659
vn 0.6724 -0.2124 -0.7090
vn 0.5692 -0.1523 -0.8079
vn 0.6111 -0.1999 -0.7659
vn 0.6065 -0.0982 -0.7890
vn 0.5728 -0.0789 -0.8159
vn 0.9877 0.0921 0.1260
vn 0.9885 0.1409 0.0544
vn 0.9935 0.1119 -0.0223
vn 0.9928 0.0983 0.0678
vn 0.9611 0.1163 0.2505
vn 0.9946 0.1013 0.0230
vn 0.9695 0.1189 0.2144
vn 0.9897 0.1135 -0.0870
vn 0.1449 0.1913 0.9708
vn 0.1082 0.0688 0.9918
vn 0.0001 0.1051 0.9945
vn 0.0442 0.2484 0.9676
vn 0.4945 -0.0959 -0.8639
vn 0.5267 -0.0612 -0.8479
vn 0.6985 -0.3196 -0.6403
vn 0.7929 -0.2732 -0.5447
vn 0.7986 -0.2159 -0.5617
vn 0.7004 -0.2588 -0.6651
vn 0.6517 -0.3250 -0.6853
vn 0.6533 -0.2494 -0.7149
vn 0.2350 0.8048 -0.5451
vn 0.0538 0.6983 -0.7138
vn 0.0052 0.5656 -0.8247
vn 0.5426 0.4439 -0.7131
vn 0.3613 0.6874 -0.6301
vn 0.7329 0.1186 -0.6699
vn 0.7347 0.1719 -0.6563
vn 0.7847 0.1757 -0.5945
vn 0.7450 -0.3927 -0.5392
vn 0.3594 -0.2361 -0.9028
vn 0.3222 -0.2565 -0.9113
vn 0.5340 -0.2175 -0.8170
vn 0.6131 0.2311 -0.7554
vn 0.6475 0.1546 -0.7463
vn 0.6743 0.0835 -0.7337
vn 0.6490 0.1506 -0.7458
vn 0.8567 0.2498 -0.4513
vn 0.9270 0.2104 -0.3106
vn 0.8838 0.2412 -0.4009
vn 0.8225 0.2736 -0.4986
vn 0.7768 -0.3305 -0.5360
vn 0.7461 0.0866 -0.6602
vn 0.6918 0.1556 -0.7052
vn 0.6887 0.1152 -0.7158
vn 0.7451 0.0944 -0.6602
vn 0.1584 -0.2555 -0.9538
vn -0.0000 -0.1934 -0.9811
vn -0.1631 -0.0415 -0.9857
vn -0.1615 0.0558 -0.9853
vn -0.0002 -0.0569 -0.9984
vn -0.1266 -0.0452 -0.9909
vn 0.6212 -0.2959 -0.7257
vn 0.7887 -0.2499 -0.5618
vn 0.8167 -0.1952 -0.5430
vn 0.6425 -0.2674 -0.7181
vn 0.7421 0.1557 -0.6520
vn 0.6617 0.1346 -0.7376
vn 0.6626 0.0850 -0.7442
vn 0.7320 0.0713 -0.6776
vn 0.7037 -0.0171 -0.7102
vn 0.6856 0.0362 -0.7271
vn 0.7019 0.0239 -0.7119
vn 0.6306 -0.0809 -0.7719
vn 0.6729 -0.0136 -0.7396
vn 0.6799 -0.0758 -0.7293
vn 0.6181 -0.1619 -0.7693
vn 0.6816 -0.0809 -0.7273
vn 0.7580 -0.1597 -0.6323
vn 0.7680 -0.0990 -0.6328
vn 0.7015 -0.0392 -0.7116
vn 0.6230 -0.0056 -0.7822
vn 0.6659 -0.0579 -0.7438
vn 0.7215 -0.1064 -0.6842
vn 0.7110 -0.0488 -0.7015
vn 0.5466 0.3370 -0.7666
vn 0.4659 0.4599 -0.7560
vn 0.3747 0.4751 -0.7962
vn 0.4386 0.3985 -0.8055
vn 0.8760 0.2922 -0.3837
vn 0.8484 0.2890 -0.4435
vn 0.8349 0.3358 -0.4361
vn 0.8605 0.3562 -0.3642
vn 0.7413 -0.0978 -0.6640
vn 0.7473 -0.0486 -0.6627
vn 0.8325 0.2154 -0.5104
vn 0.8854 0.1706 -0.4324
vn 0.8295 0.1456 -0.5392
vn 0.9258 0.1443 -0.3493
vn 0.9243 0.0209 -0.3812
vn 0.9154 -0.0095 -0.4024
vn 0.8769 -0.0061 -0.4806
vn 0.8397 0.0105 -0.5429
vn 0.9398 0.2787 -0.1977
vn 0.9298 0.2272 -0.2895
vn 0.9272 0.3608 -0.1005
vn 0.9025 0.1266 -0.4117
vn 0.9600 0.0287 -0.2784
vn 0.6781 0.2539 -0.6898
vn 0.6065 0.4331 -0.6668
vn 0.5078 0.5716 -0.6445
vn 0.2860 0.7776 -0.5599
vn 0.0852 0.8652 -0.4941
vn 0.3201 0.7404 -0.5911
vn 0.9319 0.0775 -0.3543
vn 0.9327 0.1794 -0.3129
vn 0.9640 0.0895 -0.2503
vn 0.6660 0.1518 -0.7303
vn 0.6714 0.2278 -0.7052
vn 0.5863 0.3401 -0.7353
vn 0.6199 0.2320 -0.7496
vn -0.1320 0.2446 -0.9606
vn -0.0006 0.2009 -0.9796
vn -0.1463 -0.4208 -0.8953
vn 0.0001 -0.5051 -0.8631
vn -0.1038 -0.5023 -0.8585
vn -0.1363 -0.5037 -0.8530
vn -0.1610 -0.1618 -0.9736
vn -0.1281 -0.1640 -0.9781
vn 0.1629 0.6288 -0.7603
vn 0.0710 0.6638 -0.7445
vn 0.0748 0.3553 -0.9318
vn 0.1644 0.3963 -0.9033
vn -0.0000 0.3532 -0.9355
vn 0.0366 -0.0505 -0.9981
vn 0.0938 -0.0191 -0.9954
vn 0.3150 0.1382 -0.9390
vn 0.3663 0.2517 -0.8958
vn 0.3118 0.4627 -0.8298
vn 0.2430 0.4366 -0.8662
vn -0.0000 0.6891 -0.7247
vn 0.3192 0.5462 -0.7745
vn 0.2310 0.5885 -0.7748
vn 0.2142 0.0386 -0.9760
vn 0.7107 0.0929 -0.6973
vn 0.6945 0.0297 -0.7189
vn 0.7154 0.0345 -0.6978
vn 0.7208 -0.0464 -0.6916
vn 0.6876 0.1579 -0.7087
vn 0.6922 0.1182 -0.7120
vn 0.5442 0.3055 -0.7813
vn 0.6997 0.0419 -0.7132
vn 0.5266 -0.1228 -0.8412
vn 0.5780 -0.0673 -0.8132
vn 0.5480 -0.1269 -0.8268
vn 0.4926 -0.1740 -0.8527
vn 0.3959 0.5655 -0.7235
vn 0.3063 0.6495 -0.6960
vn 0.3834 0.4632 -0.7990
vn 0.3883 0.4983 -0.7752
vn 0.5486 -0.0453 -0.8349
vn 0.5950 -0.0049 -0.8037
vn 0.6164 -0.0172 -0.7872
vn 0.5977 -0.0704 -0.7986
vn 0.4196 -0.2122 -0.8825
vn 0.4673 -0.1734 -0.8669
vn 0.4405 -0.2031 -0.8745
vn 0.4022 -0.2134 -0.8903
vn 0.6254 0.0284 -0.7798
vn 0.6759 0.0819 -0.7324
vn 0.6691 0.0967 -0.7368
vn 0.6681 0.0452 -0.7427
vn 0.7059 -0.1672 -0.6883
vn 0.6208 -0.2446 -0.7448
vn 0.6564 0.0637 -0.7518
vn 0.6882 0.1273 -0.7143
vn 0.6501 0.0276 -0.7594
vn 0.6401 -0.0116 -0.7682
vn 0.0201 0.5348 -0.8448
vn 0.5190 -0.2095 -0.8287
vn 0.4706 -0.2404 -0.8490
vn 0.5735 -0.1538 -0.8047
vn 0.4331 -0.2482 -0.8665
vn 0.4075 -0.2393 -0.8813
vn 0.6077 0.0756 -0.7905
vn 0.5021 0.3423 -0.7942
vn 0.5626 0.3041 -0.7688
vn 0.5771 0.2839 -0.7657
vn 0.5199 0.3491 -0.7796
vn 0.8726 0.3951 -0.2871
vn 0.8796 0.4417 -0.1769
vn 0.9300 0.3138 -0.1914
vn 0.9102 0.2964 -0.2892
vn 0.6111 0.2297 -0.7575
vn 0.5666 0.3179 -0.7602
vn 0.4491 0.3553 -0.8198
vn 0.4674 0.4032 -0.7868
vn 0.4648 0.2367 -0.8532
vn 0.5131 0.2442 -0.8228
vn 0.5214 0.4007 -0.7534
vn 0.2288 -0.2453 -0.9421
vn 0.0730 -0.2283 -0.9708
vn 0.0454 -0.1767 -0.9832
vn 0.2524 -0.2339 -0.9389
vn 0.0574 0.1028 -0.9930
vn 0.3224 0.0440 -0.9456
vn -0.0000 -0.1765 -0.9843
vn -0.0469 0.1218 -0.9914
vn 0.0065 -0.2142 -0.9768
vn -0.1540 -0.3046 -0.9400
vn -0.1172 -0.3101 -0.9435
vn 0.6866 0.0831 -0.7223
vn 0.7465 0.0065 -0.6654
vn 0.6377 0.1556 -0.7544
vn 0.5824 0.2409 -0.7764
vn 0.6418 0.2029 -0.7395
vn 0.6319 0.2364 -0.7381
vn 0.6043 0.2370 -0.7607
vn 0.6961 0.1814 -0.6946
vn 0.7232 0.1339 -0.6775
vn 0.7041 0.1138 -0.7009
vn 0.5646 0.3038 -0.7674
vn 0.6345 0.2496 -0.7315
vn 0.4009 0.3320 -0.8538
vn 0.3940 0.4490 -0.8020
vn 0.4353 0.4818 -0.7605
vn 0.2883 -0.1920 -0.9381
vn 0.1592 -0.1727 -0.9720
vn 0.1819 -0.2753 -0.9440
vn 0.2958 -0.2555 -0.9204
vn 0.3761 -0.1911 -0.9067
vn 0.8365 0.3643 -0.4094
vn 0.8443 0.4183 -0.3349
vn 0.1654 0.9760 -0.1420
vn 0.0203 0.9930 -0.1160
vn 0.0003 0.9997 -0.0261
vn 0.1126 0.9933 -0.0251
vn 0.3373 0.8568 -0.3900
vn 0.0972 0.9187 -0.3828
vn 0.0600 0.9777 -0.2013
vn 0.2500 0.9376 -0.2419
vn -0.0000 0.9802 -0.1979
vn -0.0256 0.9942 -0.1041
vn -0.0000 0.9222 -0.3868
vn 0.9735 -0.0226 -0.2276
vn 0.9666 -0.1018 -0.2351
vn 0.9487 -0.0416 -0.3135
vn 0.6661 0.2152 -0.7141
vn 0.6349 0.2333 -0.7365
vn 0.6567 0.1745 -0.7337
vn 0.7135 0.2026 -0.6707
vn 0.7370 0.0990 -0.6686
vn 0.7495 0.1982 -0.6317
vn 0.7626 0.1788 -0.6217
vn 0.7446 0.1594 -0.6482
vn 0.7193 0.1911 -0.6679
vn 0.7210 0.1736 -0.6708
vn 0.7377 0.2113 -0.6412
vn 0.6144 0.2963 -0.7312
vn 0.6929 0.2529 -0.6752
vn 0.6549 0.2502 -0.7131
vn 0.5802 0.3034 -0.7559
vn 0.5478 -0.0494 -0.8352
vn 0.4522 -0.2571 -0.8540
vn -0.0282 0.9020 0.4308
vn 0.8452 0.3945 -0.3606
vn 0.8323 0.4748 -0.2861
vn 0.8359 0.4556 -0.3061
vn 0.8058 0.5483 -0.2237
vn 0.8067 0.5328 -0.2558
vn 0.7577 0.6337 -0.1560
vn 0.7562 0.6183 -0.2141
vn 0.6892 0.7190 -0.0897
vn 0.4666 0.8843 -0.0164
vn 0.5968 0.8015 -0.0380
vn 0.6712 0.7166 -0.1898
vn 0.5389 0.8228 -0.1805
vn 0.8189 0.2623 -0.5104
vn 0.8143 0.3008 -0.4965
vn 0.7900 0.3037 -0.5326
vn 0.7974 0.2698 -0.5398
vn 0.7824 0.2901 -0.5512
vn 0.7731 0.2762 -0.5709
vn 0.8580 0.3872 -0.3377
vn 0.8714 0.3151 -0.3760
vn 0.8068 -0.2274 -0.5453
vn 0.8324 -0.1988 -0.5173
vn 0.6984 0.7049 -0.1238
vn 0.8039 0.5756 -0.1495
vn 0.8137 0.5199 -0.2598
vn 0.7263 0.6562 -0.2049
vn 0.8719 0.3720 -0.3184
vn 0.8310 0.4776 -0.2852
vn 0.7688 0.2331 -0.5955
vn 0.7675 0.2389 -0.5949
vn 0.7080 0.2441 -0.6626
vn 0.6738 -0.0799 -0.7346
vn 0.6413 -0.1284 -0.7565
vn 0.6618 -0.2512 -0.7064
vn 0.6986 -0.1777 -0.6931
vn 0.9446 0.1959 -0.2634
vn 0.9143 0.2261 -0.3361
vn 0.8948 0.2958 -0.3344
vn 0.9682 0.1792 -0.1744
vn 0.9660 0.1390 -0.2181
vn 0.9424 -0.0506 -0.3307
vn 0.9136 -0.1542 -0.3763
vn 0.8905 -0.1373 -0.4337
vn 0.9451 -0.0661 -0.3200
vn 0.9849 0.0979 -0.1429
vn -0.8706 -0.2101 0.4449
vn -0.7508 -0.5226 0.4039
vn -0.7524 -0.5823 0.3081
vn -0.8346 -0.4173 0.3596
vn 0.3143 0.2470 -0.9167
vn 0.3036 0.6225 -0.7213
vn 0.5907 0.5922 -0.5480
vn 0.6091 0.2808 -0.7418
vn 0.7507 -0.0549 -0.6584
vn 0.6221 0.0589 -0.7807
vn 0.6155 -0.0938 -0.7825
vn 0.7343 -0.1183 -0.6684
vn 0.9568 -0.0913 -0.2760
vn 0.9653 -0.1067 -0.2383
vn 0.9756 -0.0685 -0.2085
vn 0.9585 -0.0467 -0.2813
vn 0.6117 0.1670 -0.7733
vn 0.6784 0.1174 -0.7253
vn 0.6649 0.0640 -0.7441
vn 0.5946 0.1178 -0.7953
vn 0.7286 0.0473 -0.6833
vn 0.6735 0.0272 -0.7387
vn 0.6691 -0.0237 -0.7428
vn 0.7142 -0.0169 -0.6997
vn 0.7679 -0.0021 -0.6405
vn 0.7307 0.0341 -0.6818
vn 0.7779 -0.0554 -0.6259
vn 0.7325 -0.0434 -0.6794
vn 0.7975 -0.0101 -0.6033
vn 0.8222 -0.0768 -0.5640
vn 0.3457 0.5371 -0.7694
vn 0.2974 0.4965 -0.8155
vn -0.0108 0.8251 -0.5649
vn 0.0645 0.8634 -0.5004
vn 0.8793 -0.3095 -0.3620
vn 0.6414 0.3753 -0.6692
vn 0.5164 0.6189 -0.5919
vn 0.4078 0.6688 -0.6216
vn 0.5253 0.4880 -0.6971
vn 0.1021 0.8625 -0.4957
vn -0.0113 0.9442 -0.3290
vn 0.2458 0.8810 -0.4042
vn 0.2635 0.7336 -0.6264
vn 0.7005 0.0016 -0.7136
vn 0.6464 -0.0203 -0.7627
vn 0.6820 0.0402 -0.7302
vn 0.6332 -0.0139 -0.7739
vn 0.0547 0.9100 -0.4109
vn -0.0593 0.9024 -0.4268
vn 0.3005 0.3094 -0.9022
vn 0.3574 0.4410 -0.8233
vn 0.6827 -0.2240 -0.6955
vn 0.4886 0.4950 -0.7185
vn 0.6623 0.1497 -0.7341
vn 0.5038 0.1521 -0.8503
vn 0.5140 0.2179 -0.8296
vn 0.3921 0.2577 -0.8831
vn 0.3967 0.1640 -0.9032
vn 0.2364 0.9689 0.0727
vn 0.0803 0.9934 0.0825
vn 0.0382 0.9950 0.0920
vn 0.1566 0.9865 0.0479
vn -0.0346 0.7349 -0.6772
vn -0.0320 0.7822 -0.6223
vn 0.6627 0.3756 -0.6479
vn 0.5428 0.5621 -0.6240
vn -0.0394 0.7325 -0.6796
vn 0.3821 0.7973 -0.4672
vn 0.2386 0.9046 -0.3532
vn 0.2396 0.9326 -0.2698
vn 0.1281 0.8953 -0.4266
vn 0.0891 0.8348 -0.5433
vn 0.4073 0.6065 -0.6828
vn 0.2903 0.6991 -0.6534
vn 0.6265 0.3183 -0.7115
vn 0.1251 0.8808 -0.4566
vn 0.2503 0.0458 -0.9671
vn 0.1876 0.1046 -0.9767
vn 0.0957 0.0291 -0.9950
vn 0.1741 -0.0411 -0.9839
vn -0.0358 0.7801 -0.6246
vn 0.0021 0.8412 -0.5407
vn 0.3401 0.8011 -0.4926
vn 0.2860 0.8507 -0.4410
vn 0.2693 0.8820 -0.3866
vn 0.2879 0.1490 -0.9460
vn 0.2620 0.2581 -0.9299
vn 0.1344 0.2144 -0.9675
vn 0.8318 -0.2703 -0.4849
vn 0.7495 -0.2171 -0.6255
vn 0.0209 0.1399 -0.9900
vn 0.6687 0.1507 -0.7281
vn 0.5762 0.0801 -0.8134
vn 0.7490 -0.5252 -0.4039
vn 0.6677 -0.5502 -0.5015
vn 0.8835 -0.3158 -0.3460
vn 0.9365 0.0725 -0.3432
vn 0.5872 -0.5578 -0.5865
vn 0.2319 -0.6136 -0.7548
vn 0.3971 -0.5944 -0.6993
vn -0.1038 -0.4461 -0.8890
vn 0.0483 -0.6113 -0.7899
vn 0.0402 -0.2978 -0.9538
vn 0.0116 -0.1679 -0.9857
vn 0.4077 -0.5174 -0.7524
vn 0.2986 -0.4535 -0.8398
vn 0.0977 -0.2617 -0.9602
vn -0.0259 -0.1901 -0.9814
vn 0.5155 -0.6267 -0.5844
vn 0.3960 -0.6678 -0.6303
vn 0.2282 -0.3506 -0.9083
vn 0.7009 -0.2063 -0.6828
vn 0.5355 -0.5873 -0.6068
vn 0.2402 0.8810 -0.4076
vn 0.5643 0.7091 -0.4228
vn 0.2970 0.5367 -0.7898
vn 0.6473 0.2900 -0.7049
vn 0.6334 0.5305 -0.5634
vn 0.8676 0.1340 -0.4789
vn 0.8711 0.3018 -0.3874
vn 0.7978 0.4747 -0.3717
vn 0.9475 -0.0415 -0.3171
vn 0.3782 0.4071 -0.8314
vn 0.3577 0.6615 -0.6592
vn 0.3210 0.5895 -0.7412
vn 0.4447 0.3697 -0.8158
vn 0.6876 0.0613 -0.7235
vn 0.7394 0.0528 -0.6712
vn 0.6910 0.0347 -0.7220
vn 0.6457 0.0330 -0.7628
vn 0.3042 0.4457 -0.8419
vn 0.3407 0.6651 -0.6645
vn 0.3009 0.8544 -0.4237
vn 0.5907 0.7877 -0.1749
vn 0.2456 -0.5315 -0.8107
vn 0.2295 -0.5523 -0.8014
vn 0.5265 -0.5123 -0.6784
vn 0.5524 -0.5035 -0.6644
vn 0.7401 0.2589 -0.6206
vn 0.7263 0.2291 -0.6481
vn 0.7517 -0.1291 -0.6468
vn 0.7888 -0.0858 -0.6087
vn 0.7044 -0.3951 -0.5896
vn 0.7871 -0.3491 -0.5085
vn 0.7665 -0.0535 -0.6400
vn 0.7221 -0.3166 -0.6151
vn 0.7312 0.2720 -0.6256
vn 0.1698 -0.1171 -0.9785
vn 0.3139 -0.1688 -0.9343
vn 0.2631 -0.0326 -0.9642
vn 0.2077 -0.0831 -0.9746
vn 0.3574 -0.1587 -0.9204
vn 0.4118 -0.1320 -0.9017
vn 0.2266 -0.3070 -0.9243
vn 0.3247 -0.2498 -0.9122
vn 0.4192 0.2859 -0.8617
vn 0.3343 0.0918 -0.9380
vn 0.4805 -0.0470 -0.8757
vn 0.5552 0.1057 -0.8250
vn 0.2559 -0.4106 -0.8752
vn 0.5532 -0.3549 -0.7537
vn 0.1415 0.9339 -0.3284
vn 0.4728 0.7310 -0.4920
vn 0.5798 0.7677 -0.2731
vn 0.2105 0.9556 -0.2061
vn 0.7577 -0.0254 -0.6522
vn 0.7263 0.2937 -0.6215
vn 0.5936 -0.0565 -0.8028
vn 0.7664 -0.3046 -0.5655
vn 0.2261 0.5895 -0.7755
vn 0.4477 0.6117 -0.6522
vn 0.2809 0.8284 -0.4847
vn 0.0349 0.7949 -0.6057
vn 0.2297 0.9168 -0.3267
vn 0.0111 0.9124 -0.4091
vn 0.4740 0.7835 -0.4018
vn 0.4500 0.8642 -0.2251
vn 0.5522 0.3466 -0.7582
vn -0.0978 0.9134 0.3951
vn -0.4430 0.7170 0.5382
vn -0.4652 0.7758 0.4262
vn -0.1710 0.9534 0.2485
vn -0.4362 0.8009 0.4103
vn -0.2140 0.9568 0.1967
vn -0.5242 0.7487 0.4059
vn -0.4862 0.7415 0.4624
vn -0.1282 0.6343 0.7624
vn 0.4700 0.4725 0.7456
vn 0.5037 0.6733 0.5412
vn -0.0986 0.7581 0.6447
vn 0.0661 0.7835 0.6179
vn -0.8207 0.0512 -0.5691
vn -0.9081 0.3098 -0.2818
vn -0.8656 0.4884 -0.1110
vn -0.8009 0.3082 -0.5134
vn 0.4650 0.5016 0.7295
vn 0.0779 0.9090 -0.4094
vn 0.0000 0.9730 -0.2310
vn 0.0335 0.9307 -0.3643
vn -0.0923 0.1584 -0.9830
vn -0.0148 0.4193 -0.9077
vn -0.0556 0.5657 -0.8227
vn 0.4445 -0.5766 -0.6856
vn 0.4509 -0.6212 -0.6409
vn 0.6538 -0.5576 -0.5115
vn 0.6270 -0.5428 -0.5588
vn 0.0878 0.7141 -0.6945
vn 0.1385 0.2516 -0.9579
vn 0.2310 0.5179 -0.8237
vn 0.0743 0.0689 -0.9949
vn 0.2304 0.9705 -0.0703
vn -0.0000 1.0000 -0.0022
vn 0.0937 0.9812 -0.1688
vn 0.5875 0.8090 0.0191
vn 0.5931 0.8019 0.0717
vn 0.2633 0.9507 -0.1639
vn -0.4825 0.7823 0.3939
vn -0.3137 0.9345 0.1683
vn 0.9720 -0.2007 -0.1222
vn 0.9168 -0.3223 -0.2356
vn 0.9530 -0.2227 -0.2052
vn 0.9862 -0.1176 -0.1167
vn 0.9997 0.0242 0.0094
vn 0.9764 -0.0749 -0.2025
vn 0.9948 -0.1010 -0.0121
vn 0.9411 0.1210 0.3156
vn 0.9209 0.3374 0.1950
vn 0.9991 0.0114 -0.0404
vn 0.9019 -0.2542 -0.3493
vn 0.1441 -0.4922 -0.8585
vn 0.0717 -0.5836 -0.8089
vn 0.2693 -0.6306 -0.7279
vn 0.3012 -0.5550 -0.7754
vn 0.3276 -0.5271 -0.7841
vn 0.5418 -0.5040 -0.6727
vn -0.5468 0.7013 0.4574
vn -0.5772 0.7249 0.3760
vn -0.5014 0.7269 0.4693
vn 0.0000 0.9062 -0.4229
vn 0.0825 0.9737 -0.2123
vn 0.0000 -0.3215 -0.9469
vn 0.1154 -0.1488 -0.9821
vn 0.2971 -0.1206 -0.9472
vn -0.7172 0.5317 -0.4504
vn -0.6817 0.2169 -0.6988
vn -0.5460 -0.2370 -0.8036
vn -0.4291 -0.1225 -0.8949
vn -0.5506 0.0492 -0.8333
vn -0.4911 0.7402 0.4592
vn 0.8140 -0.4511 -0.3659
vn 0.7837 -0.4319 -0.4463
vn 0.8768 -0.3331 -0.3467
vn -0.6047 0.7964 0.0086
vn -0.7212 0.6363 0.2738
vn -0.8684 0.4957 0.0139
vn -0.6636 0.7124 -0.2283
vn -0.7916 0.5816 0.1873
vn 0.7421 -0.4239 -0.5192
vn 0.7285 0.3576 -0.5842
vn 0.8131 0.0688 -0.5780
vn 0.8232 -0.1655 -0.5431
vn 0.5031 0.0164 -0.8641
vn 0.5213 -0.0018 -0.8534
vn 0.6663 -0.2999 -0.6827
vn 0.6968 -0.2289 -0.6797
vn 0.6821 -0.1406 -0.7176
vn 0.6430 -0.2029 -0.7385
vn 0.3483 0.8667 -0.3571
vn 0.0970 0.9891 -0.1111
vn -0.0315 0.9916 -0.1255
vn 0.2381 0.9059 -0.3502
vn 0.6448 -0.0323 -0.7637
vn 0.5802 0.0388 -0.8136
vn 0.6287 -0.1454 -0.7639
vn 0.7349 -0.2643 -0.6246
vn 0.5021 0.4700 -0.7259
vn 0.5304 0.5353 -0.6574
vn 0.6581 0.2637 -0.7053
vn 0.6212 0.1976 -0.7583
vn -0.1844 -0.2447 -0.9519
vn 0.8383 -0.2614 -0.4785
vn 0.7005 -0.3633 -0.6142
vn 0.4972 -0.3179 -0.8073
vn 0.5576 -0.4265 -0.7121
vn 0.6102 -0.3459 -0.7127
vn 0.5752 -0.2657 -0.7737
vn 0.4786 -0.4697 -0.7418
vn 0.5706 -0.5198 -0.6358
vn 0.6112 -0.0441 -0.7903
vn 0.5295 -0.3732 -0.7618
vn 0.6721 -0.3337 -0.6610
vn 0.6628 0.0865 -0.7438
vn 0.0890 0.9352 -0.3427
vn -0.2278 0.9411 -0.2499
vn -0.2493 0.9092 -0.3334
vn 0.0537 0.9450 -0.3226
vn -0.3175 0.8160 -0.4830
vn 0.7802 -0.1350 -0.6108
vn 0.6138 0.4139 -0.6723
vn 0.8451 0.1409 -0.5157
vn 0.8829 0.2034 0.4233
vn -0.6531 0.6555 0.3792
vn 0.8075 0.4449 0.3874
vn 0.5873 0.7047 0.3982
vn 0.9259 0.3717 0.0671
vn 0.5528 0.0244 -0.8329
vn 0.4210 -0.3043 -0.8545
vn 0.3208 -0.1817 -0.9295
vn 0.9121 0.2929 -0.2869
vn 0.6428 -0.1781 -0.7451
vn 0.6191 0.3177 -0.7181
vn 0.8045 0.2940 -0.5161
vn 0.8227 -0.1338 -0.5525
vn 0.5524 0.7770 -0.3018
vn 0.6139 0.7589 -0.2174
vn 0.4240 0.8802 0.2133
vn 0.3427 0.9394 0.0113
vn 0.1975 0.9772 -0.0775
vn 0.4425 0.8234 -0.3553
vn -0.5712 0.7063 0.4181
vn -0.6470 0.7148 0.2655
vn -0.4477 0.7699 0.4547
vn -0.3951 0.8059 0.4410
vn -0.4171 0.7838 0.4601
vn -0.4657 0.7460 0.4761
vn -0.3303 0.5909 -0.7360
vn -0.1338 0.2881 -0.9482
vn -0.6946 0.7191 -0.0177
vn -0.4915 0.7911 0.3641
vn -0.4616 0.7811 0.4204
vn -0.5406 0.7945 0.2768
vn -0.5372 0.8419 0.0518
vn -0.5265 0.7459 0.4080
vn 0.0873 -0.4619 -0.8826
vn 0.1492 -0.1541 -0.9767
vn 0.4271 -0.2220 -0.8765
vn -0.4254 0.8016 0.4201
vn -0.4782 0.7668 0.4282
vn 0.9846 0.1280 -0.1189
vn 0.9284 0.3656 -0.0660
vn 0.4183 0.2786 -0.8645
vn 0.1889 0.2319 -0.9542
vn 0.9802 -0.0359 -0.1946
vn 0.9025 0.4220 -0.0856
vn 0.7001 0.7138 0.0200
vn 0.9667 0.1765 -0.1850
vn 0.7108 0.6999 0.0700
vn 0.2474 0.9357 0.2516
vn 0.9298 -0.1188 -0.3485
vn -0.2544 0.9052 0.3403
vn 0.9212 0.2314 -0.3127
vn -0.3262 0.8772 0.3522
vn 0.0072 0.9704 0.2413
vn 0.5741 0.6210 -0.5337
vn 0.5164 0.6850 -0.5139
vn -0.6548 0.6445 -0.3948
vn -0.4839 0.4447 -0.7537
vn -0.4798 0.8422 -0.2460
vn -0.3324 0.7521 -0.5691
vn -0.2196 -0.2484 -0.9434
vn -0.2169 -0.4589 -0.8616
vn 0.5305 0.3538 -0.7703
vn 0.6050 0.1688 -0.7782
vn 0.2048 0.8333 -0.5135
vn 0.3742 0.6399 -0.6711
vn 0.2896 -0.1493 -0.9454
vn 0.3647 0.1599 -0.9173
vn 0.3624 0.3189 -0.8758
vn 0.3535 -0.0320 -0.9349
vn 0.0220 0.8158 -0.5779
vn 0.1175 0.9816 0.1503
vn 0.1633 0.9840 -0.0710
vn 0.0000 0.9989 -0.0466
vn 0.0574 0.9910 0.1212
vn 0.6555 0.5587 -0.5080
vn 0.6805 0.5591 -0.4736
vn 0.6073 0.5764 -0.5468
vn -0.0954 -0.4112 -0.9065
vn 0.0794 -0.3677 -0.9265
vn -0.1117 -0.3074 -0.9450
vn 0.3743 -0.2377 -0.8963
vn 0.3644 -0.2100 -0.9073
vn -0.1236 0.0341 -0.9917
vn 0.0306 -0.0120 -0.9995
vn 0.0065 -0.0755 -0.9971
vn -0.1301 -0.0513 -0.9902
vn -0.1237 -0.1675 -0.9781
vn 0.0730 -0.2012 -0.9768
vn 0.2732 -0.0363 -0.9613
vn 0.1498 -0.2993 -0.9423
vn -0.0475 -0.4460 -0.8938
vn -0.1421 0.9884 0.0542
vn -0.2780 0.9202 0.2758
vn -0.1970 0.9171 0.3465
vn -0.0100 0.9778 0.2093
vn 0.6555 -0.0636 -0.7525
vn 0.6377 0.0111 -0.7702
vn 0.6226 0.2334 -0.7469
vn 0.6512 0.1311 -0.7475
vn 0.5733 0.3160 -0.7560
vn 0.8751 0.2479 -0.4157
vn 0.8859 0.2227 -0.4070
vn 0.6340 0.0504 -0.7716
vn 0.7236 -0.2230 -0.6532
vn 0.6463 -0.2722 -0.7129
vn 0.3266 0.4469 -0.8328
vn 0.3305 0.4372 -0.8364
vn 0.4552 0.1429 -0.8789
vn 0.4290 0.1162 -0.8958
vn 0.5071 0.1498 -0.8488
vn 0.4930 -0.0929 -0.8651
vn 0.3799 0.4193 -0.8245
vn 0.4338 0.4119 -0.8013
vn 0.5563 0.1557 -0.8162
vn 0.5888 0.1681 -0.7906
vn 0.4725 0.4278 -0.7706
vn 0.9623 -0.1238 -0.2420
vn 0.9559 -0.1036 -0.2747
vn 0.6698 -0.2784 -0.6884
vn 0.7052 -0.1547 -0.6919
vn 0.6980 -0.0737 -0.7123
vn 0.6675 -0.2347 -0.7067
vn 0.2929 0.9560 -0.0187
vn 0.3618 0.9171 -0.1676
vn 0.4079 0.1905 -0.8929
vn 0.3306 0.2376 -0.9134
vn 0.2851 0.5101 -0.8115
vn 0.3692 0.4441 -0.8164
vn 0.2250 0.5756 -0.7862
vn 0.2726 0.2758 -0.9217
vn 0.1332 0.3048 -0.9430
vn 0.1067 0.6295 -0.7696
vn 0.0000 0.6610 -0.7504
vn 0.0000 0.3300 -0.9440
vn -0.0126 -0.1869 -0.9823
vn 0.0639 -0.1850 -0.9807
vn -0.3080 0.9459 -0.1023
vn -0.1210 0.9093 -0.3983
vn 0.0938 0.9697 -0.2255
vn -0.4000 0.9035 0.1541
vn 0.2758 0.9609 -0.0259
vn 0.4033 0.7566 -0.5148
vn 0.6060 0.7295 -0.3170
vn 0.7660 0.6266 -0.1437
vn 0.4601 0.8848 0.0742
vn -0.3131 0.8564 0.4105
vn -0.3581 0.8424 0.4027
vn -0.3054 0.8788 0.3666
vn -0.1246 0.9413 0.3137
vn 0.5165 -0.5622 -0.6459
vn 0.1345 0.9248 -0.3559
vn 0.4511 0.7516 -0.4813
vn 0.7245 0.4574 -0.5156
vn 0.3955 0.8325 -0.3880
vn 0.7013 0.6053 -0.3765
vn -0.5065 0.7213 0.4724
vn -0.4663 0.7644 0.4452
vn -0.1579 0.9733 -0.1666
vn -0.4578 0.8787 0.1352
vn 0.8611 0.1832 -0.4743
vn 0.9112 -0.0214 -0.4113
vn 0.8870 0.3355 -0.3172
vn 0.9605 0.1250 -0.2486
vn 0.3474 0.4158 -0.8405
vn 0.4026 0.0562 -0.9137
vn 0.3990 -0.2016 -0.8945
vn 0.4477 -0.1483 -0.8818
vn 0.6054 0.1555 -0.7806
vn 0.5781 0.2424 -0.7791
vn 0.4994 0.1750 -0.8485
vn 0.5859 0.0225 -0.8100
vn 0.5724 0.0259 -0.8196
vn -0.1963 0.1348 -0.9712
vn -0.0788 0.5336 -0.8420
vn 0.1434 0.0180 -0.9895
vn 0.4091 0.3652 -0.8362
vn -0.1094 -0.3500 -0.9304
vn 0.5259 -0.1339 -0.8399
vn 0.5207 -0.1699 -0.8366
vn 0.4685 -0.2070 -0.8589
vn 0.4697 -0.2587 -0.8441
vn 0.3822 -0.2132 -0.8991
vn 0.4199 -0.2206 -0.8804
vn 0.4305 -0.2652 -0.8628
vn -0.4360 0.8341 0.3380
vn 0.1681 0.7171 -0.6764
vn 0.5231 0.0355 -0.8515
vn 0.0183 -0.0709 -0.9973
vn 0.1125 -0.1414 -0.9835
vn 0.2588 -0.7046 -0.6607
vn 0.8026 -0.2772 -0.5282
vn 0.7793 -0.2813 -0.5600
vn 0.6262 -0.2467 -0.7396
vn 0.6378 -0.2919 -0.7127
vn 0.6623 -0.5196 -0.5398
vn 0.7358 -0.4956 -0.4615
vn 0.7347 -0.4481 -0.5093
vn 0.7162 -0.3901 -0.5787
vn 0.8161 -0.2983 -0.4950
vn 0.8001 -0.2747 -0.5332
vn 0.7660 -0.2986 -0.5693
vn 0.7684 -0.3503 -0.5356
vn 0.6084 -0.3534 -0.7106
vn 0.5911 -0.4217 -0.6875
vn 0.7171 -0.5093 -0.4758
vn 0.7994 -0.2760 -0.5336
vn 0.8048 -0.2519 -0.5375
vn 0.7871 -0.3450 -0.5113
vn 0.7677 -0.2119 -0.6048
vn 0.3482 -0.1842 -0.9191
vn 0.3635 -0.2685 -0.8921
vn 0.4292 -0.1985 -0.8811
vn 0.5096 -0.1726 -0.8430
vn 0.4110 -0.3736 -0.8316
vn 0.6242 -0.5825 -0.5206
vn 0.3333 0.1186 -0.9353
vn 0.4296 0.1680 -0.8872
vn -0.0760 0.0432 -0.9962
vn -0.1481 -0.0750 -0.9861
vn 0.8413 0.2118 -0.4973
vn 0.8043 0.2411 -0.5431
vn 0.8194 0.1474 -0.5539
vn 0.8684 0.1335 -0.4775
vn 0.4722 -0.0188 -0.8813
vn 0.6015 0.0284 -0.7984
vn 0.6576 -0.1380 -0.7407
vn 0.5469 0.0129 -0.8371
vn 0.4957 -0.0216 -0.8682
vn 0.6141 -0.1981 -0.7640
vn 0.5489 0.0684 -0.8331
vn 0.4484 0.0797 -0.8903
vn 0.0854 0.4255 -0.9009
vn 0.3759 0.3634 -0.8524
vn 0.3886 0.6619 -0.6410
vn 0.1061 0.7306 -0.6746
vn -0.0000 0.7185 -0.6955
vn -0.0452 0.4371 -0.8983
vn 0.7244 0.3884 -0.5695
vn 0.7102 0.1147 -0.6946
vn 0.6045 0.2426 -0.7587
vn 0.6083 0.5288 -0.5919
vn 0.5881 0.0736 -0.8055
vn 0.5020 0.1338 -0.8544
vn 0.4806 0.3804 -0.7902
vn 0.6078 0.7321 -0.3075
vn 0.4505 0.8472 -0.2815
vn 0.5447 0.7356 -0.4027
vn 0.6794 0.6000 -0.4225
vn 0.7886 0.1627 -0.5930
vn 0.7226 0.0202 -0.6910
vn 0.7528 0.0006 -0.6583
vn 0.7896 0.2418 -0.5639
vn 0.6619 -0.1528 -0.7339
vn 0.6772 0.0263 -0.7353
vn 0.6603 0.1362 -0.7385
vn 0.5838 0.2399 -0.7757
vn 0.5380 0.3071 -0.7850
vn 0.5107 0.3268 -0.7952
vn 0.7866 0.2178 -0.5778
vn 0.7877 0.2048 -0.5810
vn 0.8121 0.2386 -0.5326
vn 0.7909 0.2529 -0.5572
vn 0.8194 0.2437 -0.5188
vn 0.7462 0.2618 -0.6121
vn 0.7976 0.2663 -0.5411
vn 0.6823 0.2738 -0.6778
vn 0.7635 0.2554 -0.5932
vn 0.8359 0.3085 -0.4540
vn 0.8400 0.3512 -0.4136
vn 0.8224 0.2660 -0.5030
vn 0.8166 0.2713 -0.5094
vn 0.6634 0.1773 -0.7270
vn 0.7562 0.1970 -0.6240
vn 0.8135 0.2913 -0.5034
vn 0.8095 0.3482 -0.4728
vn 0.8277 0.4176 -0.3748
vn 0.7936 0.5021 -0.3436
vn 0.8031 0.0642 -0.5924
vn 0.7787 -0.0373 -0.6263
vn 0.7619 0.2475 -0.5986
vn 0.7892 0.2492 -0.5613
vn 0.7924 0.1823 -0.5822
vn 0.7506 0.1843 -0.6346
vn 0.7763 0.1093 -0.6208
vn 0.7251 0.1163 -0.6787
vn 0.8707 0.1535 -0.4672
vn 0.8531 0.0922 -0.5136
vn 0.8643 0.2269 -0.4488
vn 0.7322 0.0067 -0.6811
vn 0.7870 0.1575 -0.5965
vn 0.7677 0.0713 -0.6368
vn 0.7851 0.2330 -0.5739
vn 0.5375 0.0577 -0.8413
vn 0.2102 -0.2404 -0.9476
vn 0.2560 0.8987 -0.3560
vn 0.1747 0.9182 -0.3554
vn 0.2673 0.9324 -0.2432
vn 0.5436 -0.2385 -0.8048
vn 0.5314 -0.2697 -0.8030
vn 0.4364 0.0931 -0.8949
vn 0.4901 -0.0452 -0.8705
vn 0.4717 -0.1051 -0.8755
vn 0.3901 -0.1334 -0.9111
vn 0.9898 0.0882 -0.1121
vn 0.9923 0.0737 -0.0991
vn 0.9921 0.0681 -0.1057
vn 0.9931 0.0448 -0.1082
vn 0.5083 0.0169 -0.8610
vn 0.4440 -0.1053 -0.8898
vn 0.3655 -0.1596 -0.9170
vn 0.2240 0.5256 -0.8207
vn 0.2713 0.7061 -0.6541
vn 0.2505 0.7553 -0.6056
vn 0.1706 0.6018 -0.7802
vn 0.7199 -0.0182 -0.6938
vn 0.0416 0.8746 -0.4831
vn 0.1591 0.8181 -0.5526
vn 0.0365 0.0710 -0.9968
vn 0.1430 0.0274 -0.9893
vn 0.2585 -0.9506 -0.1721
vn 0.2401 -0.9677 -0.0763
vn -0.0000 -0.9820 -0.1891
vn 0.1402 -0.9759 -0.1672
vn 0.9272 -0.0503 -0.3711
vn 0.9078 -0.1933 -0.3721
vn 0.9669 -0.1912 -0.1692
vn 0.9699 -0.2143 -0.1160
vn 0.9058 -0.4055 -0.1230
vn 0.9003 -0.3952 -0.1822
vn 0.2156 -0.9756 0.0415
vn 0.4682 -0.8769 -0.1090
vn 0.4441 -0.8960 -0.0003
vn 0.9709 -0.2204 0.0938
vn 0.9554 -0.2142 0.2034
vn 0.8895 -0.3528 0.2903
vn 0.9109 -0.3794 0.1619
vn 0.7370 0.4302 0.5214
vn 0.8516 -0.3049 0.4263
vn 0.9688 -0.1969 0.1503
vn 0.8385 0.4756 0.2661
vn 0.9926 0.0892 -0.0829
vn 0.9936 0.0965 -0.0590
vn 0.9981 -0.0587 0.0199
vn 0.9967 -0.0636 -0.0511
vn 0.5362 -0.2856 0.7943
vn 0.3491 -0.3376 0.8742
vn 0.3693 -0.4941 0.7871
vn 0.5709 -0.4188 0.7062
vn 0.4882 -0.8530 -0.1846
vn 0.9923 0.0740 -0.0997
vn 0.9937 -0.0642 -0.0922
vn 0.9909 -0.0501 -0.1247
vn 0.9890 0.0689 -0.1312
vn 0.1893 -0.7207 -0.6669
vn 0.4643 -0.7456 -0.4780
vn 0.2231 -0.8148 -0.5351
vn -0.0000 -0.7719 -0.6358
vn 0.0669 -0.7288 -0.6814
vn 0.2510 -0.8794 -0.4046
vn 0.4868 -0.7922 -0.3680
vn 0.4964 -0.8250 -0.2700
vn 0.2627 -0.9230 -0.2811
vn -0.0000 -0.9082 -0.4186
vn 0.1280 -0.8989 -0.4190
vn 0.1608 -0.8508 0.5002
vn 0.1719 -0.7138 0.6789
vn 0.0000 -0.7827 0.6224
vn 0.0560 -0.8664 0.4962
vn 0.1710 -0.5388 0.8249
vn -0.0000 -0.6179 0.7862
vn 0.9413 0.2584 -0.2173
vn 0.9167 0.3465 -0.1989
vn 0.8874 0.1961 -0.4172
vn 0.9411 0.2220 -0.2551
vn -0.2020 -0.9434 0.2631
vn 0.8511 -0.5110 0.1205
vn 0.8930 -0.4478 -0.0453
vn 0.0923 -0.9844 -0.1500
vn 0.9964 0.0771 -0.0339
vn 0.9977 0.0605 -0.0319
vn 0.9961 0.0479 -0.0745
vn 0.9770 0.1801 -0.1146
vn 0.9796 0.1817 -0.0855
vn 0.1632 -0.9226 0.3496
vn 0.0596 -0.9313 0.3594
vn 0.8100 -0.2778 0.5164
vn 0.8852 -0.1793 0.4293
vn 0.8362 -0.1419 0.5298
vn 0.7686 -0.1910 0.6105
vn 0.8666 0.4989 0.0051
vn 0.8785 0.4682 0.0952
vn 0.9079 0.3629 0.2099
vn 0.9302 0.3666 0.0183
vn 0.9819 0.1556 -0.1083
vn 0.9983 -0.0239 -0.0533
vn 0.6411 -0.7600 0.1068
vn 0.6379 -0.7192 0.2753
vn 0.4022 -0.8575 0.3209
vn 0.4202 -0.8942 0.1545
vn -0.0173 -0.2854 -0.9582
vn -0.0213 0.0320 -0.9993
vn 0.2787 0.0310 -0.9599
vn 0.3057 -0.3112 -0.8999
vn 0.2907 0.1017 0.9514
vn 0.5750 0.0784 0.8144
vn 0.4963 -0.1614 0.8531
vn 0.0987 -0.1191 0.9880
vn -0.0420 -0.0228 0.9989
vn 0.0004 0.0758 0.9971
vn -0.0278 0.1296 0.9912
vn -0.0769 -0.1415 0.9869
vn 0.0008 -0.0047 1.0000
vn 0.9838 -0.0242 -0.1778
vn 0.9658 0.0051 -0.2593
vn 0.9624 -0.1275 -0.2400
vn 0.9550 -0.0703 -0.2881
vn 0.9807 0.1015 -0.1673
vn 0.9855 -0.0002 -0.1695
vn 0.7485 -0.0291 -0.6625
vn 0.6877 0.0814 -0.7214
vn 0.6115 0.1577 -0.7754
vn 0.7640 0.0789 -0.6404
vn 0.8571 0.0162 -0.5149
vn 0.8945 -0.0631 -0.4427
vn 0.7336 0.1226 -0.6685
vn 0.5261 0.1851 -0.8301
vn 0.6332 0.4178 -0.6515
vn 0.7064 0.1819 -0.6840
vn 0.9523 0.0484 -0.3012
vn 0.9374 0.0404 0.3459
vn 0.8623 0.0272 0.5057
vn 0.8519 -0.0612 0.5201
vn 0.9246 -0.0614 0.3760
vn 0.8812 0.2789 -0.3818
vn 0.8735 0.3469 -0.3415
vn 0.3747 -0.3373 -0.8636
vn 0.5704 -0.2641 -0.7777
vn 0.9446 -0.0397 -0.3259
vn 0.9403 -0.0015 -0.3402
vn 0.5153 0.8569 -0.0148
vn 0.6216 0.7808 -0.0622
vn -0.0456 0.6799 0.7319
vn -0.0107 0.9964 0.0843
vn 0.3883 0.9207 0.0404
vn 0.2949 0.9554 -0.0161
vn -0.0318 0.6718 0.7400
vn -0.0208 0.9938 0.1090
vn 0.7815 0.2336 -0.5786
vn 0.7484 0.2185 -0.6262
vn 0.7007 0.7062 -0.1012
vn 0.7589 0.6323 -0.1559
vn 0.8023 0.5528 -0.2250
vn 0.8325 0.4730 -0.2884
vn 0.7236 0.6098 -0.3234
vn 0.7710 0.4590 -0.4415
vn 0.7777 -0.2568 -0.5738
vn 0.1675 -0.5677 -0.8060
vn 0.8174 -0.3357 -0.4681
vn 0.8212 -0.4160 -0.3906
vn 0.6649 -0.6139 -0.4255
vn 0.1617 -0.3895 -0.9067
vn 0.7929 0.0485 -0.6074
vn 0.9331 -0.0853 -0.3494
vn 0.8974 -0.2704 -0.3485
vn 0.3067 -0.3652 -0.8789
vn 0.3114 -0.3586 -0.8800
vn 0.9627 0.1716 -0.2094
vn 0.9777 0.1333 -0.1621
vn 0.9857 0.0893 -0.1429
vn 0.9869 -0.0536 -0.1523
vn 0.9769 -0.0843 -0.1964
vn 0.9925 0.0253 -0.1195
vn 0.9915 -0.0246 -0.1275
vn 0.7635 -0.1650 -0.6244
vn 0.7687 0.5986 -0.2254
vn 0.7060 0.6926 -0.1480
vn 0.6528 0.7459 -0.1326
vn 0.7669 -0.0029 -0.6418
vn 0.7555 0.1749 -0.6313
vn 0.7659 0.0334 -0.6421
vn 0.8758 0.0450 -0.4806
vn 0.2469 -0.4012 -0.8821
vn 0.6558 -0.7067 -0.2654
vn 0.6624 -0.6688 -0.3375
vn -0.0778 0.2128 -0.9740
vn -0.0422 0.2427 -0.9692
vn 0.0908 0.3308 -0.9393
vn 0.0572 0.2990 -0.9526
vn 0.0000 -0.5336 -0.8457
vn 0.0657 -0.4017 -0.9134
vn 0.6413 -0.7664 -0.0380
vn 0.9874 0.1029 -0.1200
vn 0.8870 0.1554 -0.4348
vn 0.4976 -0.5209 -0.6936
vn 0.6107 -0.5387 -0.5804
vn 0.7588 0.6300 -0.1654
vn 0.7083 0.6987 -0.1006
vn 0.6608 0.7463 -0.0800
vn 0.8085 0.5386 -0.2374
vn 0.8502 0.4340 -0.2979
vn 0.5913 0.8040 -0.0631
vn 0.6659 0.7433 -0.0642
vn 0.4505 0.8908 -0.0601
vn 0.8659 0.1961 -0.4602
vn 0.0196 0.9998 -0.0009
vn -0.0114 0.9999 -0.0088
vn 0.0370 0.9841 -0.1736
vn 0.0752 0.9900 -0.1196
vn 0.6250 0.7767 -0.0785
vn -0.0043 0.7083 0.7059
vn 0.0551 0.7672 0.6390
vn 0.0956 0.9954 0.0010
vn 0.2235 0.9747 -0.0024
vn 0.8749 0.2312 -0.4255
vn 0.6370 0.7701 -0.0329
vn 0.5676 0.8233 -0.0061
vn 0.5533 0.1203 -0.8243
vn 0.5449 0.2052 -0.8130
vn 0.4865 0.2293 -0.8431
vn 0.9864 0.0537 -0.1550
vn 0.9882 0.0983 -0.1174
vn 0.9738 0.1070 -0.2007
vn 0.9825 0.0520 -0.1790
vn 0.6340 0.0731 -0.7698
vn 0.6299 0.1683 -0.7582
vn 0.5579 0.1384 -0.8183
vn 0.5805 0.0149 -0.8142
vn 0.4826 -0.0347 -0.8752
vn 0.4786 0.0844 -0.8740
vn 0.5203 -0.0453 -0.8528
vn 0.1500 -0.3667 -0.9182
vn 0.9124 -0.4043 -0.0641
vn 0.7971 -0.6013 -0.0557
vn 0.7863 -0.6028 -0.1354
vn 0.3957 -0.7769 0.4898
vn 0.3883 -0.6463 0.6569
vn 0.6485 -0.7353 -0.1967
vn 0.1873 -0.9618 0.1995
vn 0.6428 -0.7543 -0.1333
vn 0.8073 -0.5860 0.0691
vn 0.6279 -0.6412 0.4412
vn 0.6049 -0.5363 0.5886
vn 0.9555 -0.1444 -0.2571
vn 0.8967 -0.3526 -0.2675
vn 0.0841 -0.9724 0.2176
vn 0.6751 -0.2356 0.6991
vn 0.7164 -0.3424 0.6079
vn 0.3587 -0.1593 0.9197
vn 0.6242 -0.1271 0.7709
vn 0.8026 -0.4938 -0.3347
vn 0.7857 -0.5577 -0.2676
vn -0.0000 -0.9988 -0.0500
vn 0.7810 -0.5926 -0.1973
vn 0.8076 -0.5465 0.2217
vn 0.2044 0.3145 0.9270
vn 0.2551 0.3753 0.8911
vn 0.9721 -0.2218 -0.0758
vn 0.9745 -0.2240 -0.0095
vn 0.9167 -0.3983 0.0324
vn 0.7912 -0.4876 0.3690
vn 0.7588 -0.4217 0.4964
vn 0.1622 -0.3693 0.9150
vn 0.9409 0.1270 0.3139
vn 0.8650 0.1064 0.4904
vn 0.8550 -0.3259 0.4035
vn 0.9522 0.0241 -0.3046
vn 0.4361 -0.3889 -0.8116
vn 0.0958 -0.1632 0.9819
vn 0.0964 -0.0503 0.9941
vn 0.3417 -0.0384 0.9390
vn 0.3186 0.0661 0.9456
vn 0.2776 0.3320 0.9015
vn 0.2785 0.2529 0.9265
vn 0.4173 0.2655 0.8691
vn 0.4107 0.3289 0.8503
vn 0.2793 0.1766 0.9438
vn 0.2902 0.0855 0.9531
vn 0.4463 0.0885 0.8905
vn 0.4267 0.1830 0.8857
vn 0.7567 -0.0907 0.6475
vn 0.6443 -0.1203 0.7553
vn -0.2883 -0.6879 0.6660
vn -0.3247 -0.6096 0.7232
vn -0.2618 -0.6396 0.7228
vn -0.2188 -0.7268 0.6511
vn 0.1361 0.1702 0.9760
vn 0.7311 0.1360 0.6685
vn 0.7521 0.1194 0.6482
vn 0.5656 0.0927 0.8195
vn 0.5397 0.1283 0.8320
vn 0.7786 0.0417 0.6261
vn 0.8103 -0.0622 0.5827
vn 0.5996 0.0002 0.8003
vn 0.7193 0.2506 0.6479
vn 0.7217 0.1563 0.6743
vn 0.7142 0.2827 0.6403
vn 0.7108 0.3214 0.6257
vn 0.5507 0.3254 0.7687
vn 0.5592 0.2753 0.7820
vn 0.9249 0.2908 0.2449
vn 0.9438 0.1756 0.2802
vn 0.8605 0.2114 0.4634
vn 0.8448 0.3126 0.4343
vn 0.5041 -0.1454 0.8513
vn 0.9788 0.0910 0.1834
vn 0.9893 0.0583 0.1340
vn 0.9329 0.0094 0.3600
vn 0.9067 0.0731 0.4154
vn 0.9280 -0.2063 0.3104
vn 0.9951 0.0987 -0.0003
vn 0.9924 -0.0590 0.1076
vn 0.9934 0.1114 -0.0274
vn 0.9855 0.1697 -0.0073
vn 0.6143 0.7874 -0.0513
vn 0.0027 0.9359 -0.3521
vn 0.9967 0.0492 -0.0648
vn 0.9972 0.0683 -0.0298
vn 0.9709 -0.0686 0.2292
vn 0.9720 0.0137 -0.2344
vn 0.9852 -0.0196 -0.1703
vn 0.3296 -0.1731 0.9281
vn 0.1513 -0.1931 0.9694
vn 0.1319 0.9895 -0.0597
vn 0.2316 0.9727 -0.0159
vn 0.9900 0.1141 -0.0834
vn 0.9871 0.0890 -0.1331
vn 0.7491 0.3318 -0.5734
vn 0.9090 0.1056 -0.4032
vn 0.9763 0.2120 -0.0444
vn 0.9360 0.2636 -0.2333
vn 0.7812 -0.0378 -0.6231
vn 0.8398 -0.1785 0.5127
vn 0.9598 -0.0795 0.2690
vn 0.3805 0.3869 -0.8400
vn 0.3198 0.1418 0.9368
vn 0.6195 -0.0117 0.7849
vn 0.4736 -0.0200 0.8805
vn 0.7546 0.0056 0.6562
vn -0.0000 -0.2473 -0.9689
vn 0.1316 -0.4124 -0.9014
vn 0.2985 -0.4118 -0.8610
vn 0.8733 0.1344 0.4683
vn 0.8882 0.1285 0.4410
vn 0.9843 0.0559 0.1673
vn -0.0000 -0.1138 0.9935
vn 0.0696 -0.1964 0.9780
vn 0.1434 -0.0383 0.9889
vn 0.9863 0.1229 -0.1098
vn 0.9849 0.1545 -0.0776
vn 0.9751 0.0759 -0.2082
vn 0.9824 0.0750 -0.1709
vn 0.9698 0.0534 -0.2381
vn 0.7400 0.2677 -0.6170
vn 0.8011 0.4058 0.4400
vn 0.9309 0.2782 0.2368
vn 0.9214 0.2494 0.2980
vn 0.7766 0.2871 0.5608
vn 0.2497 -0.3790 -0.8911
vn 0.3427 -0.0094 -0.9394
vn 0.4036 0.9149 -0.0010
vn 0.7708 0.0310 -0.6363
vn 0.0708 -0.2897 -0.9545
vn -0.0469 -0.0687 -0.9965
vn 0.1026 0.2338 -0.9669
vn 0.2130 0.0713 -0.9744
vn 0.0219 0.4162 -0.9090
vn -0.0615 0.2258 -0.9722
vn 0.3955 0.0082 -0.9184
vn 0.3185 -0.0723 -0.9452
vn 0.0193 -0.1296 -0.9914
vn 0.0377 0.2005 -0.9790
vn 0.1951 0.2718 -0.9424
vn 0.1444 -0.1173 -0.9825
vn 0.7047 -0.5371 -0.4635
vn 0.7918 -0.4863 -0.3696
vn 0.3961 -0.4800 -0.7828
vn 0.3330 -0.4036 -0.8522
vn 0.7051 0.3912 -0.5915
vn 0.6782 -0.2510 -0.6907
vn 0.8219 -0.0500 -0.5674
vn 0.2524 0.7570 -0.6027
vn 0.3902 0.9207 -0.0051
vn 0.5454 0.8378 -0.0247
vn 0.8865 -0.3371 -0.3169
vn 0.7304 -0.5994 -0.3273
vn 0.7990 -0.3654 -0.4776
vn 0.5207 0.3060 -0.7970
vn 0.6758 0.6081 -0.4166
vn 0.7297 0.6750 -0.1097
vn 0.7282 0.3570 -0.5851
vn 0.8654 0.1235 0.4855
vn 0.7511 -0.1294 -0.6474
vn 0.7890 -0.3816 -0.4815
vn 0.6470 -0.5202 -0.5575
vn 0.9581 -0.2819 -0.0512
vn 0.9512 -0.2144 -0.2221
vn 0.8592 -0.3687 -0.3548
vn 0.8557 -0.4919 -0.1606
vn 0.7410 -0.0653 -0.6683
vn 0.7304 0.0350 -0.6822
vn 0.9975 -0.0694 0.0116
vn 0.9948 -0.0305 -0.0973
vn 0.8101 0.0956 -0.5785
vn 0.9881 0.1458 -0.0499
vn 0.8455 0.0968 -0.5251
vn 0.9918 0.1098 0.0657
vn 0.9203 -0.2025 -0.3348
vn 0.8966 -0.3695 -0.2442
vn 0.7318 -0.5551 -0.3954
vn 0.9785 -0.1682 -0.1193
vn 0.6197 -0.6132 -0.4898
vn 0.6648 -0.5364 -0.5199
vn 0.7861 -0.4520 -0.4215
vn 0.7073 -0.5156 -0.4836
vn 0.8103 -0.4051 -0.4233
vn 0.7647 -0.4372 -0.4733
vn 0.7706 -0.4259 -0.4741
vn 0.2784 -0.4630 -0.8415
vn 0.9393 0.3294 -0.0962
vn 0.9869 0.1479 -0.0651
vn 0.9827 -0.0346 -0.1818
vn 0.9986 0.0253 -0.0466
vn 0.9738 0.2222 0.0474
vn 0.8438 0.5363 -0.0183
vn 0.9370 0.3480 0.0288
vn 0.5766 0.7829 -0.2335
vn 0.8099 0.5653 -0.1568
vn 0.6733 0.7314 -0.1082
vn 0.2999 0.9086 -0.2908
vn 0.1220 0.9650 0.2321
vn 0.3744 0.9178 0.1322
vn 0.5451 0.3862 -0.7442
vn 0.5499 0.1174 -0.8269
vn 0.4926 -0.1599 -0.8555
vn 0.4806 -0.1330 -0.8668
vn 0.4548 -0.2843 -0.8440
vn 0.4492 -0.2842 -0.8471
vn 0.4376 -0.2898 -0.8512
vn 0.4898 -0.2755 -0.8272
vn 0.4555 -0.2921 -0.8409
vn 0.4687 -0.2709 -0.8408
vn 0.6451 0.7075 -0.2886
vn 0.7958 0.5747 -0.1908
vn 0.6335 0.3374 -0.6962
vn 0.7291 0.2591 -0.6334
vn 0.9054 0.4089 -0.1145
vn 0.9574 0.2801 -0.0702
vn 0.8082 0.1471 -0.5703
vn 0.8452 0.1023 -0.5246
vn 0.4041 0.0978 -0.9095
vn 0.4924 -0.0384 -0.8695
vn 0.5826 -0.2672 -0.7676
vn 0.5859 -0.2065 -0.7837
vn -0.0087 -0.9637 -0.2670
vn -0.1969 -0.8833 -0.4255
vn -0.0579 -0.9752 -0.2138
vn 0.1997 -0.9609 0.1919
vn 0.4726 0.1296 -0.8717
vn 0.4996 -0.1241 -0.8573
vn 0.5504 -0.1475 -0.8218
vn 0.6303 -0.1223 -0.7667
vn 0.6119 -0.1621 -0.7742
vn 0.4913 0.1194 -0.8628
vn 0.5785 -0.0032 -0.8157
vn -0.4941 -0.8518 0.1739
vn -0.3291 -0.9409 -0.0802
vn -0.3378 -0.9334 -0.1212
vn -0.5423 -0.8336 0.1051
vn 0.6374 0.7563 -0.1475
vn 0.6261 0.7715 -0.1131
vn 0.6530 0.7286 -0.2068
vn 0.6452 -0.7257 -0.2391
vn 0.5381 -0.8428 0.0095
vn 0.8921 -0.4514 0.0188
vn 0.8640 -0.4041 -0.3005
vn 0.6610 0.0265 -0.7499
vn 0.4297 0.1094 -0.8963
vn 0.4844 0.0717 -0.8719
vn 0.1639 -0.7796 -0.6044
vn 0.1837 -0.5453 -0.8179
vn 0.4822 -0.5330 -0.6953
vn 0.4179 -0.7903 -0.4481
vn 0.9781 -0.1847 -0.0955
vn 0.9527 -0.1504 -0.2639
vn 0.9542 -0.0574 -0.2937
vn 0.9916 -0.1235 0.0374
vn 0.8784 0.4029 0.2570
vn 0.9583 0.2599 0.1184
vn 0.9278 0.2788 0.2479
vn 0.9584 0.2674 0.0998
vn 0.9578 0.2593 0.1239
vn 0.9751 0.1607 0.1529
vn 0.9082 -0.0269 -0.4178
vn 0.9523 0.0428 -0.3022
vn 0.9881 0.0297 -0.1509
vn 0.9822 0.0415 -0.1832
vn 0.3468 0.4190 0.8391
vn 0.3509 0.5546 0.7545
vn 0.6610 0.5101 0.5503
vn 0.6146 0.4242 0.6650
vn 0.3736 0.6330 0.6781
vn 0.7079 0.5567 0.4348
vn 0.9533 0.0939 0.2872
vn 0.9742 0.1892 0.1229
vn 0.9631 0.2374 0.1272
vn 0.9794 0.1536 0.1311
vn 0.9698 0.2193 0.1065
vn 0.9386 0.2013 0.2801
vn 0.8936 0.4366 0.1041
vn 0.8806 0.2436 -0.4064
vn 0.9557 0.0754 -0.2845
vn 0.9963 0.0777 -0.0375
vn 0.9858 0.1601 -0.0508
vn 0.0190 0.0065 -0.9998
vn -0.2048 0.0396 -0.9780
vn -0.1845 -0.2365 -0.9540
vn 0.0159 -0.1833 -0.9829
vn 0.1601 0.4232 -0.8918
vn 0.3522 0.3651 -0.8618
vn 0.9904 -0.0355 -0.1333
vn 0.6466 0.1954 -0.7374
vn 0.5860 0.0381 -0.8094
vn 0.2215 -0.9751 0.0073
vn 0.2630 -0.9378 -0.2268
vn 0.8738 -0.0227 -0.4857
vn 0.2854 -0.2777 0.9173
vn -0.3776 -0.2577 0.8894
vn -0.4796 -0.4771 0.7365
vn 0.1454 -0.6212 0.7700
vn 0.3955 -0.9076 -0.1406
vn 0.3251 -0.8685 -0.3742
vn 0.9862 0.0397 -0.1607
vn 0.9749 -0.1118 -0.1924
vn 0.8694 -0.2304 0.4372
vn 0.8980 -0.0243 0.4392
vn 0.9848 -0.0627 -0.1622
vn 0.9245 -0.0805 0.3727
vn 0.7440 0.3948 0.5390
vn 0.6804 0.1661 0.7138
vn 0.4495 -0.3882 0.8045
vn 0.5311 -0.3702 0.7622
vn 0.8194 0.4618 0.3397
vn 0.8104 -0.2552 0.5274
vn 0.2857 -0.6538 -0.7006
vn 0.3809 -0.4821 -0.7890
vn 0.4396 -0.3346 -0.8335
vn 0.2324 -0.4953 -0.8370
vn 0.3701 0.3567 -0.8578
vn 0.8777 0.1000 -0.4687
vn 0.8767 0.1489 -0.4574
vn 0.9293 0.3591 -0.0867
vn 0.9476 0.3193 0.0094
vn 0.3430 -0.8182 0.4614
vn 0.5012 -0.7138 0.4891
vn -0.2911 0.5579 0.7772
vn -0.3339 0.5059 0.7954
vn -0.5320 0.3877 0.7528
vn -0.5241 0.4620 0.7155
vn 0.6133 -0.7335 0.2929
vn 0.4318 -0.4700 -0.7698
vn 0.5919 -0.3695 -0.7163
vn 0.6001 -0.5204 -0.6074
vn 0.4635 -0.5392 -0.7032
vn 0.6396 -0.6259 -0.4463
vn 0.7790 -0.4441 -0.4427
vn 0.9415 0.2100 -0.2638
vn 0.9554 0.2108 -0.2069
vn 0.8870 0.0464 -0.4595
vn 0.9717 0.2257 0.0692
vn 0.9673 0.0752 -0.2424
vn 0.9760 0.0259 -0.2161
vn 0.9947 0.0748 -0.0711
vn 0.9768 0.1463 -0.1565
vn 0.4235 -0.3801 -0.8223
vn 0.3584 -0.4210 -0.8332
vn 0.4379 -0.8202 -0.3681
vn 0.8119 -0.0740 -0.5790
vn 0.9616 0.0024 -0.2743
vn 0.5295 -0.3447 -0.7751
vn 0.7263 -0.3984 -0.5601
vn 0.5802 -0.3397 -0.7403
vn 0.7724 -0.3082 -0.5554
vn 0.8312 -0.1745 -0.5279
vn 0.6964 -0.2692 -0.6653
vn 0.0863 -0.7870 -0.6109
vn 0.3231 -0.6878 -0.6500
vn 0.4513 -0.7557 -0.4745
vn 0.1697 -0.8138 -0.5559
vn 0.4264 -0.6637 -0.6146
vn 0.8409 -0.4263 -0.3333
vn -0.0387 -0.4192 -0.9071
vn 0.1156 -0.3145 -0.9422
vn 0.1335 -0.4987 -0.8564
vn 0.4941 -0.1117 -0.8622
vn 0.8989 -0.0019 -0.4382
vn 0.9114 -0.0156 -0.4113
vn 0.5286 -0.0198 -0.8486
vn 0.5143 0.6495 0.5601
vn -0.0831 0.7114 0.6978
vn 0.1191 0.9389 0.3230
vn 0.5759 0.7552 0.3130
vn 0.9456 -0.0358 0.3234
vn 0.8897 -0.3600 0.2807
vn 0.7043 -0.1755 -0.6879
vn -0.2316 0.2746 0.9332
vn -0.2851 0.3800 0.8800
vn -0.3779 0.2020 0.9035
vn -0.4272 0.2804 0.8596
vn -0.4861 0.3323 0.8083
vn 0.1388 0.4691 0.8722
vn 0.0854 0.5679 0.8187
vn 0.1811 0.3341 0.9250
vn -0.1940 0.5927 0.7817
vn -0.3753 0.5831 0.7205
vn 0.9344 -0.0125 -0.3561
vn 0.5934 0.0838 -0.8005
vn 0.2264 0.1988 0.9535
vn 0.3145 0.0966 0.9443
vn 0.9460 0.0695 0.3166
vn 0.9024 0.1522 0.4030
vn 0.1605 0.2279 -0.9604
vn 0.9901 0.1055 0.0925
vn 0.9440 0.0269 -0.3289
vn 0.9849 0.1411 -0.1005
vn 0.9784 0.2018 -0.0451
vn 0.4208 -0.5248 -0.7400
vn 0.9602 -0.0618 -0.2723
vn 0.7824 -0.1445 -0.6058
vn 0.5654 -0.6601 -0.4946
vn 0.3490 0.2230 -0.9102
vn 0.0271 0.3973 -0.9173
vn 0.8293 0.2670 -0.4908
vn 0.8546 0.2461 -0.4573
vn 0.8991 -0.0013 -0.4377
vn 0.9232 -0.0168 -0.3840
vn -0.3534 0.1350 0.9257
vn -0.3226 0.0863 0.9426
vn 0.9585 0.0876 0.2712
vn 0.8544 0.1549 -0.4960
vn 0.6240 0.5687 -0.5360
vn 0.6501 0.6674 -0.3633
vn 0.7678 0.3309 -0.5486
vn 0.8600 0.1806 -0.4774
vn 0.1921 -0.6998 -0.6881
vn 0.6175 -0.6110 -0.4954
vn 0.8648 -0.1919 -0.4640
vn 0.7435 -0.1781 -0.6446
vn -0.3287 0.4436 0.8338
vn 0.9528 0.0627 -0.2969
vn 0.9905 -0.0010 -0.1373
vn 0.9245 -0.0464 -0.3784
vn -0.0008 -0.8975 -0.4410
vn 0.6143 -0.4980 -0.6120
vn 0.6151 -0.7210 -0.3192
vn -0.0975 -0.9952 0.0000
vn 0.9585 0.0177 -0.2845
vn 0.7836 0.1021 -0.6128
vn 0.7791 -0.0937 -0.6199
vn 0.5498 -0.3912 -0.7380
vn 0.7385 -0.4236 -0.5245
vn 0.6695 -0.1460 -0.7284
vn 0.4101 -0.3883 -0.8252
vn 0.9939 0.0552 -0.0954
vn 0.8000 -0.0266 -0.5994
vn 0.8126 -0.0732 -0.5782
vn -0.5023 -0.8510 -0.1534
vn 0.4151 -0.4966 -0.7623
vn 0.9277 0.1376 0.3471
vn 0.5579 -0.8109 -0.1766
vn 0.7900 0.6049 0.0997
vn 0.9513 0.2839 -0.1201
vn 0.0929 -0.7603 -0.6429
vn 0.0865 -0.8211 -0.5642
vn 0.4096 0.8167 0.4064
vn -0.0350 0.7863 0.6169
vn 0.0920 0.7847 0.6131
vn -0.0333 0.7169 0.6964
vn 0.8490 0.5282 -0.0149
vn 0.6688 0.7343 0.1165
vn 0.7614 0.6321 0.1440
vn -0.2066 0.1717 0.9632
vn -0.2403 0.0970 0.9658
vn 0.8713 0.2392 -0.4286
vn 0.7985 -0.0825 -0.5963
vn 0.7552 -0.1314 -0.6422
vn 0.8236 0.2621 -0.5030
vn 0.8738 0.3935 0.2857
vn 0.7663 0.6275 -0.1382
vn 0.8542 0.2217 -0.4704
vn 0.8495 0.3412 -0.4025
vn 0.6453 0.7559 -0.1103
vn -0.2946 -0.8555 0.4258
vn 0.7918 -0.5797 0.1923
vn 0.9017 0.4050 -0.1512
vn 0.8238 0.5443 -0.1582
vn 0.8812 -0.0027 -0.4728
vn 0.9255 0.2067 -0.3175
vn 0.9443 0.3147 -0.0964
vn 0.9321 0.3556 -0.0684
vn 0.9486 0.2855 -0.1365
vn 0.6738 0.7219 -0.1573
vn 0.3684 0.8930 0.2585
vn 0.8217 -0.0267 -0.5693
vn 0.9958 0.0118 0.0913
vn 0.9319 0.0980 -0.3493
vn 0.9829 0.0144 -0.1838
vn 0.9907 0.0511 -0.1265
vn 0.6971 0.6244 0.3525
vn 0.7619 0.5501 0.3418
vn 0.0112 0.6454 0.7637
vn 0.6184 0.7025 0.3522
vn 0.6519 0.0611 0.7558
vn 0.8080 0.0749 0.5844
vn 0.8785 -0.1433 0.4558
vn 0.6454 -0.1403 0.7508
vn -0.7594 -0.6176 0.2044
vn -0.7775 -0.5370 0.3273
vn -0.6199 -0.7513 0.2266
vn 0.9881 0.0737 -0.1352
vn 0.9796 0.0515 -0.1943
vn 0.3350 0.6298 -0.7008
vn 0.9957 -0.0505 0.0781
vn 0.9911 0.0031 -0.1329
vn -0.0129 -0.9011 0.4335
vn 0.7438 -0.6664 0.0520
vn 0.8618 0.2052 -0.4638
vn -0.5851 -0.6344 0.5052
vn -0.7490 -0.4668 0.4702
vn -0.1367 -0.4071 0.9031
vn -0.5027 -0.2683 0.8218
vn -0.3441 -0.0543 0.9374
vn 0.8834 -0.1498 -0.4440
vn 0.7775 -0.0626 -0.6257
vn 0.9974 0.0041 -0.0726
vn 0.6504 0.7046 0.2839
vn 0.9232 0.3787 -0.0651
vn -0.3268 -0.7645 0.5557
vn 0.2836 -0.5049 -0.8153
vn 0.3552 -0.5376 -0.7647
vn 0.3546 0.2546 0.8997
vn 0.3976 0.7910 -0.4651
vn 0.5552 0.8307 -0.0405
vn 0.6516 0.7581 -0.0258
vn 0.5526 0.7837 -0.2837
vn 0.9780 0.2064 0.0290
vn 0.9677 0.2381 0.0833
vn -0.4554 0.8856 0.0916
vn -0.5697 0.7877 0.2346
vn -0.5551 0.8258 0.1000
vn -0.4029 0.9152 -0.0100
vn -0.6524 -0.4058 0.6401
vn -0.2879 -0.6276 0.7233
vn 0.5175 0.6440 0.5634
vn 0.4657 0.6795 0.5669
vn 0.8987 0.3524 0.2612
vn 0.7555 0.6290 -0.1830
vn 0.9754 0.2172 0.0370
vn 0.9312 -0.3642 -0.0139
vn 0.9784 0.0226 -0.2054
vn 0.9714 0.1986 -0.1305
vn 0.9882 -0.0096 0.1530
vn 0.8903 0.4381 0.1244
vn 0.6135 0.5312 -0.5843
vn 0.7164 0.6629 -0.2173
vn 0.7956 0.4651 -0.3883
vn 0.8127 -0.4638 -0.3528
vn 0.4785 -0.4285 0.7665
vn 0.7223 -0.2782 -0.6332
vn 0.3183 -0.1252 -0.9397
vn 0.1919 -0.1310 -0.9726
vn 0.0877 -0.5094 -0.8561
vn 0.9002 0.4323 -0.0525
vn 0.8408 0.1065 -0.5307
vn 0.9258 0.0480 -0.3751
vn 0.7814 0.6191 -0.0775
vn 0.6819 0.2402 -0.6908
vn 0.4516 0.2295 -0.8622
vn 0.3633 0.5394 -0.7596
vn 0.3170 0.6075 -0.7283
vn 0.2654 0.4495 -0.8529
vn 0.3392 0.3326 -0.8800
vn 0.9441 0.1396 -0.2985
vn 0.8648 -0.0969 -0.4927
vn 0.6254 -0.1702 -0.7615
vn 0.7763 0.2435 -0.5814
vn 0.0616 -0.7462 -0.6628
vn 0.1863 -0.8523 -0.4887
vn 0.3146 -0.8875 -0.3368
vn 0.4767 -0.8724 -0.1080
vn 0.4311 0.4161 -0.8006
vn 0.5016 0.8196 -0.2768
vn 0.8258 0.5492 -0.1280
vn 0.5316 -0.8382 0.1215
vn 0.5864 -0.3051 0.7504
vn 0.5437 0.7874 -0.2906
vn 0.3514 0.8864 -0.3013
vn 0.3009 0.4699 -0.8299
vn 0.4744 0.4188 -0.7743
vn 0.5388 -0.7824 0.3123
vn 0.5623 -0.7104 0.4232
vn 0.4742 -0.3199 0.8203
vn 0.4459 -0.3756 0.8124
vn 0.9521 0.3034 -0.0389
vn 0.3817 -0.0651 0.9220
vn 0.3143 -0.1080 0.9432
vn 0.5289 0.7858 0.3205
vn 0.3803 0.0493 0.9236
vn 0.3308 0.0937 0.9390
vn 0.7206 -0.2202 -0.6575
vn 0.5229 -0.1049 -0.8459
vn 0.3713 -0.1616 0.9144
vn 0.4733 0.1321 0.8710
vn 0.2983 -0.1628 -0.9405
vn 0.5275 0.7511 0.3970
vn 0.7449 0.5395 0.3926
vn 0.5752 -0.0516 0.8164
vn 0.6134 -0.0111 0.7897
vn 0.7561 -0.4120 -0.5086
vn 0.6671 -0.6957 -0.2664
vn 0.6174 -0.7807 0.0964
vn 0.7970 -0.5814 -0.1637
vn 0.7005 -0.6949 0.1626
vn 0.8811 -0.2761 -0.3840
vn 0.4593 0.3192 0.8290
vn 0.5118 0.3301 0.7931
vn 0.6248 0.2898 0.7250
vn 0.5706 -0.6850 0.4530
vn 0.6886 0.3787 0.6184
vn 0.8582 0.4231 0.2907
vn 0.4405 -0.4677 0.7663
vn 0.6485 -0.2889 0.7042
vn 0.8157 0.0747 0.5736
vn 0.5119 -0.5519 0.6584
vn 0.6178 -0.6685 0.4140
vn 0.8939 0.3220 0.3119
vn 0.9126 0.3997 0.0861
vn 0.9511 0.2982 -0.0804
vn 0.9618 0.2645 -0.0699
vn 0.8778 -0.4675 0.1039
vn 0.8399 -0.4301 0.3311
vn 0.9967 -0.0312 -0.0743
vn 0.9911 -0.0040 0.1327
vn 0.9581 0.1899 -0.2142
vn 0.9587 0.2024 -0.1998
vn 0.9522 0.0943 -0.2904
vn 0.9623 -0.1452 -0.2300
vn 0.8897 -0.4433 -0.1095
vn 0.4143 0.6764 0.6090
vn -0.6351 -0.7713 0.0404
vn -0.3327 -0.9180 -0.2157
vn -0.2695 -0.9354 -0.2291
vn -0.6459 -0.7629 0.0285
vn 0.9468 0.1773 0.2687
vn 0.9855 0.1049 0.1333
vn 0.8587 0.4704 0.2031
vn 0.7992 0.5464 0.2506
vn 0.8900 0.4123 0.1946
vn 0.9584 0.2827 0.0404
vn 0.9235 0.3661 0.1141
vn 0.7309 0.1859 0.6567
vn 0.8609 0.1872 0.4731
vn 0.8481 0.2832 0.4478
vn 0.7466 0.0958 0.6584
vn 0.5963 0.0911 0.7975
vn 0.5752 0.1868 0.7964
vn 0.3088 -0.0282 0.9507
vn 0.1392 0.0795 0.9871
vn -0.0000 0.0935 0.9956
vn 0.0758 0.0778 0.9941
vn 0.0071 0.7746 -0.6324
vn -0.1871 0.9088 -0.3730
vn 0.0843 0.1161 -0.9897
vn 0.3498 0.1235 -0.9287
vn 0.0945 0.9098 -0.4042
vn 0.0474 0.9494 -0.3106
vn 0.9039 0.1340 -0.4061
vn 0.2105 0.9176 -0.3373
vn 0.1996 0.9393 -0.2791
vn 0.9958 0.0913 -0.0065
vn 0.0111 0.2727 0.9620
vn 0.9862 0.1486 -0.0732
vn 0.9002 0.3919 0.1897
vn 0.9658 0.2589 0.0169
vn 0.3587 -0.0273 0.9330
vn 0.5805 0.2673 -0.7691
vn 0.4949 -0.1394 -0.8577
vn 0.3169 -0.1135 -0.9417
vn 0.3958 0.3091 -0.8647
vn 0.9621 0.2444 0.1206
vn 0.9649 0.1828 0.1888
vn 0.9313 0.2268 0.2851
vn 0.9692 0.1748 0.1735
vn 0.9373 0.1681 0.3054
vn 0.9932 0.0140 -0.1158
vn 0.9839 0.0342 -0.1752
vn 0.9945 0.0510 -0.0914
vn 0.9903 -0.0127 -0.1384
vn 0.9835 0.1755 -0.0441
vn 0.9781 0.2074 0.0180
vn 0.9900 -0.0243 -0.1392
vn 0.9799 0.1962 -0.0365
vn 0.6402 0.7382 0.2127
vn 0.7160 0.5308 0.4535
vn 0.9829 0.0693 -0.1705
vn 0.9870 0.0484 -0.1533
vn 0.9630 -0.0844 -0.2560
vn 0.9500 -0.2395 -0.2006
vn 0.7146 -0.6289 0.3065
vn 0.5655 -0.6045 0.5611
vn 0.9842 -0.1285 0.1215
vn -0.3483 -0.9220 -0.1689
vn -0.5970 -0.8005 0.0530
vn 0.9814 0.0810 -0.1742
vn 0.9831 0.1032 -0.1511
vn 0.9539 0.2988 -0.0296
vn 0.9642 0.1697 -0.2037
vn 0.9841 0.1186 -0.1323
vn 0.9429 0.1144 -0.3128
vn 0.9711 0.0681 -0.2288
vn 0.9036 0.0745 -0.4219
vn 0.9338 0.2569 -0.2491
vn 0.8746 0.2921 -0.3871
vn 0.7950 0.5735 -0.1975
vn 0.7235 0.6220 -0.2993
vn 0.7997 0.3036 -0.5180
vn 0.8326 0.3233 -0.4497
vn 0.8381 0.0575 -0.5425
vn 0.7493 0.0851 -0.6567
vn 0.9169 0.3105 -0.2506
vn 0.6679 0.1253 -0.7336
vn 0.8861 0.3385 -0.3167
vn 0.3335 -0.5458 -0.7687
vn 0.4638 0.7497 -0.4720
vn 0.8020 0.5893 -0.0974
vn 0.9090 0.3749 -0.1821
vn 0.9433 0.2893 0.1629
vn 0.7559 0.5682 0.3253
vn 0.3620 0.8161 -0.4505
vn 0.1640 0.5983 -0.7843
vn 0.2991 0.6696 -0.6798
vn 0.3754 0.7399 -0.5582
vn 0.4097 0.8002 -0.4379
vn 0.3989 0.8081 -0.4334
vn 0.5263 0.4263 -0.7357
vn 0.5261 0.3057 -0.7936
vn 0.4856 0.8042 -0.3427
vn 0.5991 0.7535 -0.2710
vn 0.6356 0.7654 -0.1012
vn 0.7037 0.7081 -0.0589
vn 0.8511 0.5229 -0.0460
vn 0.9277 0.3052 -0.2150
vn 0.7340 0.3069 -0.6058
vn 0.6602 0.2984 -0.6892
vn 0.7156 0.5457 -0.4360
vn 0.6563 0.5090 -0.5569
vn 0.4139 0.7838 -0.4629
vn 0.5609 0.4897 -0.6675
vn 0.9982 0.0032 0.0591
vn 0.9909 0.0343 -0.1301
vn 0.9957 -0.0702 -0.0604
vn 0.1017 -0.2618 0.9598
vn 0.5342 -0.4017 -0.7438
vn 0.4541 -0.6397 -0.6202
vn 0.4654 -0.6567 -0.5934
vn 0.5235 -0.5270 -0.6695
vn -0.1070 -0.2358 0.9659
vn 0.5149 0.4169 0.7490
vn 0.1013 -0.3356 0.9365
vn -0.1369 -0.2930 0.9463
vn 0.6695 0.0785 -0.7387
vn -0.8918 -0.3141 0.3257
vn -0.9106 -0.0523 -0.4099
vn -0.6544 0.7308 0.1941
vn -0.8872 0.1226 0.4449
vn -0.1893 -0.6543 0.7321
vn -0.1755 -0.6799 0.7120
vn -0.1632 -0.6288 0.7603
vn -0.1963 -0.6008 0.7749
vn -0.3123 -0.0397 0.9492
vn 0.3052 0.0837 -0.9486
vn 0.8086 0.0143 -0.5882
vn 0.9925 0.0735 -0.0974
vn 0.9832 0.1029 -0.1506
vn 0.6324 -0.0654 -0.7719
vn 0.5180 0.2520 -0.8174
vn 0.1575 0.2521 -0.9548
vn 0.1918 0.2207 -0.9563
vn 0.6030 0.2698 0.7508
vn 0.2619 0.4432 0.8573
vn 0.0455 0.4787 0.8768
vn 0.1017 0.8930 -0.4384
vn -0.5249 0.6915 0.4962
vn -0.5505 0.4261 0.7179
vn -0.7478 0.2198 0.6264
vn -0.6831 0.6230 0.3812
vn -0.0551 0.9353 -0.3495
vn -0.1010 0.9390 -0.3287
vn -0.0827 0.9293 -0.3599
vn -0.1667 0.9790 -0.1173
vn 0.1790 -0.7054 -0.6858
vn 0.0885 -0.6794 -0.7285
vn -0.3890 -0.8933 0.2249
vn -0.2742 -0.9602 -0.0535
vn -0.0158 -0.6298 -0.7766
vn 0.0317 -0.6501 -0.7592
vn -0.1619 -0.9820 -0.0977
vn -0.2306 -0.9456 0.2294
vn -0.0732 -0.9742 0.2137
vn -0.0660 -0.9856 -0.1556
vn 0.5416 0.3165 -0.7788
vn 0.3978 0.3786 -0.8357
vn 0.2182 -0.9563 -0.1944
vn 0.0865 -0.7405 -0.6665
vn -0.1434 -0.7083 -0.6912
vn -0.2068 -0.6235 0.7539
vn -0.4189 -0.6165 0.6666
vn -0.0758 -0.8990 -0.4313
vn -0.0478 -0.8854 -0.4624
vn -0.1248 0.6146 0.7789
vn -0.1432 0.3838 0.9122
vn -0.5079 0.1377 0.8503
vn -0.0825 -0.9776 0.1936
vn -0.0819 -0.9251 0.3707
vn -0.2497 -0.9037 0.3478
vn -0.2201 -0.9621 0.1611
vn 0.7127 0.1339 -0.6886
vn 0.6423 -0.1993 -0.7401
vn -0.1420 0.3918 -0.9090
vn -0.0840 0.2556 -0.9631
vn 0.1824 0.6259 -0.7583
vn 0.0791 0.6970 -0.7127
vn 0.7773 -0.2813 -0.5627
vn 0.7106 -0.4494 -0.5413
vn 0.7007 -0.3104 -0.6424
vn 0.7707 -0.0617 -0.6342
vn -0.2970 -0.2961 0.9078
vn -0.0784 0.1636 0.9834
vn -0.0722 0.1896 0.9792
vn -0.2622 -0.3581 0.8961
vn 0.7479 -0.4638 -0.4748
vn 0.6922 -0.5642 -0.4501
vn 0.2961 -0.7144 -0.6340
vn 0.6479 0.2224 -0.7286
vn 0.4107 -0.7617 -0.5011
vn 0.3643 -0.7318 -0.5759
vn 0.7909 -0.0486 -0.6100
vn 0.7291 0.1030 -0.6766
vn -0.2071 -0.9459 -0.2497
vn -0.6482 -0.7614 0.0095
vn 0.2406 0.3837 -0.8916
vn 0.4006 0.3887 -0.8297
vn 0.2187 0.3709 -0.9026
vn 0.0107 -0.8846 -0.4662
vn -0.0190 -0.6366 -0.7710
vn 0.0422 -0.9812 -0.1883
vn 0.1647 -0.9691 -0.1837
vn 0.0977 -0.8835 -0.4581
vn 0.0077 -0.6740 -0.7387
vn 0.1058 -0.8953 -0.4328
vn -0.0306 -0.7087 -0.7049
vn 0.2074 -0.9679 -0.1419
vn 0.1301 -0.9837 -0.1240
vn -0.2153 -0.8760 -0.4316
vn -0.0169 -0.9159 -0.4010
vn -0.2942 0.0521 -0.9543
vn -0.2490 0.0367 -0.9678
vn -0.1522 0.1434 -0.9779
vn -0.1885 0.1303 -0.9734
vn -0.4247 -0.0572 -0.9035
vn -0.3401 -0.1119 -0.9337
vn 0.2310 -0.6129 -0.7557
vn 0.4236 -0.6413 -0.6398
vn 0.1010 -0.7054 -0.7016
vn -0.0352 -0.6166 -0.7865
vn -0.3944 -0.3702 -0.8411
vn -0.3573 -0.3773 -0.8544
vn -0.5087 -0.2089 -0.8352
vn -0.5051 -0.3000 -0.8092
vn 0.6638 0.7456 -0.0586
vn 0.8556 0.4547 -0.2474
vn 0.7626 0.5836 0.2789
vn 0.5447 0.7766 0.3165
vn -0.3838 -0.5771 -0.7208
vn -0.3793 -0.6469 -0.6615
vn 0.4774 -0.7620 -0.4375
vn 0.8096 -0.2082 -0.5488
vn 0.6907 -0.5641 -0.4524
vn 0.6598 -0.6278 -0.4129
vn 0.2472 0.6895 -0.6808
vn 0.2965 0.7658 -0.5706
vn 0.2061 0.8062 -0.5546
vn 0.1039 0.7322 -0.6731
vn 0.5488 0.3036 -0.7788
vn 0.4045 -0.2231 -0.8869
vn 0.2316 -0.2400 -0.9427
vn 0.2500 0.1943 -0.9485
vn 0.1595 -0.2550 -0.9537
vn 0.0220 0.1161 -0.9930
vn 0.0321 -0.4596 -0.8875
vn 0.0233 -0.5472 -0.8367
vn 0.0728 -0.4994 -0.8633
vn 0.1025 0.4236 -0.9000
vn 0.3986 0.6467 -0.6503
vn 0.0625 0.5028 -0.8621
vn 0.2929 0.7588 -0.5817
vn -0.1099 0.2192 -0.9695
vn 0.2313 0.8272 -0.5121
vn -0.0559 0.8829 -0.4663
vn -0.0314 0.8777 -0.4781
vn 0.0023 0.8766 -0.4811
vn 0.0526 0.8710 -0.4884
vn -0.0242 0.8831 -0.4686
vn -0.0239 0.8578 -0.5134
vn -0.0366 0.8640 -0.5021
vn -0.0727 0.8706 -0.4865
vn -0.0301 0.9068 -0.4205
vn -0.0157 0.9650 -0.2619
vn 0.7401 -0.4431 -0.5059
vn 0.7545 -0.3203 -0.5729
vn 0.1802 0.9136 -0.3645
vn -0.1712 0.9702 -0.1715
vn -0.3679 0.7640 -0.5301
vn -0.0060 0.7966 -0.6044
vn -0.1982 -0.9197 -0.3390
vn -0.7659 -0.6406 0.0551
vn -0.2856 0.2697 -0.9196
vn 0.4757 -0.1018 -0.8737
vn 0.2624 -0.2073 -0.9424
vn 0.2432 -0.8526 -0.4626
vn -0.6025 0.1834 -0.7768
vn 0.5186 -0.0389 -0.8541
vn 0.5926 -0.0431 -0.8044
vn 0.7251 0.5696 -0.3870
vn 0.1955 -0.6083 -0.7692
vn 0.3897 0.6326 -0.6692
vn 0.4186 0.6615 -0.6223
vn 0.0904 0.8949 -0.4371
vn 0.5304 -0.7425 -0.4092
vn -0.2324 0.9577 -0.1695
vn -0.2466 0.9571 -0.1521
vn -0.3569 0.9330 0.0450
vn -0.1969 0.9782 0.0655
vn 0.0167 0.9972 -0.0735
vn 0.0189 0.9157 -0.4014
vn -0.1047 0.8071 -0.5810
vn -0.1640 0.7426 -0.6494
vn -0.0467 0.7706 -0.6356
vn 0.0091 0.6260 -0.7798
vn 0.6034 0.3204 -0.7302
vn 0.6172 0.3309 -0.7139
vn 0.6911 -0.2317 -0.6847
vn 0.5835 -0.2511 -0.7723
vn 0.7962 -0.3319 -0.5059
vn -0.1243 -0.4962 -0.8593
vn 0.7936 -0.1571 -0.5878
vn 0.7519 0.0226 -0.6589
vn -0.4517 -0.0595 -0.8902
vn -0.3078 0.0478 -0.9502
vn 0.6820 0.1953 -0.7048
vn -0.1985 0.1045 -0.9745
vn -0.0882 0.1459 -0.9854
vn 0.5674 0.3261 -0.7561
vn 0.1493 0.8336 -0.5319
vn 0.0190 0.8239 -0.5665
vn -0.4324 -0.5545 0.7110
vn -0.6434 -0.1817 0.7437
vn -0.1292 0.2028 0.9707
vn 0.2512 0.3576 0.8994
vn 0.2729 0.3962 0.8767
vn -0.5951 -0.5107 0.6205
vn -0.4958 -0.4157 0.7625
vn -0.4101 -0.1353 0.9019
vn 0.0778 -0.3737 0.9243
vn -0.1492 0.8331 0.5326
vn 0.2362 0.8039 0.5459
vn 0.2603 0.6002 0.7563
vn -0.0017 -0.9257 -0.3782
vn -0.0481 -0.9258 -0.3748
vn 0.4392 0.7430 0.5050
vn 0.4640 0.5342 0.7067
vn -0.8839 -0.2579 0.3901
vn -0.8911 -0.3031 0.3377
vn -0.3757 -0.9144 0.1505
vn -0.2659 -0.9598 -0.0903
vn -0.1568 -0.9794 -0.1270
vn 0.5747 0.6897 0.4405
vn 0.5858 0.4649 0.6638
vn 0.2747 0.4450 0.8523
vn 0.5801 0.7948 0.1784
vn 0.6767 0.4607 0.5742
vn 0.6736 0.4109 0.6144
vn 0.6490 0.6864 0.3280
vn 0.7521 -0.2174 -0.6222
vn 0.4153 -0.6009 -0.6830
vn 0.8316 -0.4458 -0.3312
vn 0.9776 -0.1292 -0.1663
vn 0.3957 0.9161 -0.0650
vn 0.5176 0.7147 0.4705
vn 0.6003 0.5968 0.5325
vn 0.4677 0.8836 0.0247
vn 0.4580 0.3594 0.8130
vn 0.2555 0.4246 0.8686
vn 0.4388 0.8930 -0.1001
vn 0.2460 0.6390 -0.7289
vn 0.5339 0.8335 -0.1422
vn 0.3188 0.3704 -0.8725
vn 0.6648 0.5868 -0.4623
vn 0.4634 -0.1739 -0.8689
vn 0.0297 -0.6480 -0.7611
vn -0.0283 -0.5734 -0.8188
vn 0.0191 -0.6297 -0.7766
vn -0.1885 -0.7120 -0.6764
vn -0.1690 -0.7579 -0.6301
vn -0.3011 -0.7750 -0.5557
vn -0.2034 -0.5915 -0.7802
vn -0.0651 -0.1387 -0.9882
vn -0.2314 -0.2484 -0.9406
vn -0.1374 -0.1801 -0.9740
vn -0.4046 -0.2803 -0.8705
vn -0.2078 -0.7070 -0.6759
vn -0.1766 -0.4549 -0.8728
vn 0.9316 0.3272 -0.1584
vn 0.9407 0.1747 -0.2907
vn 0.8946 0.4467 -0.0044
vn 0.8309 0.4812 0.2794
vn 0.3026 0.9476 -0.1023
vn 0.0610 0.9079 -0.4146
vn -0.1249 0.7194 -0.6833
vn 0.1784 0.8832 -0.4337
vn -0.2202 0.6079 -0.7629
vn -0.1085 0.7015 -0.7044
vn 0.1066 0.9911 0.0796
vn 0.1650 0.9792 -0.1183
vn 0.3161 0.9341 0.1659
vn -0.1335 0.9612 0.2415
vn -0.1977 0.9435 0.2659
vn 0.1806 0.9406 0.2876
vn -0.4282 0.8759 0.2221
vn -0.6463 -0.1507 0.7480
vn -0.8791 -0.0752 0.4706
vn -0.7730 0.0282 0.6337
vn -0.8580 -0.3011 0.4162
vn 0.3391 -0.8558 0.3908
vn -0.7792 -0.5224 0.3463
vn -0.6876 -0.6671 0.2866
vn -0.8213 -0.1502 0.5503
vn -0.3936 -0.9193 -0.0023
vn -0.4162 -0.9089 0.0265
vn -0.5400 -0.8273 0.1548
vn -0.5455 -0.8202 0.1725
vn -0.2592 -0.9590 -0.1147
vn 0.4627 -0.8617 -0.2082
vn 0.2577 -0.9662 0.0115
vn 0.2378 -0.9668 -0.0938
vn 0.5814 -0.7995 -0.1511
vn -0.4279 -0.8430 0.3260
vn -0.1194 -0.9231 -0.3655
vn -0.1182 -0.9166 -0.3820
vn 0.3041 -0.9016 0.3078
vn 0.3832 -0.7617 0.5225
vn -0.2919 -0.6423 0.7087
vn -0.4910 -0.1759 0.8532
vn 0.6426 0.2517 0.7237
vn 0.5629 0.3043 0.7685
vn -0.6676 -0.6933 0.2714
vn 0.0944 -0.9025 0.4203
vn 0.2609 -0.8428 0.4708
vn 0.2430 -0.9315 0.2708
vn 0.0790 -0.9703 0.2288
vn 0.3480 -0.7889 0.5064
vn 0.3198 -0.8944 0.3127
vn -0.2902 -0.2940 0.9107
vn 0.3223 0.7888 -0.5234
vn 0.2925 0.8477 -0.4427
vn 0.2760 0.8994 -0.3389
vn 0.2831 0.8663 -0.4115
vn 0.6508 0.5208 0.5525
vn 0.6695 0.2601 0.6958
vn 0.6407 0.3786 0.6680
vn 0.2208 -0.9316 0.2887
vn 0.3032 -0.8926 0.3336
vn 0.0907 -0.5593 -0.8240
vn 0.0123 -0.9800 -0.1985
vn 0.1167 -0.9858 -0.1212
vn 0.1509 -0.9885 0.0112
vn 0.0342 -0.9985 -0.0436
vn 0.3743 -0.7438 -0.5538
vn 0.6541 -0.6624 -0.3652
vn 0.7326 0.4204 0.5353
vn 0.8027 0.5077 0.3129
vn 0.7030 0.3567 0.6153
vn 0.7355 0.4588 0.4986
vn 0.6568 0.3723 0.6557
vn 0.6646 0.4510 0.5958
vn 0.3768 -0.8953 -0.2375
vn 0.9876 0.0148 -0.1564
vn 0.8925 0.0729 -0.4452
vn 0.3384 -0.8661 0.3679
vn 0.2453 -0.9629 0.1124
vn 0.3194 -0.9223 0.2177
vn 0.1061 -0.9191 -0.3795
vn 0.2928 -0.2314 -0.9278
vn -0.2357 0.5306 -0.8142
vn 0.0726 0.8091 -0.5831
vn 0.2495 0.8952 -0.3693
vn 0.4701 0.8794 -0.0749
vn 0.4964 0.8423 0.2098
vn 0.3903 0.8597 0.3295
vn 0.2073 0.8961 0.3925
vn -0.1621 0.9170 0.3645
vn -0.4756 0.8207 0.3167
vn 0.2086 -0.9029 -0.3759
vn 0.5823 0.3769 0.7203
vn 0.6105 0.4460 0.6545
vn 0.4715 0.3532 0.8080
vn 0.5048 0.4239 0.7520
vn -0.0678 -0.9245 -0.3751
vn -0.6977 0.0955 0.7100
vn -0.0710 -0.9934 -0.0905
vn -0.0657 -0.9712 -0.2292
vn -0.1325 0.6446 -0.7529
vn 0.1319 0.8270 -0.5465
vn -0.6674 -0.6846 0.2931
vn 0.0799 0.3847 -0.9196
vn 0.0491 0.5468 -0.8358
vn 0.1269 0.7002 -0.7026
vn -0.0000 0.4018 -0.9157
vn 0.2233 0.8257 -0.5180
vn 0.2707 0.9056 -0.3266
vn 0.0000 0.7602 -0.6497
vn 0.1833 0.7589 -0.6249
vn 0.2566 0.7416 -0.6198
vn 0.2520 0.6399 -0.7260
vn -0.0565 0.9963 -0.0646
vn -0.2538 0.9638 -0.0821
vn 0.2418 0.8222 -0.5153
vn 0.2129 0.6911 -0.6907
vn -0.1168 -0.1084 0.9872
vn -0.0869 0.0645 0.9941
vn -0.0149 0.7267 0.6868
vn -0.0004 0.7691 0.6391
vn 0.1995 0.6435 -0.7390
vn 0.1695 0.6978 -0.6960
vn 0.1361 0.7238 -0.6765
vn 0.1907 0.6291 -0.7536
vn 0.1369 0.7517 -0.6451
vn 0.2244 0.6315 -0.7422
vn 0.0677 0.8547 -0.5147
vn 0.0256 0.8783 -0.4774
vn 0.1350 0.8083 -0.5731
vn 0.3405 0.6639 -0.6658
vn 0.3417 0.6704 -0.6587
vn 0.2398 0.6836 -0.6894
vn 0.2548 0.6649 -0.7021
vn 0.2118 0.7708 -0.6008
vn 0.3192 0.7457 -0.5848
vn 0.6349 -0.3130 -0.7063
vn 0.6389 -0.3682 -0.6754
vn 0.5774 -0.4046 -0.7092
vn 0.6169 -0.2744 -0.7376
vn 0.4869 -0.4649 -0.7394
vn 0.5548 -0.2694 -0.7872
vn 0.4194 -0.7134 -0.5614
vn 0.3155 -0.8050 -0.5023
vn 0.5353 -0.6260 -0.5670
vn 0.1837 0.7795 -0.5988
vn 0.2762 0.6576 -0.7009
vn 0.2545 0.8082 -0.5311
vn 0.3217 0.7136 -0.6224
vn 0.0688 0.8841 -0.4622
vn 0.1544 0.8959 -0.4165
vn 0.6052 -0.4654 -0.6459
vn 0.6275 -0.5232 -0.5766
vn 0.6523 -0.4133 -0.6354
vn 0.6239 -0.3731 -0.6867
vn 0.6014 -0.5861 -0.5429
vn 0.5884 -0.6859 -0.4283
vn -0.2338 -0.0182 -0.9721
vn 0.3629 0.3593 -0.8598
vn 0.1863 0.9356 -0.2999
vn 0.1414 0.9745 -0.1743
vn 0.0626 0.9923 -0.1065
vn 0.3691 0.6913 -0.6211
vn 0.3488 0.7774 -0.5233
vn 0.4447 0.6460 -0.6204
vn 0.4293 0.7192 -0.5463
vn 0.4110 0.4685 -0.7821
vn 0.3504 0.5738 -0.7403
vn 0.5548 -0.6242 -0.5501
vn 0.5572 -0.5464 -0.6253
vn 0.4360 -0.8449 -0.3099
vn 0.3223 -0.8766 -0.3574
vn 0.3911 -0.5078 -0.7676
vn 0.4682 -0.2924 -0.8339
vn 0.3073 -0.5368 -0.7858
vn 0.3761 -0.3107 -0.8729
vn 0.2517 -0.8395 -0.4815
vn 0.1832 -0.8188 -0.5441
vn 0.2479 -0.5519 -0.7962
vn 0.2997 -0.3105 -0.9021
vn 0.2016 -0.5576 -0.8053
vn 0.2455 -0.3001 -0.9218
vn 0.1346 -0.8199 -0.5565
vn 0.1097 -0.8246 -0.5550
vn 0.4502 -0.5853 -0.6743
vn 0.5056 -0.2539 -0.8246
vn 0.3775 -0.8814 -0.2840
vn 0.3671 -0.8589 -0.3571
vn 0.1135 -0.5516 -0.8264
vn 0.1333 -0.2794 -0.9509
vn 0.0000 -0.4984 -0.8670
vn 0.0423 -0.2641 -0.9636
vn 0.0723 -0.7950 -0.6023
vn 0.0000 -0.7507 -0.6606
vn 0.6005 -0.2183 -0.7693
vn 0.6066 -0.3692 -0.7041
vn 0.3143 0.8355 -0.4508
vn 0.2153 0.5109 -0.8322
vn 0.4168 0.6393 -0.6462
vn 0.4002 0.5607 -0.7249
vn 0.4310 0.6169 -0.6586
vn 0.4106 0.7158 -0.5648
vn 0.1628 0.2331 -0.9587
vn 0.3644 0.3399 -0.8670
vn 0.3668 0.6152 -0.6978
vn -0.1944 0.9622 0.1906
vn -0.4019 0.7684 0.4981
vn -0.4744 0.6611 0.5812
vn -0.2727 0.9233 0.2706
vn 0.1716 -0.9707 0.1683
vn -0.0804 -0.8952 0.4383
vn -0.2654 -0.8244 0.5000
vn 0.0363 -0.9928 0.1139
vn 0.2685 -0.0471 -0.9621
vn 0.1333 -0.0330 -0.9905
vn 0.0000 0.0029 -1.0000
vn 0.5335 -0.0319 -0.8452
vn 0.4095 -0.0744 -0.9093
vn 0.3290 -0.0554 -0.9427
vn 0.5696 -0.1509 -0.8080
vn 0.4988 -0.1086 -0.8599
vn 0.5988 -0.4440 -0.6665
vn 0.5995 -0.4214 -0.6805
vn 0.2218 0.9739 -0.0490
vn 0.1189 0.9660 0.2296
vn 0.0081 0.9778 0.2095
vn 0.1353 0.9796 -0.1486
vn 0.6066 -0.3493 -0.7142
vn 0.6210 -0.2715 -0.7353
vn 0.3281 0.5725 -0.7514
vn 0.2729 0.5697 -0.7752
vn 0.6128 -0.2013 -0.7642
vn 0.2854 0.6156 -0.7346
vn 0.2360 0.6088 -0.7574
vn 0.2286 0.5863 -0.7772
vn 0.0002 -0.2876 -0.9578
vn 0.0282 0.1879 -0.9818
vn 0.1469 -0.4992 -0.8539
vn 0.2629 -0.3818 -0.8861
vn 0.8519 0.3252 0.4105
vn 0.8031 0.4685 0.3681
vn 0.9231 0.1906 -0.3339
vn 0.6553 -0.2699 0.7055
vn 0.6624 0.0349 0.7483
vn 0.8001 -0.3770 0.4666
vn 0.7983 -0.0323 -0.6014
vn 0.8205 0.5707 -0.0334
vn 0.3451 -0.8351 -0.4284
vn 0.5706 -0.1784 -0.8016
vn 0.5059 -0.1634 -0.8470
vn 0.9653 0.1163 0.2337
vn 0.9449 0.0724 0.3194
vn 0.7996 0.4935 0.3422
vn 0.9961 0.0750 -0.0474
vn 0.8881 0.0719 0.4539
vn 0.9063 0.0201 -0.4221
vn 0.7382 0.2859 0.6110
vn 0.1913 -0.9811 -0.0303
vn 0.1905 -0.9816 -0.0139
vn 0.2286 -0.9700 0.0823
vn 0.8211 0.5329 -0.2045
vn 0.8452 0.5332 -0.0352
vn -0.5559 0.7734 0.3046
vn -0.7921 0.4676 0.3925
vn -0.8449 -0.5332 -0.0424
vn -0.8129 -0.4973 0.3031
vn -0.3380 0.8926 0.2982
vn -0.5044 0.5517 0.6642
vn -0.3273 0.9442 0.0377
vn -0.6245 -0.1125 0.7729
vn -0.3410 0.8778 0.3365
vn -0.5416 0.5394 0.6448
vn 0.8315 0.2599 0.4910
vn 0.9397 0.3348 -0.0702
vn 0.9843 0.1632 -0.0675
vn 0.9439 0.1466 -0.2958
vn 0.7285 0.2891 -0.6211
vn 0.8936 -0.0319 -0.4477
vn -0.3554 -0.8271 0.4355
vn 0.0081 -0.9962 0.0867
vn -0.3038 -0.8493 0.4317
vn 0.0082 -0.9746 0.2238
vn -0.5832 -0.4625 0.6678
vn -0.5825 -0.4677 0.6648
vn -0.4864 -0.5194 0.7026
vn 0.1698 0.9652 0.1988
vn 0.2511 0.9680 -0.0012
vn 0.0215 0.6505 0.7592
vn -0.0898 0.5310 0.8426
vn -0.0916 -0.9676 0.2351
vn -0.2031 -0.7880 0.5813
vn -0.2120 -0.8297 0.5164
vn -0.1386 -0.9776 0.1581
vn -0.1582 -0.8770 0.4537
vn -0.0819 -0.9902 0.1134
vn -0.2415 -0.5526 0.7977
vn -0.1945 -0.6010 0.7752
vn -0.2709 -0.5269 0.8056
vn -0.0399 0.9755 0.2161
vn 0.0774 0.9781 -0.1934
vn -0.0623 0.9689 0.2395
vn 0.0347 0.9810 -0.1910
vn -0.2106 0.4976 0.8414
vn -0.1990 0.4748 0.8573
vn -0.1880 0.5134 0.8373
vn -0.0805 -0.8984 0.4318
vn -0.0273 -0.9951 0.0952
vn -0.0002 -0.8818 0.4716
vn -0.0539 -0.9971 0.0541
vn -0.1199 -0.6365 0.7619
vn -0.0000 -0.6001 0.7999
vn -0.2532 -0.8403 0.4794
vn -0.0121 -0.9765 0.2154
vn -0.2165 -0.8318 0.5112
vn -0.0070 -0.9844 0.1759
vn -0.4910 -0.4936 0.7178
vn -0.3834 -0.5055 0.7730
vn -0.4742 0.4195 0.7740
vn -0.5118 0.2525 0.8211
vn -0.5714 0.1519 0.8065
vn 0.0002 0.9981 -0.0611
vn -0.0695 0.9963 0.0501
vn -0.5097 0.3803 0.7717
vn -0.3669 0.3324 0.8689
vn -0.3346 0.7304 0.5954
vn -0.5027 0.6597 0.5587
vn -0.1768 0.9831 0.0475
vn -0.3309 0.8633 0.3811
vn -0.4127 0.5227 0.7460
vn -0.5820 0.3236 0.7460
vn -0.1662 0.9793 0.1154
vn -0.1449 0.9831 0.1118
vn -0.1108 0.9504 0.2906
vn -0.0268 0.9880 -0.1518
vn -0.1866 0.9146 0.3586
vn -0.1124 0.9896 -0.0902
vn -0.2425 0.4663 0.8507
vn -0.3021 0.4897 0.8179
vn -0.2901 0.9564 0.0349
vn -0.4204 -0.6810 0.5996
vn 0.2843 -0.9551 -0.0839
vn 0.1852 -0.9714 -0.1489
vn -0.2500 0.9095 0.3322
vn -0.1630 0.9856 -0.0441
vn -0.3484 0.5286 0.7741
vn 0.2959 -0.9462 0.1306
vn 0.0300 -0.9654 0.2592
vn -0.4290 -0.8560 0.2883
vn -0.1936 -0.8337 0.5172
vn -0.0546 -0.9879 0.1450
vn -0.2047 -0.8153 0.5416
vn -0.0471 -0.9837 0.1737
vn -0.3224 -0.4988 0.8045
vn -0.3112 -0.5065 0.8041
vn -0.9427 0.3330 -0.0216
vn -0.9061 -0.3893 -0.1658
vn -0.9884 0.1392 -0.0610
vn -0.9956 0.0937 0.0012
vn -0.9955 0.0944 -0.0064
vn -0.9995 0.0060 -0.0308
vn -0.1943 -0.7925 0.5781
vn -0.0338 -0.9699 0.2412
vn -0.2924 -0.5237 0.8001
vn 0.2225 0.9212 -0.3194
vn 0.3388 0.9003 -0.2734
vn -0.0008 0.9757 -0.2192
vn -0.0566 0.9563 -0.2867
vn -0.1868 -0.0312 0.9819
vn -0.2307 -0.0494 0.9718
vn 0.0908 -0.9892 -0.1152
vn 0.0986 -0.9915 -0.0849
vn 0.0388 -0.9862 -0.1609
vn 0.2820 -0.9281 -0.2431
vn 0.1467 -0.9677 -0.2052
vn -0.7531 0.3699 0.5441
vn -0.0747 0.9560 -0.2838
vn -0.6598 -0.3498 0.6651
vn -0.5726 -0.2490 0.7811
vn -0.0151 0.9597 -0.2808
vn -0.6100 0.1180 0.7836
vn 0.0587 0.9498 -0.3074
vn 0.0000 0.5689 -0.8224
vn 0.1218 0.9365 -0.3289
vn -0.4290 0.1604 0.8889
vn -0.4469 0.0966 0.8893
vn 0.3569 -0.9299 -0.0883
vn 0.3473 -0.9147 -0.2068
vn 0.0032 -0.9776 -0.2103
vn 0.0248 -0.9598 -0.2797
vn 0.0000 -0.9382 -0.3462
vn 0.3381 0.8988 -0.2789
vn -0.0209 -0.9806 -0.1949
vn 0.2098 0.9075 -0.3639
vn 0.2367 -0.9687 -0.0742
vn -0.1755 -0.2530 0.9514
vn -0.1114 -0.2709 0.9562
vn -0.0001 -0.2046 0.9788
vn -0.0626 0.0776 0.9950
vn 0.0000 0.1044 0.9945
vn -0.1319 0.0852 0.9876
vn -0.6662 -0.1715 0.7258
vn -0.5664 -0.1494 0.8105
vn -0.4542 -0.1484 0.8784
vn -0.5874 0.0857 0.8048
vn -0.4616 0.0874 0.8828
vn -0.7008 0.0220 0.7130
vn -0.3312 0.1460 0.9322
vn -0.3585 0.0822 0.9299
vn -0.4512 0.2344 0.8611
vn -0.3997 0.1944 0.8958
vn -0.3840 0.1847 0.9047
vn -0.7136 0.4385 0.5464
vn -0.5069 0.3443 0.7903
vn -0.5679 0.5340 0.6264
vn -0.7336 0.5311 0.4239
vn -0.2390 0.0663 0.9688
vn -0.2722 -0.0854 0.9584
vn -0.2689 0.1342 0.9538
vn -0.2945 0.9176 0.2668
vn 0.0011 0.8780 0.4786
vn -0.1525 0.9569 0.2470
vn -0.6458 0.2909 0.7059
vn -0.8680 0.3996 0.2948
vn -0.9202 0.3545 0.1662
vn -0.9710 0.2132 -0.1081
vn -0.7396 -0.0906 0.6669
vn -0.5975 -0.0779 0.7981
vn -0.7698 0.0753 0.6338
vn -0.6273 0.0642 0.7761
vn -0.6367 0.0393 0.7701
vn -0.1329 -0.1029 0.9858
vn -0.1777 -0.3426 0.9225
vn -0.2549 -0.1929 0.9475
vn -0.7968 -0.5179 0.3111
vn -0.9486 -0.1503 0.2785
vn -0.9814 -0.1671 -0.0943
vn -0.3845 -0.1505 0.9108
vn -0.3452 -0.1649 0.9239
vn -0.3894 0.0995 0.9157
vn -0.3431 0.1261 0.9308
vn -0.3254 -0.1865 0.9270
vn -0.2963 -0.2087 0.9320
vn -0.3110 0.1615 0.9366
vn -0.2715 0.1227 0.9546
vn -0.2418 0.0248 0.9700
vn -0.3133 -0.1804 0.9324
vn -0.3451 0.0212 0.9383
vn -0.6537 -0.2002 0.7298
vn -0.6891 -0.0315 0.7240
vn -0.2349 -0.2282 0.9449
vn -0.2090 0.1038 0.9724
vn -0.0015 -0.2157 0.9765
vn -0.2182 -0.1711 0.9608
vn -0.2738 -0.1061 0.9559
vn -0.6752 0.0060 0.7376
vn -0.6787 -0.0825 0.7297
vn -0.7048 0.1162 0.6998
vn -0.5737 -0.1792 0.7992
vn -0.6008 0.1056 0.7924
vn -0.3219 0.1281 0.9381
vn -0.1810 0.0870 0.9796
vn -0.1723 0.2891 0.9416
vn -0.2412 0.3098 0.9197
vn -0.7624 -0.2187 0.6090
vn -0.5599 -0.5782 0.5934
vn -0.2447 0.3477 0.9051
vn -0.0938 0.2568 0.9619
vn -0.1996 -0.4498 0.8705
vn -0.0683 -0.4439 0.8935
vn -0.0414 0.0654 0.9970
vn -0.3047 -0.4385 0.8455
vn -0.4639 0.2132 0.8599
vn -0.4006 0.2446 0.8830
vn -0.4656 0.0959 0.8798
vn 0.0002 -0.3658 0.9307
vn -0.0179 0.0322 0.9993
vn -0.3889 -0.3206 0.8637
vn -0.4237 0.0872 0.9016
vn -0.3475 0.2789 0.8952
vn -0.7146 0.6130 0.3370
vn -0.5815 0.6691 0.4627
vn -0.5428 0.8033 0.2451
vn -0.7119 0.6736 0.1986
vn -0.0000 0.9567 -0.2910
vn -0.9347 0.3370 0.1133
vn -0.9412 0.3130 0.1270
vn -0.9947 0.0651 0.0793
vn 0.0021 -0.0528 0.9986
vn -0.8332 0.1264 0.5383
vn -0.4489 0.8508 0.2731
vn -0.9707 0.0971 0.2199
vn -0.9667 0.2303 0.1114
vn -0.9509 0.0463 0.3060
vn -0.9922 -0.0957 0.0793
vn -0.8041 -0.4892 0.3378
vn -0.9944 0.0981 0.0381
vn -0.9844 0.0597 0.1658
vn -0.9875 0.1494 0.0508
vn -0.2491 0.9678 -0.0367
vn -0.3525 0.9356 -0.0187
vn -0.1260 -0.8769 0.4639
vn -0.1061 -0.9801 0.1679
vn -0.2093 -0.9485 0.2379
vn -0.1617 -0.8228 0.5449
vn -0.1140 -0.9885 0.0998
vn -0.1678 -0.9833 0.0707
vn -0.2305 -0.9483 0.2183
vn -0.2213 -0.9714 0.0866
vn -0.3663 -0.7148 0.5958
vn 0.0002 0.9829 -0.1841
vn -0.1429 0.9865 -0.0801
vn -0.2427 0.9633 -0.1146
vn -0.9621 -0.2337 0.1403
vn -0.9701 -0.2349 0.0603
vn -0.4466 -0.8939 0.0395
vn -0.6322 -0.7215 0.2823
vn -0.8991 -0.3726 -0.2299
vn -0.4294 -0.9001 -0.0737
vn -0.2303 -0.7134 0.6619
vn -0.1733 -0.7292 0.6619
vn 0.0035 -0.7266 0.6870
vn -0.2829 -0.5930 0.7539
vn -0.4677 0.8835 0.0260
vn -0.3497 0.9295 -0.1169
vn -0.6998 0.7076 -0.0976
vn -0.7199 0.6931 0.0357
vn -0.3438 0.9307 -0.1250
vn -0.9425 0.3050 0.1363
vn -0.9407 0.3324 0.0673
vn -0.9850 0.1067 0.1359
vn -0.3922 0.1192 0.9121
vn -0.9741 0.2202 -0.0511
vn -0.9917 0.0212 0.1269
vn -0.9871 0.1548 -0.0398
vn -0.9905 -0.1360 -0.0216
vn -0.9364 0.3449 -0.0649
vn -0.1552 -0.9856 -0.0666
vn -0.0379 -0.9989 -0.0279
vn -0.0706 -0.9960 -0.0544
vn -0.0332 -0.9994 0.0128
vn -0.1195 -0.9918 0.0448
vn -0.9688 0.2295 -0.0937
vn -0.7073 0.1078 0.6987
vn -0.9124 -0.0973 -0.3975
vn -0.4377 -0.1821 -0.8805
vn 0.3513 -0.9362 -0.0120
vn 0.2500 -0.1504 -0.9565
vn 0.7888 0.1611 -0.5932
vn 0.2978 -0.3085 -0.9034
vn 0.3081 -0.2225 -0.9250
vn 0.4255 0.1876 -0.8853
vn 0.2353 0.1270 -0.9636
vn 0.2433 0.7577 0.6055
vn 0.0138 0.8483 -0.5293
vn -0.0000 -0.9099 0.4147
vn 0.0027 -0.0652 0.9979
vn 0.1158 -0.4636 -0.8784
vn 0.1133 0.2214 -0.9686
vn -0.0357 0.6273 -0.7780
vn -0.0000 -0.4638 -0.8860
vn -0.0000 -0.4354 -0.9002
vn -0.0000 0.6830 -0.7305
vn 0.0004 -0.5876 -0.8091
vn 0.6520 0.2730 0.7073
vn 0.6622 0.4011 0.6329
vn 0.8119 0.4983 0.3042
vn 0.7716 0.4944 0.4002
vn 0.8439 0.4910 0.2165
vn -0.5434 -0.8139 0.2057
vn 0.0698 -0.9684 0.2396
vn 0.5302 0.4474 0.7203
vn 0.9795 0.1516 -0.1326
vn 0.8931 0.4457 -0.0605
vn -0.1516 -0.9675 -0.2025
vn -0.5669 -0.7692 0.2950
vn 0.9664 -0.2557 0.0273
vn 0.9939 -0.0095 0.1101
vn 0.8246 0.5254 0.2099
vn 0.7522 0.4580 0.4738
vn 0.6694 0.4233 0.6104
vn 0.6235 0.4273 0.6548
vn 0.8648 -0.4977 -0.0658
vn 0.9981 0.0525 0.0334
vn -0.7134 0.1371 0.6872
vn 0.7937 0.6081 -0.0129
vn 0.9764 0.2098 0.0508
vn 0.9881 0.1276 0.0858
vn 0.6707 0.6613 0.3359
vn 0.9346 0.0226 -0.3551
vn 0.9114 0.2599 -0.3190
vn 0.8761 0.4209 -0.2351
vn 0.8270 0.2661 -0.4952
vn 0.5215 0.6352 -0.5697
vn 0.2435 0.1865 -0.9518
vn 0.5175 -0.3511 -0.7803
vn 0.9863 0.0339 -0.1617
vn 0.9935 0.0859 -0.0753
vn 0.9792 -0.0233 -0.2016
vn 0.9513 -0.0287 -0.3069
vn 0.5099 0.8065 -0.2994
vn 0.7072 0.2973 -0.6414
vn 0.7205 -0.0643 -0.6905
vn 0.8561 0.2041 -0.4748
vn 0.8825 -0.0328 -0.4691
vn -0.1471 0.5178 0.8428
vn 0.4035 0.2939 0.8665
vn -0.2589 0.9584 -0.1200
vn -0.2237 0.9558 -0.1910
vn -0.4507 0.8776 -0.1636
vn -0.4200 0.8989 -0.1250
vn 0.0153 -0.9984 -0.0538
vn -0.0928 -0.9912 -0.0940
vn -0.8045 -0.5705 -0.1655
vn -0.7227 -0.6808 -0.1193
vn 0.0005 -0.9927 -0.1203
vn 0.0404 -0.9908 -0.1294
vn -0.0646 -0.9941 -0.0870
vn -0.9866 0.0389 -0.1582
vn -0.9971 -0.0443 -0.0622
vn -0.9097 0.3936 -0.1323
vn -0.1545 0.9848 -0.0789
vn -0.9466 0.3150 -0.0688
vn -0.4551 0.8884 -0.0598
vn -0.6874 0.7079 -0.1625
vn -0.7765 -0.5661 -0.2766
vn -0.9769 -0.1221 -0.1753
vn -0.5238 0.8225 -0.2217
vn -0.3990 0.7134 -0.5761
vn -0.9242 0.1953 -0.3283
vn -0.8937 0.3523 -0.2779
vn -0.1737 0.9282 -0.3289
vn -0.1315 0.7326 -0.6678
vn -0.9785 -0.2016 -0.0433
vn -0.9480 -0.2795 -0.1522
vn -0.4103 -0.8928 0.1859
vn -0.6639 -0.7467 -0.0401
vn 0.3046 -0.9411 0.1465
vn -0.0959 -0.9938 0.0567
vn 0.0327 -0.9879 0.1517
vn 0.0401 -0.9758 -0.2149
vn -0.1420 0.9724 -0.1851
vn -0.9460 -0.2085 -0.2482
vn -0.8283 -0.5455 0.1279
vn 0.3136 -0.7911 0.5251
vn -0.1299 0.5741 -0.8084
vn -0.4094 0.5157 -0.7526
vn 0.0707 -0.7968 0.6001
vn 0.0002 0.8789 -0.4769
vn -0.0901 0.7233 -0.6846
vn -0.5374 -0.8292 -0.1535
vn -0.8569 0.1577 -0.4908
vn -0.2990 0.9475 -0.1131
vn 0.0759 0.5532 -0.8296
vn -0.0025 -1.0000 -0.0037
vn -0.4123 0.7136 -0.5664
vn -0.5270 0.8094 -0.2591
vn -0.2953 0.9521 0.0793
vn -0.3598 0.7255 -0.5867
vn 0.2634 -0.4613 -0.8472
vn 0.4555 -0.2370 -0.8581
vn 0.3134 -0.3317 -0.8898
vn 0.1030 -0.5674 -0.8170
vn -0.1376 -0.2230 -0.9650
vn -0.0598 -0.3053 -0.9504
vn -0.7171 0.2617 -0.6459
vn -0.8604 0.1670 -0.4815
vn -0.6902 0.5769 -0.4369
vn -0.5356 0.6019 -0.5924
vn -0.1034 0.3929 -0.9137
vn -0.1387 0.6027 -0.7858
vn -0.2843 0.7200 -0.6331
vn -0.2008 0.5207 -0.8298
vn -0.5908 -0.0146 -0.8067
vn -0.6599 0.0303 -0.7507
vn -0.5814 0.2113 -0.7857
vn -0.5032 0.2830 -0.8165
vn -0.6046 -0.3300 -0.7249
vn -0.7228 -0.2471 -0.6454
vn -0.8213 0.2699 -0.5027
vn -0.7884 0.2918 -0.5416
vn -0.7622 0.2575 -0.5939
vn -0.7876 0.2333 -0.5703
vn -0.3682 -0.2654 0.8911
vn -0.3672 -0.3578 0.8586
vn -0.6341 -0.3601 0.6843
vn -0.6300 -0.2515 0.7348
vn -0.3544 0.2394 0.9039
vn -0.5377 0.1878 0.8219
vn -0.5460 0.2876 0.7868
vn -0.3918 0.3289 0.8592
vn -0.1179 0.4094 0.9047
vn -0.0869 0.3778 0.9218
vn -0.1348 0.2430 0.9606
vn -0.1322 0.3345 0.9331
vn -0.8445 -0.1351 -0.5182
vn -0.9254 -0.0941 -0.3672
vn -0.9030 -0.1792 -0.3904
vn -0.8061 -0.1948 -0.5588
vn -0.8741 0.0693 -0.4808
vn -0.8737 0.2171 -0.4354
vn -0.6055 -0.4392 -0.6637
vn -0.4386 -0.4472 -0.7795
vn -0.4926 -0.3033 -0.8157
vn -0.6383 -0.3318 -0.6946
vn -0.8576 0.2208 -0.4644
vn -0.8322 0.0711 -0.5500
vn -0.8074 0.1313 -0.5752
vn -0.8223 0.2662 -0.5029
vn -0.9507 -0.0893 -0.2968
vn -0.9109 -0.0435 -0.4104
vn -0.9515 -0.0034 -0.3076
vn -0.9633 -0.0997 -0.2493
vn -0.6573 0.0449 -0.7523
vn -0.6008 0.0386 -0.7985
vn -0.5785 -0.0336 -0.8150
vn -0.6272 -0.0243 -0.7785
vn -0.6934 0.1129 -0.7116
vn -0.6251 0.0998 -0.7741
vn -0.5011 0.0684 -0.8627
vn -0.5339 0.0337 -0.8449
vn -0.5932 0.0852 -0.8005
vn -0.5904 0.0774 -0.8034
vn -0.4039 -0.0688 -0.9122
vn -0.4252 -0.0284 -0.9046
vn -0.4301 -0.0913 -0.8982
vn -0.3796 -0.1144 -0.9180
vn -0.6357 -0.3982 -0.6613
vn -0.6635 -0.4159 -0.6219
vn -0.6727 -0.4837 -0.5598
vn -0.6164 -0.4831 -0.6218
vn -0.0922 -0.4785 -0.8732
vn 0.0121 -0.3315 -0.9434
vn -0.1549 -0.3948 -0.9056
vn -0.2763 -0.5094 -0.8150
vn -0.7996 -0.4524 -0.3950
vn -0.7957 -0.4037 -0.4515
vn -0.8405 -0.3540 -0.4103
vn -0.8621 -0.3562 -0.3603
vn -0.7914 -0.3423 -0.5064
vn -0.8361 -0.3223 -0.4439
vn -0.7411 -0.3695 -0.5605
vn -0.8541 -0.2737 -0.4422
vn -0.9055 -0.1606 -0.3928
vn -0.2883 0.9217 -0.2597
vn -0.4348 0.8324 -0.3436
vn -0.4845 0.8050 -0.3425
vn -0.2626 0.9239 -0.2782
vn -0.5352 0.0875 -0.8402
vn -0.2979 -0.0441 -0.9536
vn -0.2352 0.2509 -0.9390
vn -0.3172 0.3357 -0.8870
vn -0.3425 -0.4580 -0.8203
vn -0.3188 -0.4071 -0.8560
vn -0.3587 -0.3743 -0.8551
vn -0.3792 -0.4566 -0.8048
vn -0.5376 0.2396 -0.8084
vn -0.6776 0.2269 -0.6996
vn -0.6384 0.2797 -0.7170
vn -0.5005 0.2402 -0.8318
vn -0.5521 -0.0789 -0.8300
vn -0.6015 -0.0469 -0.7975
vn -0.6456 -0.1274 -0.7530
vn -0.5631 -0.2059 -0.8003
vn -0.6057 -0.0483 -0.7942
vn -0.6822 -0.1299 -0.7196
vn -0.4646 -0.0443 -0.8844
vn -0.4890 0.1518 -0.8590
vn -0.4864 0.2895 -0.8244
vn -0.5691 0.1782 -0.8027
vn -0.6476 0.0361 -0.7611
vn -0.2399 0.3176 -0.9174
vn -0.4334 0.3560 -0.8279
vn -0.2738 0.6347 -0.7226
vn -0.1246 0.5713 -0.8113
vn -0.6845 0.2297 -0.6918
vn -0.8529 -0.3168 -0.4149
vn -0.9375 -0.1543 -0.3120
vn -0.8149 -0.1231 -0.5663
vn -0.9726 -0.1018 -0.2088
vn -0.9451 -0.2349 -0.2270
vn -0.9503 -0.1689 -0.2616
vn -0.9670 -0.1380 -0.2143
vn -0.4353 -0.6581 -0.6143
vn -0.6550 -0.5192 -0.5490
vn -0.6206 -0.3874 -0.6818
vn -0.4010 -0.5065 -0.7633
vn -0.7191 -0.1989 -0.6659
vn -0.6724 -0.2124 -0.7090
vn -0.5692 -0.1523 -0.8079
vn -0.5728 -0.0789 -0.8159
vn -0.6065 -0.0982 -0.7890
vn -0.6111 -0.1999 -0.7659
vn -0.9877 0.0921 0.1260
vn -0.9928 0.0983 0.0678
vn -0.9935 0.1119 -0.0223
vn -0.9885 0.1409 0.0544
vn -0.9608 0.1175 0.2512
vn -0.9695 0.1189 0.2144
vn -0.9946 0.1013 0.0230
vn -0.9897 0.1136 -0.0870
vn -0.1449 0.1913 0.9708
vn -0.0442 0.2484 0.9676
vn -0.0001 0.1051 0.9945
vn -0.1082 0.0688 0.9918
vn -0.4945 -0.0959 -0.8639
vn -0.5267 -0.0612 -0.8479
vn -0.6985 -0.3196 -0.6403
vn -0.7004 -0.2588 -0.6651
vn -0.7987 -0.2159 -0.5617
vn -0.7929 -0.2732 -0.5447
vn -0.6517 -0.3250 -0.6853
vn -0.6533 -0.2494 -0.7149
vn -0.0052 0.5656 -0.8247
vn -0.0538 0.6983 -0.7138
vn -0.2350 0.8048 -0.5451
vn -0.5426 0.4439 -0.7131
vn -0.3613 0.6874 -0.6301
vn -0.7329 0.1186 -0.6699
vn -0.7847 0.1757 -0.5945
vn -0.7347 0.1719 -0.6563
vn -0.7450 -0.3927 -0.5392
vn -0.3594 -0.2361 -0.9028
vn -0.5340 -0.2175 -0.8170
vn -0.3222 -0.2565 -0.9113
vn -0.6131 0.2311 -0.7554
vn -0.6490 0.1506 -0.7458
vn -0.6743 0.0835 -0.7337
vn -0.6475 0.1546 -0.7463
vn -0.8567 0.2498 -0.4513
vn -0.8225 0.2736 -0.4986
vn -0.8838 0.2412 -0.4009
vn -0.9270 0.2104 -0.3106
vn -0.7768 -0.3305 -0.5360
vn -0.7461 0.0866 -0.6602
vn -0.7451 0.0944 -0.6602
vn -0.6887 0.1152 -0.7158
vn -0.6918 0.1556 -0.7052
vn -0.1584 -0.2555 -0.9538
vn 0.1631 -0.0415 -0.9857
vn 0.1615 0.0558 -0.9853
vn -0.6212 -0.2959 -0.7257
vn -0.6425 -0.2674 -0.7181
vn -0.8165 -0.1952 -0.5434
vn -0.7887 -0.2499 -0.5618
vn -0.7421 0.1557 -0.6520
vn -0.7320 0.0713 -0.6776
vn -0.6626 0.0850 -0.7442
vn -0.6617 0.1346 -0.7376
vn -0.7037 -0.0171 -0.7102
vn -0.7019 0.0239 -0.7119
vn -0.6856 0.0362 -0.7271
vn -0.6306 -0.0809 -0.7719
vn -0.6181 -0.1619 -0.7693
vn -0.6799 -0.0758 -0.7293
vn -0.6729 -0.0136 -0.7396
vn -0.6816 -0.0809 -0.7273
vn -0.7015 -0.0392 -0.7116
vn -0.7680 -0.0990 -0.6328
vn -0.7580 -0.1597 -0.6323
vn -0.6230 -0.0056 -0.7822
vn -0.7110 -0.0488 -0.7015
vn -0.7215 -0.1064 -0.6842
vn -0.6659 -0.0579 -0.7438
vn -0.5466 0.3370 -0.7666
vn -0.4386 0.3985 -0.8055
vn -0.3747 0.4751 -0.7962
vn -0.4659 0.4599 -0.7560
vn -0.8760 0.2922 -0.3837
vn -0.8605 0.3562 -0.3642
vn -0.8349 0.3358 -0.4361
vn -0.8484 0.2890 -0.4435
vn -0.7473 -0.0486 -0.6627
vn -0.7413 -0.0978 -0.6640
vn -0.8325 0.2154 -0.5104
vn -0.8295 0.1456 -0.5392
vn -0.8854 0.1706 -0.4324
vn -0.9258 0.1443 -0.3493
vn -0.8769 -0.0061 -0.4806
vn -0.9154 -0.0095 -0.4024
vn -0.9243 0.0209 -0.3812
vn -0.8397 0.0105 -0.5429
vn -0.9298 0.2272 -0.2895
vn -0.9398 0.2787 -0.1977
vn -0.9272 0.3608 -0.1005
vn -0.9025 0.1266 -0.4117
vn -0.6065 0.4331 -0.6668
vn -0.6782 0.2538 -0.6897
vn -0.9600 0.0287 -0.2784
vn -0.5078 0.5716 -0.6445
vn -0.3204 0.7401 -0.5913
vn -0.0852 0.8652 -0.4941
vn -0.2860 0.7776 -0.5599
vn -0.9319 0.0775 -0.3543
vn -0.9640 0.0895 -0.2503
vn -0.9327 0.1794 -0.3129
vn -0.6660 0.1518 -0.7303
vn -0.6199 0.2320 -0.7496
vn -0.5863 0.3401 -0.7353
vn -0.6714 0.2278 -0.7052
vn 0.1320 0.2446 -0.9606
vn 0.1463 -0.4208 -0.8953
vn 0.1363 -0.5037 -0.8530
vn 0.1610 -0.1618 -0.9736
vn -0.1629 0.6288 -0.7603
vn -0.1644 0.3963 -0.9033
vn -0.0748 0.3553 -0.9318
vn -0.0710 0.6638 -0.7445
vn -0.0938 -0.0191 -0.9954
vn -0.3150 0.1382 -0.9390
vn -0.2430 0.4366 -0.8662
vn -0.3118 0.4627 -0.8298
vn -0.3663 0.2517 -0.8958
vn -0.3192 0.5462 -0.7745
vn -0.2310 0.5885 -0.7748
vn -0.2142 0.0386 -0.9760
vn -0.7107 0.0929 -0.6973
vn -0.7154 0.0345 -0.6978
vn -0.6945 0.0297 -0.7189
vn -0.7208 -0.0464 -0.6916
vn -0.6876 0.1579 -0.7087
vn -0.6922 0.1182 -0.7120
vn -0.5442 0.3055 -0.7813
vn -0.6997 0.0419 -0.7132
vn -0.5267 -0.1228 -0.8412
vn -0.4926 -0.1740 -0.8527
vn -0.5480 -0.1269 -0.8268
vn -0.5780 -0.0673 -0.8132
vn -0.3959 0.5655 -0.7235
vn -0.3883 0.4983 -0.7752
vn -0.3833 0.4632 -0.7990
vn -0.3063 0.6495 -0.6960
vn -0.5486 -0.0453 -0.8349
vn -0.5950 -0.0049 -0.8037
vn -0.5977 -0.0704 -0.7986
vn -0.6164 -0.0172 -0.7872
vn -0.4196 -0.2122 -0.8825
vn -0.4022 -0.2134 -0.8903
vn -0.4405 -0.2031 -0.8745
vn -0.4673 -0.1734 -0.8669
vn -0.6254 0.0284 -0.7798
vn -0.6759 0.0819 -0.7324
vn -0.6681 0.0452 -0.7427
vn -0.6691 0.0967 -0.7368
vn -0.6208 -0.2446 -0.7448
vn -0.7059 -0.1672 -0.6883
vn -0.6564 0.0637 -0.7518
vn -0.6501 0.0276 -0.7594
vn -0.6882 0.1273 -0.7143
vn -0.6401 -0.0116 -0.7682
vn -0.0201 0.5348 -0.8448
vn -0.4706 -0.2404 -0.8490
vn -0.5190 -0.2095 -0.8287
vn -0.5735 -0.1538 -0.8047
vn -0.4075 -0.2393 -0.8813
vn -0.4331 -0.2482 -0.8665
vn -0.6077 0.0756 -0.7905
vn -0.5021 0.3423 -0.7942
vn -0.5199 0.3491 -0.7796
vn -0.5771 0.2839 -0.7657
vn -0.5626 0.3041 -0.7688
vn -0.8726 0.3951 -0.2871
vn -0.9102 0.2964 -0.2892
vn -0.9300 0.3138 -0.1914
vn -0.8796 0.4417 -0.1769
vn -0.6111 0.2297 -0.7575
vn -0.5666 0.3179 -0.7602
vn -0.4491 0.3553 -0.8198
vn -0.4674 0.4032 -0.7868
vn -0.4648 0.2367 -0.8532
vn -0.5131 0.2442 -0.8228
vn -0.5214 0.4007 -0.7534
vn -0.2288 -0.2453 -0.9421
vn -0.2524 -0.2339 -0.9389
vn -0.0454 -0.1767 -0.9832
vn -0.0730 -0.2283 -0.9708
vn -0.3224 0.0440 -0.9456
vn -0.0574 0.1028 -0.9930
vn 0.1540 -0.3046 -0.9400
vn -0.6866 0.0831 -0.7223
vn -0.7465 0.0065 -0.6654
vn -0.6377 0.1556 -0.7544
vn -0.5824 0.2409 -0.7764
vn -0.6418 0.2029 -0.7395
vn -0.6319 0.2364 -0.7381
vn -0.6043 0.2370 -0.7607
vn -0.6961 0.1814 -0.6946
vn -0.7232 0.1339 -0.6775
vn -0.7041 0.1138 -0.7009
vn -0.5646 0.3038 -0.7674
vn -0.6345 0.2496 -0.7315
vn -0.4009 0.3320 -0.8538
vn -0.3940 0.4490 -0.8020
vn -0.4353 0.4818 -0.7605
vn -0.2883 -0.1920 -0.9381
vn -0.2958 -0.2555 -0.9204
vn -0.1819 -0.2753 -0.9440
vn -0.1592 -0.1727 -0.9720
vn -0.3761 -0.1911 -0.9067
vn -0.8443 0.4183 -0.3349
vn -0.8365 0.3643 -0.4094
vn -0.1654 0.9760 -0.1420
vn -0.1126 0.9933 -0.0251
vn -0.0003 0.9997 -0.0261
vn -0.0203 0.9930 -0.1160
vn -0.3373 0.8568 -0.3900
vn -0.2500 0.9376 -0.2419
vn -0.0600 0.9777 -0.2013
vn -0.0972 0.9187 -0.3828
vn -0.9735 -0.0226 -0.2276
vn -0.9487 -0.0416 -0.3135
vn -0.9666 -0.1018 -0.2351
vn -0.6661 0.2152 -0.7141
vn -0.6349 0.2333 -0.7365
vn -0.6567 0.1745 -0.7337
vn -0.7135 0.2026 -0.6707
vn -0.7370 0.0990 -0.6686
vn -0.7495 0.1982 -0.6317
vn -0.7193 0.1911 -0.6679
vn -0.7446 0.1594 -0.6482
vn -0.7626 0.1788 -0.6217
vn -0.7210 0.1736 -0.6708
vn -0.7377 0.2113 -0.6412
vn -0.6144 0.2963 -0.7312
vn -0.5799 0.3048 -0.7555
vn -0.6549 0.2502 -0.7131
vn -0.6929 0.2529 -0.6752
vn -0.4522 -0.2571 -0.8540
vn -0.5478 -0.0494 -0.8352
vn -0.8323 0.4748 -0.2861
vn -0.8452 0.3945 -0.3606
vn -0.8058 0.5483 -0.2237
vn -0.8359 0.4556 -0.3061
vn -0.7577 0.6337 -0.1560
vn -0.8067 0.5328 -0.2558
vn -0.6892 0.7190 -0.0897
vn -0.7562 0.6183 -0.2141
vn -0.4666 0.8843 -0.0164
vn -0.5389 0.8228 -0.1805
vn -0.6712 0.7166 -0.1898
vn -0.5968 0.8015 -0.0380
vn -0.8189 0.2623 -0.5104
vn -0.7974 0.2698 -0.5398
vn -0.7900 0.3037 -0.5326
vn -0.8143 0.3008 -0.4965
vn -0.7731 0.2762 -0.5709
vn -0.7824 0.2901 -0.5512
vn -0.8714 0.3151 -0.3760
vn -0.8580 0.3872 -0.3377
vn -0.8324 -0.1988 -0.5173
vn -0.8068 -0.2274 -0.5453
vn -0.6984 0.7049 -0.1238
vn -0.7263 0.6562 -0.2049
vn -0.8137 0.5199 -0.2598
vn -0.8039 0.5756 -0.1495
vn -0.8310 0.4776 -0.2852
vn -0.8719 0.3720 -0.3184
vn -0.7080 0.2441 -0.6626
vn -0.7675 0.2389 -0.5949
vn -0.7688 0.2331 -0.5955
vn -0.6738 -0.0827 -0.7343
vn -0.6986 -0.1777 -0.6931
vn -0.6618 -0.2512 -0.7064
vn -0.6413 -0.1284 -0.7565
vn -0.8948 0.2958 -0.3344
vn -0.9143 0.2261 -0.3361
vn -0.9446 0.1959 -0.2634
vn -0.9682 0.1792 -0.1744
vn -0.9660 0.1390 -0.2181
vn -0.9424 -0.0506 -0.3307
vn -0.9451 -0.0661 -0.3200
vn -0.8905 -0.1373 -0.4337
vn -0.9136 -0.1542 -0.3763
vn -0.9849 0.0979 -0.1429
vn 0.8707 -0.2089 0.4452
vn 0.8346 -0.4173 0.3596
vn 0.7524 -0.5823 0.3081
vn 0.7508 -0.5226 0.4039
vn -0.3143 0.2470 -0.9167
vn -0.6091 0.2808 -0.7418
vn -0.5907 0.5922 -0.5480
vn -0.3036 0.6225 -0.7213
vn -0.7507 -0.0549 -0.6584
vn -0.7343 -0.1183 -0.6684
vn -0.6155 -0.0938 -0.7825
vn -0.6221 0.0589 -0.7807
vn -0.9568 -0.0913 -0.2760
vn -0.9585 -0.0467 -0.2813
vn -0.9756 -0.0685 -0.2085
vn -0.9653 -0.1067 -0.2383
vn -0.6117 0.1670 -0.7733
vn -0.5946 0.1178 -0.7953
vn -0.6661 0.0644 -0.7431
vn -0.6784 0.1174 -0.7253
vn -0.7286 0.0473 -0.6833
vn -0.7142 -0.0169 -0.6997
vn -0.6691 -0.0237 -0.7428
vn -0.6735 0.0272 -0.7387
vn -0.7679 -0.0021 -0.6405
vn -0.7307 0.0341 -0.6818
vn -0.7779 -0.0554 -0.6259
vn -0.8222 -0.0768 -0.5640
vn -0.7981 -0.0109 -0.6024
vn -0.7325 -0.0434 -0.6794
vn -0.2974 0.4965 -0.8155
vn -0.3453 0.5367 -0.7699
vn -0.0645 0.8634 -0.5004
vn 0.0113 0.8250 -0.5650
vn -0.8793 -0.3095 -0.3620
vn -0.6414 0.3753 -0.6691
vn -0.5253 0.4880 -0.6971
vn -0.4078 0.6688 -0.6216
vn -0.5164 0.6189 -0.5919
vn -0.1021 0.8625 -0.4957
vn -0.2635 0.7336 -0.6264
vn -0.2458 0.8810 -0.4042
vn 0.0113 0.9442 -0.3290
vn -0.7005 0.0016 -0.7136
vn -0.6820 0.0402 -0.7302
vn -0.6464 -0.0203 -0.7627
vn -0.6332 -0.0139 -0.7739
vn 0.0593 0.9024 -0.4268
vn -0.0547 0.9100 -0.4109
vn -0.3005 0.3094 -0.9022
vn -0.6827 -0.2240 -0.6955
vn -0.3574 0.4410 -0.8233
vn -0.4886 0.4950 -0.7185
vn -0.6623 0.1497 -0.7341
vn -0.5038 0.1521 -0.8503
vn -0.3967 0.1640 -0.9032
vn -0.3921 0.2577 -0.8831
vn -0.5140 0.2179 -0.8296
vn -0.2375 0.9685 0.0743
vn -0.1566 0.9865 0.0479
vn -0.0382 0.9950 0.0920
vn -0.0803 0.9934 0.0825
vn 0.0320 0.7822 -0.6223
vn 0.0346 0.7349 -0.6772
vn -0.6627 0.3756 -0.6479
vn -0.5428 0.5621 -0.6240
vn 0.0394 0.7325 -0.6796
vn -0.3821 0.7973 -0.4672
vn -0.2386 0.9046 -0.3532
vn -0.0891 0.8348 -0.5433
vn -0.1281 0.8953 -0.4266
vn -0.2396 0.9326 -0.2698
vn -0.2903 0.6991 -0.6534
vn -0.4073 0.6065 -0.6828
vn -0.6265 0.3183 -0.7115
vn -0.1240 0.8809 -0.4567
vn -0.2503 0.0458 -0.9671
vn -0.1741 -0.0411 -0.9839
vn -0.0957 0.0291 -0.9950
vn -0.1876 0.1046 -0.9767
vn 0.0358 0.7801 -0.6246
vn -0.0021 0.8412 -0.5407
vn -0.3402 0.8013 -0.4921
vn -0.2860 0.8507 -0.4410
vn -0.2693 0.8820 -0.3866
vn -0.2879 0.1490 -0.9460
vn -0.1344 0.2144 -0.9675
vn -0.2620 0.2581 -0.9299
vn -0.7495 -0.2171 -0.6255
vn -0.8318 -0.2703 -0.4849
vn -0.0209 0.1399 -0.9900
vn -0.5762 0.0801 -0.8134
vn -0.6687 0.1507 -0.7281
vn -0.7490 -0.5252 -0.4039
vn -0.8835 -0.3158 -0.3460
vn -0.6677 -0.5502 -0.5015
vn -0.9365 0.0725 -0.3432
vn -0.5872 -0.5578 -0.5865
vn -0.3971 -0.5944 -0.6993
vn -0.2319 -0.6136 -0.7548
vn -0.0490 -0.6115 -0.7897
vn 0.1038 -0.4461 -0.8890
vn -0.0402 -0.2978 -0.9538
vn -0.0116 -0.1679 -0.9857
vn -0.4077 -0.5174 -0.7524
vn -0.2986 -0.4535 -0.8398
vn 0.0259 -0.1901 -0.9814
vn -0.0977 -0.2617 -0.9602
vn -0.5155 -0.6267 -0.5844
vn -0.3960 -0.6678 -0.6303
vn -0.2282 -0.3506 -0.9083
vn -0.7009 -0.2063 -0.6828
vn -0.5355 -0.5873 -0.6068
vn -0.5643 0.7091 -0.4228
vn -0.2402 0.8810 -0.4076
vn -0.2970 0.5367 -0.7898
vn -0.6473 0.2900 -0.7049
vn -0.6334 0.5305 -0.5634
vn -0.8711 0.3018 -0.3874
vn -0.8676 0.1340 -0.4789
vn -0.7978 0.4747 -0.3717
vn -0.9475 -0.0415 -0.3171
vn -0.3782 0.4071 -0.8314
vn -0.4447 0.3697 -0.8158
vn -0.3210 0.5895 -0.7412
vn -0.3577 0.6615 -0.6592
vn -0.6876 0.0613 -0.7235
vn -0.6457 0.0330 -0.7628
vn -0.6910 0.0347 -0.7220
vn -0.7394 0.0528 -0.6712
vn -0.3042 0.4457 -0.8419
vn -0.3407 0.6651 -0.6645
vn -0.5907 0.7877 -0.1749
vn -0.3009 0.8544 -0.4237
vn -0.2456 -0.5315 -0.8107
vn -0.5524 -0.5035 -0.6644
vn -0.5265 -0.5123 -0.6784
vn -0.2295 -0.5523 -0.8014
vn -0.7401 0.2589 -0.6206
vn -0.7888 -0.0858 -0.6087
vn -0.7517 -0.1291 -0.6468
vn -0.7263 0.2291 -0.6481
vn -0.7871 -0.3491 -0.5085
vn -0.7044 -0.3951 -0.5896
vn -0.7221 -0.3166 -0.6151
vn -0.7665 -0.0535 -0.6400
vn -0.7312 0.2720 -0.6256
vn -0.1698 -0.1171 -0.9785
vn -0.3139 -0.1688 -0.9343
vn -0.2631 -0.0326 -0.9642
vn -0.4118 -0.1320 -0.9017
vn -0.3574 -0.1587 -0.9204
vn -0.2077 -0.0831 -0.9746
vn -0.3247 -0.2498 -0.9122
vn -0.2266 -0.3070 -0.9243
vn -0.4192 0.2859 -0.8617
vn -0.5552 0.1057 -0.8250
vn -0.4805 -0.0470 -0.8757
vn -0.3343 0.0918 -0.9380
vn -0.5532 -0.3549 -0.7537
vn -0.2559 -0.4106 -0.8752
vn -0.1415 0.9339 -0.3284
vn -0.2105 0.9556 -0.2061
vn -0.5798 0.7677 -0.2731
vn -0.4728 0.7310 -0.4920
vn -0.7263 0.2937 -0.6215
vn -0.7577 -0.0254 -0.6522
vn -0.5936 -0.0565 -0.8028
vn -0.7664 -0.3046 -0.5655
vn -0.2261 0.5895 -0.7755
vn -0.0349 0.7949 -0.6057
vn -0.2809 0.8284 -0.4847
vn -0.4477 0.6117 -0.6522
vn -0.0111 0.9124 -0.4091
vn -0.2297 0.9168 -0.3267
vn -0.4500 0.8642 -0.2251
vn -0.4740 0.7835 -0.4018
vn -0.5522 0.3466 -0.7582
vn 0.0978 0.9134 0.3951
vn 0.1710 0.9534 0.2485
vn 0.4652 0.7758 0.4262
vn 0.4430 0.7170 0.5382
vn 0.2140 0.9568 0.1967
vn 0.4362 0.8009 0.4103
vn 0.4862 0.7415 0.4624
vn 0.5242 0.7487 0.4059
vn 0.1282 0.6343 0.7624
vn 0.0991 0.7578 0.6449
vn -0.5037 0.6733 0.5412
vn -0.4700 0.4725 0.7456
vn -0.0661 0.7835 0.6179
vn 0.8207 0.0512 -0.5691
vn 0.8009 0.3082 -0.5134
vn 0.8656 0.4884 -0.1110
vn 0.9081 0.3098 -0.2818
vn -0.4650 0.5016 0.7295
vn -0.0779 0.9090 -0.4094
vn 0.0556 0.5657 -0.8227
vn 0.0148 0.4193 -0.9077
vn 0.0923 0.1584 -0.9830
vn -0.4445 -0.5766 -0.6856
vn -0.6270 -0.5428 -0.5588
vn -0.6538 -0.5576 -0.5115
vn -0.4509 -0.6212 -0.6409
vn -0.0878 0.7141 -0.6945
vn -0.2310 0.5179 -0.8237
vn -0.1390 0.2517 -0.9578
vn -0.0743 0.0689 -0.9949
vn -0.2304 0.9705 -0.0703
vn -0.2633 0.9507 -0.1639
vn -0.5931 0.8019 0.0717
vn -0.5875 0.8090 0.0191
vn 0.3137 0.9345 0.1683
vn 0.4825 0.7823 0.3939
vn -0.9720 -0.2007 -0.1222
vn -0.9862 -0.1176 -0.1167
vn -0.9530 -0.2227 -0.2052
vn -0.9168 -0.3223 -0.2356
vn -0.9997 0.0242 0.0094
vn -0.9948 -0.1010 -0.0121
vn -0.9764 -0.0749 -0.2025
vn -0.9209 0.3374 0.1950
vn -0.9411 0.1210 0.3156
vn -0.9991 0.0114 -0.0404
vn -0.9019 -0.2542 -0.3493
vn -0.1441 -0.4922 -0.8585
vn -0.3012 -0.5550 -0.7754
vn -0.2693 -0.6306 -0.7279
vn -0.0717 -0.5836 -0.8089
vn -0.5418 -0.5040 -0.6727
vn -0.3276 -0.5271 -0.7841
vn 0.5468 0.7013 0.4574
vn 0.5014 0.7269 0.4693
vn 0.5772 0.7249 0.3760
vn -0.2971 -0.1206 -0.9472
vn 0.7172 0.5317 -0.4504
vn 0.6817 0.2169 -0.6988
vn 0.4291 -0.1225 -0.8949
vn 0.5460 -0.2370 -0.8036
vn 0.5506 0.0492 -0.8333
vn 0.4911 0.7402 0.4592
vn -0.7837 -0.4319 -0.4463
vn -0.8140 -0.4511 -0.3659
vn -0.8768 -0.3331 -0.3467
vn 0.6047 0.7964 0.0086
vn 0.6636 0.7124 -0.2283
vn 0.8684 0.4957 0.0139
vn 0.7212 0.6363 0.2738
vn 0.7916 0.5816 0.1873
vn -0.7421 -0.4239 -0.5192
vn -0.8131 0.0688 -0.5780
vn -0.7285 0.3576 -0.5842
vn -0.8232 -0.1655 -0.5431
vn -0.5031 0.0164 -0.8641
vn -0.5213 -0.0018 -0.8534
vn -0.6663 -0.2999 -0.6827
vn -0.6968 -0.2289 -0.6797
vn -0.6430 -0.2029 -0.7385
vn -0.6821 -0.1406 -0.7176
vn -0.3483 0.8667 -0.3571
vn -0.2381 0.9059 -0.3502
vn 0.0315 0.9916 -0.1255
vn -0.0970 0.9891 -0.1111
vn -0.6448 -0.0323 -0.7637
vn -0.6287 -0.1454 -0.7639
vn -0.5802 0.0388 -0.8136
vn -0.7349 -0.2643 -0.6246
vn -0.5021 0.4700 -0.7259
vn -0.6212 0.1976 -0.7583
vn -0.6581 0.2637 -0.7053
vn -0.5304 0.5353 -0.6574
vn 0.1844 -0.2447 -0.9519
vn -0.8383 -0.2614 -0.4785
vn -0.7005 -0.3633 -0.6142
vn -0.4972 -0.3179 -0.8073
vn -0.5752 -0.2657 -0.7737
vn -0.6102 -0.3459 -0.7127
vn -0.5576 -0.4265 -0.7121
vn -0.4786 -0.4697 -0.7418
vn -0.5706 -0.5198 -0.6358
vn -0.6112 -0.0441 -0.7903
vn -0.6626 0.0864 -0.7439
vn -0.6721 -0.3337 -0.6610
vn -0.5295 -0.3732 -0.7618
vn -0.0890 0.9352 -0.3427
vn -0.0537 0.9450 -0.3226
vn 0.2493 0.9092 -0.3334
vn 0.2278 0.9411 -0.2499
vn 0.3175 0.8160 -0.4830
vn -0.6138 0.4139 -0.6723
vn -0.7802 -0.1350 -0.6108
vn -0.8451 0.1409 -0.5157
vn -0.8829 0.2034 0.4233
vn 0.6531 0.6555 0.3792
vn -0.5873 0.7047 0.3982
vn -0.8075 0.4449 0.3874
vn -0.9259 0.3717 0.0671
vn -0.5528 0.0244 -0.8329
vn -0.4210 -0.3043 -0.8545
vn -0.3208 -0.1817 -0.9295
vn -0.9121 0.2929 -0.2869
vn -0.6428 -0.1781 -0.7451
vn -0.8227 -0.1338 -0.5525
vn -0.8045 0.2940 -0.5161
vn -0.6191 0.3177 -0.7181
vn -0.5524 0.7770 -0.3018
vn -0.3427 0.9394 0.0113
vn -0.4240 0.8802 0.2133
vn -0.6139 0.7589 -0.2174
vn -0.4425 0.8234 -0.3553
vn -0.1975 0.9772 -0.0775
vn 0.6470 0.7148 0.2655
vn 0.5712 0.7063 0.4181
vn 0.4477 0.7699 0.4547
vn 0.4657 0.7460 0.4761
vn 0.4171 0.7838 0.4601
vn 0.3956 0.8057 0.4409
vn 0.3303 0.5909 -0.7360
vn 0.1338 0.2881 -0.9482
vn 0.6946 0.7191 -0.0177
vn 0.4616 0.7811 0.4204
vn 0.4915 0.7911 0.3641
vn 0.5372 0.8419 0.0518
vn 0.5406 0.7945 0.2768
vn 0.5265 0.7459 0.4080
vn -0.0873 -0.4619 -0.8826
vn -0.4271 -0.2220 -0.8765
vn -0.1492 -0.1541 -0.9767
vn 0.4254 0.8016 0.4201
vn 0.4782 0.7668 0.4282
vn -0.9284 0.3656 -0.0660
vn -0.9846 0.1280 -0.1189
vn -0.4185 0.2794 -0.8642
vn -0.1889 0.2319 -0.9542
vn -0.9802 -0.0359 -0.1946
vn -0.7001 0.7138 0.0200
vn -0.9025 0.4220 -0.0856
vn -0.9667 0.1765 -0.1850
vn -0.2474 0.9357 0.2516
vn -0.7108 0.6999 0.0700
vn -0.9296 -0.1186 -0.3489
vn 0.2544 0.9052 0.3403
vn -0.9212 0.2314 -0.3127
vn 0.3262 0.8772 0.3522
vn -0.0072 0.9704 0.2413
vn -0.5741 0.6210 -0.5337
vn -0.5164 0.6850 -0.5139
vn 0.6548 0.6445 -0.3948
vn 0.4839 0.4447 -0.7537
vn 0.3324 0.7521 -0.5691
vn 0.4798 0.8422 -0.2460
vn 0.2196 -0.2484 -0.9434
vn 0.2169 -0.4589 -0.8616
vn -0.6050 0.1688 -0.7782
vn -0.5305 0.3538 -0.7703
vn -0.3742 0.6399 -0.6711
vn -0.2048 0.8333 -0.5135
vn -0.2896 -0.1493 -0.9454
vn -0.3535 -0.0320 -0.9349
vn -0.3624 0.3189 -0.8758
vn -0.3647 0.1599 -0.9173
vn -0.0220 0.8158 -0.5779
vn -0.1175 0.9816 0.1503
vn -0.1633 0.9840 -0.0710
vn -0.6805 0.5591 -0.4736
vn -0.6555 0.5587 -0.5080
vn -0.6073 0.5764 -0.5468
vn 0.0954 -0.4112 -0.9065
vn 0.1117 -0.3074 -0.9450
vn -0.0794 -0.3677 -0.9265
vn -0.3644 -0.2100 -0.9073
vn -0.3743 -0.2377 -0.8963
vn -0.0306 -0.0120 -0.9995
vn 0.1236 0.0341 -0.9917
vn -0.0065 -0.0755 -0.9971
vn 0.1301 -0.0513 -0.9902
vn 0.1237 -0.1675 -0.9781
vn -0.0730 -0.2012 -0.9768
vn 0.0475 -0.4460 -0.8938
vn -0.1498 -0.2993 -0.9423
vn -0.2732 -0.0363 -0.9613
vn 0.1421 0.9884 0.0542
vn 0.0100 0.9778 0.2093
vn 0.1970 0.9171 0.3465
vn 0.2780 0.9202 0.2758
vn -0.6555 -0.0636 -0.7525
vn -0.6512 0.1311 -0.7475
vn -0.6226 0.2334 -0.7469
vn -0.6377 0.0111 -0.7702
vn -0.5733 0.3160 -0.7560
vn -0.8751 0.2479 -0.4157
vn -0.8859 0.2227 -0.4070
vn -0.6340 0.0504 -0.7716
vn -0.6463 -0.2722 -0.7129
vn -0.7236 -0.2230 -0.6532
vn -0.3266 0.4469 -0.8328
vn -0.4290 0.1162 -0.8958
vn -0.4552 0.1429 -0.8789
vn -0.3305 0.4372 -0.8364
vn -0.4930 -0.0929 -0.8651
vn -0.5071 0.1498 -0.8488
vn -0.3799 0.4193 -0.8245
vn -0.5563 0.1557 -0.8162
vn -0.4338 0.4119 -0.8013
vn -0.5888 0.1681 -0.7906
vn -0.4725 0.4278 -0.7706
vn -0.9559 -0.1036 -0.2747
vn -0.9623 -0.1238 -0.2420
vn -0.7052 -0.1547 -0.6919
vn -0.6698 -0.2784 -0.6884
vn -0.6980 -0.0737 -0.7123
vn -0.6675 -0.2347 -0.7067
vn -0.3618 0.9171 -0.1676
vn -0.2929 0.9560 -0.0187
vn -0.4079 0.1905 -0.8929
vn -0.3692 0.4441 -0.8164
vn -0.2851 0.5101 -0.8115
vn -0.3306 0.2376 -0.9134
vn -0.2250 0.5756 -0.7862
vn -0.2726 0.2758 -0.9217
vn -0.1067 0.6295 -0.7696
vn -0.1332 0.3048 -0.9430
vn 0.0126 -0.1869 -0.9823
vn 0.1210 0.9093 -0.3983
vn 0.3080 0.9459 -0.1023
vn -0.0938 0.9697 -0.2255
vn 0.3999 0.9035 0.1541
vn -0.2758 0.9609 -0.0259
vn -0.6060 0.7295 -0.3170
vn -0.4033 0.7566 -0.5148
vn -0.7660 0.6266 -0.1438
vn -0.4601 0.8848 0.0742
vn 0.3581 0.8424 0.4027
vn 0.3131 0.8564 0.4105
vn 0.3054 0.8788 0.3666
vn 0.1246 0.9413 0.3137
vn -0.5165 -0.5622 -0.6459
vn -0.4511 0.7516 -0.4813
vn -0.1345 0.9248 -0.3559
vn -0.7245 0.4574 -0.5156
vn -0.7013 0.6053 -0.3765
vn -0.3955 0.8325 -0.3880
vn 0.5065 0.7213 0.4724
vn 0.4663 0.7644 0.4452
vn 0.1579 0.9733 -0.1666
vn 0.4578 0.8787 0.1352
vn -0.8611 0.1832 -0.4743
vn -0.9112 -0.0214 -0.4113
vn -0.9605 0.1250 -0.2486
vn -0.8870 0.3355 -0.3172
vn -0.4026 0.0562 -0.9137
vn -0.3474 0.4158 -0.8405
vn -0.3990 -0.2016 -0.8945
vn -0.4477 -0.1483 -0.8818
vn -0.6054 0.1555 -0.7806
vn -0.4998 0.1755 -0.8482
vn -0.5781 0.2424 -0.7791
vn -0.5724 0.0259 -0.8196
vn -0.5859 0.0225 -0.8100
vn 0.1963 0.1348 -0.9712
vn 0.0788 0.5336 -0.8420
vn -0.4091 0.3652 -0.8362
vn -0.1432 0.0190 -0.9895
vn 0.1094 -0.3500 -0.9304
vn -0.5259 -0.1339 -0.8399
vn -0.5207 -0.1699 -0.8366
vn -0.4697 -0.2587 -0.8441
vn -0.4685 -0.2070 -0.8589
vn -0.3822 -0.2132 -0.8991
vn -0.4199 -0.2206 -0.8804
vn -0.4305 -0.2652 -0.8628
vn 0.4363 0.8339 0.3379
vn -0.1677 0.7162 -0.6774
vn -0.5231 0.0355 -0.8515
vn -0.1125 -0.1414 -0.9835
vn -0.0183 -0.0709 -0.9973
vn -0.2588 -0.7046 -0.6607
vn -0.7793 -0.2813 -0.5600
vn -0.8026 -0.2772 -0.5282
vn -0.6262 -0.2467 -0.7396
vn -0.6378 -0.2919 -0.7127
vn -0.6623 -0.5196 -0.5398
vn -0.7347 -0.4481 -0.5093
vn -0.7358 -0.4956 -0.4615
vn -0.7162 -0.3901 -0.5787
vn -0.8161 -0.2983 -0.4950
vn -0.7684 -0.3503 -0.5356
vn -0.7660 -0.2986 -0.5693
vn -0.8001 -0.2747 -0.5332
vn -0.5911 -0.4217 -0.6875
vn -0.6084 -0.3534 -0.7106
vn -0.7171 -0.5093 -0.4758
vn -0.7871 -0.3450 -0.5113
vn -0.8048 -0.2519 -0.5375
vn -0.7994 -0.2760 -0.5336
vn -0.7677 -0.2119 -0.6048
vn -0.3482 -0.1842 -0.9191
vn -0.4292 -0.1985 -0.8811
vn -0.3635 -0.2685 -0.8921
vn -0.5096 -0.1726 -0.8430
vn -0.4110 -0.3736 -0.8316
vn -0.6242 -0.5825 -0.5206
vn -0.3333 0.1186 -0.9353
vn -0.4296 0.1680 -0.8872
vn 0.1477 -0.0753 -0.9862
vn 0.0760 0.0432 -0.9962
vn -0.8413 0.2118 -0.4973
vn -0.8684 0.1335 -0.4775
vn -0.8194 0.1474 -0.5539
vn -0.8043 0.2411 -0.5431
vn -0.4722 -0.0188 -0.8813
vn -0.6015 0.0284 -0.7984
vn -0.6576 -0.1380 -0.7407
vn -0.6141 -0.1981 -0.7640
vn -0.4957 -0.0216 -0.8682
vn -0.5469 0.0129 -0.8371
vn -0.4484 0.0797 -0.8903
vn -0.5489 0.0684 -0.8331
vn -0.3759 0.3634 -0.8524
vn -0.0854 0.4255 -0.9009
vn -0.3886 0.6619 -0.6410
vn -0.1061 0.7306 -0.6746
vn -0.7244 0.3884 -0.5695
vn -0.6083 0.5288 -0.5919
vn -0.6045 0.2426 -0.7587
vn -0.7102 0.1147 -0.6946
vn -0.5881 0.0736 -0.8055
vn -0.4806 0.3804 -0.7902
vn -0.5020 0.1338 -0.8544
vn -0.4505 0.8472 -0.2815
vn -0.6078 0.7321 -0.3075
vn -0.5447 0.7356 -0.4027
vn -0.6794 0.6000 -0.4225
vn -0.7886 0.1627 -0.5930
vn -0.7896 0.2418 -0.5639
vn -0.7528 0.0006 -0.6583
vn -0.7226 0.0202 -0.6910
vn -0.6772 0.0263 -0.7353
vn -0.6619 -0.1528 -0.7339
vn -0.6603 0.1362 -0.7385
vn -0.5380 0.3071 -0.7850
vn -0.5838 0.2399 -0.7757
vn -0.5107 0.3268 -0.7952
vn -0.7877 0.2048 -0.5810
vn -0.7866 0.2178 -0.5778
vn -0.8121 0.2386 -0.5326
vn -0.7909 0.2529 -0.5572
vn -0.8194 0.2437 -0.5188
vn -0.7976 0.2663 -0.5411
vn -0.7462 0.2618 -0.6121
vn -0.7635 0.2554 -0.5932
vn -0.6823 0.2738 -0.6778
vn -0.8358 0.3086 -0.4542
vn -0.8400 0.3512 -0.4136
vn -0.8166 0.2713 -0.5094
vn -0.8224 0.2660 -0.5030
vn -0.6634 0.1773 -0.7270
vn -0.8135 0.2913 -0.5034
vn -0.7562 0.1970 -0.6240
vn -0.8095 0.3482 -0.4728
vn -0.7936 0.5021 -0.3436
vn -0.8277 0.4176 -0.3748
vn -0.8031 0.0642 -0.5924
vn -0.7787 -0.0373 -0.6263
vn -0.7619 0.2475 -0.5986
vn -0.7506 0.1843 -0.6346
vn -0.7924 0.1823 -0.5822
vn -0.7892 0.2492 -0.5613
vn -0.7251 0.1163 -0.6787
vn -0.7763 0.1093 -0.6208
vn -0.8531 0.0922 -0.5136
vn -0.8707 0.1535 -0.4672
vn -0.8643 0.2269 -0.4488
vn -0.7322 0.0067 -0.6811
vn -0.7870 0.1575 -0.5965
vn -0.7677 0.0713 -0.6368
vn -0.7851 0.2330 -0.5739
vn -0.5375 0.0577 -0.8413
vn -0.2102 -0.2404 -0.9476
vn -0.2673 0.9324 -0.2432
vn -0.1747 0.9182 -0.3554
vn -0.2560 0.8987 -0.3560
vn -0.5436 -0.2385 -0.8048
vn -0.5314 -0.2697 -0.8030
vn -0.4364 0.0931 -0.8949
vn -0.3901 -0.1334 -0.9111
vn -0.4717 -0.1051 -0.8755
vn -0.4901 -0.0452 -0.8705
vn -0.9898 0.0882 -0.1121
vn -0.9931 0.0448 -0.1082
vn -0.9921 0.0681 -0.1057
vn -0.9923 0.0737 -0.0991
vn -0.5083 0.0169 -0.8610
vn -0.3655 -0.1596 -0.9170
vn -0.4440 -0.1053 -0.8898
vn -0.2713 0.7061 -0.6541
vn -0.2240 0.5256 -0.8207
vn -0.2505 0.7553 -0.6056
vn -0.1706 0.6018 -0.7802
vn -0.7199 -0.0182 -0.6938
vn -0.0416 0.8746 -0.4831
vn -0.1591 0.8181 -0.5526
vn -0.0365 0.0710 -0.9968
vn -0.2585 -0.9506 -0.1721
vn -0.2401 -0.9677 -0.0763
vn -0.9078 -0.1933 -0.3721
vn -0.9272 -0.0503 -0.3711
vn -0.9669 -0.1912 -0.1692
vn -0.9003 -0.3952 -0.1822
vn -0.9058 -0.4055 -0.1230
vn -0.9699 -0.2143 -0.1160
vn -0.2156 -0.9756 0.0415
vn -0.4441 -0.8960 -0.0003
vn -0.4682 -0.8769 -0.1090
vn -0.9709 -0.2204 0.0938
vn -0.9109 -0.3794 0.1619
vn -0.8895 -0.3528 0.2903
vn -0.9554 -0.2142 0.2034
vn -0.8454 0.4462 0.2937
vn -0.8545 0.5056 0.1188
vn -0.9688 -0.1969 0.1503
vn -0.8516 -0.3049 0.4263
vn -0.9926 0.0892 -0.0829
vn -0.9967 -0.0636 -0.0511
vn -0.9981 -0.0587 0.0199
vn -0.9936 0.0965 -0.0590
vn -0.5362 -0.2856 0.7943
vn -0.5709 -0.4188 0.7062
vn -0.3693 -0.4941 0.7871
vn -0.3491 -0.3376 0.8742
vn -0.4882 -0.8530 -0.1846
vn -0.9923 0.0740 -0.0997
vn -0.9890 0.0689 -0.1312
vn -0.9909 -0.0501 -0.1247
vn -0.9937 -0.0642 -0.0922
vn -0.1893 -0.7207 -0.6669
vn -0.2231 -0.8148 -0.5351
vn -0.4643 -0.7456 -0.4780
vn -0.2510 -0.8794 -0.4046
vn -0.2627 -0.9230 -0.2811
vn -0.4964 -0.8250 -0.2700
vn -0.4868 -0.7922 -0.3680
vn -0.1608 -0.8508 0.5002
vn -0.1719 -0.7138 0.6789
vn -0.1710 -0.5388 0.8249
vn -0.9413 0.2584 -0.2173
vn -0.9411 0.2220 -0.2551
vn -0.8874 0.1961 -0.4172
vn -0.9167 0.3465 -0.1989
vn 0.2020 -0.9434 0.2631
vn -0.0923 -0.9844 -0.1500
vn -0.8930 -0.4478 -0.0453
vn -0.8511 -0.5110 0.1205
vn -0.9977 0.0605 -0.0319
vn -0.9964 0.0771 -0.0339
vn -0.9796 0.1817 -0.0855
vn -0.9770 0.1801 -0.1146
vn -0.9961 0.0479 -0.0745
vn -0.1632 -0.9226 0.3496
vn -0.8100 -0.2778 0.5164
vn -0.7686 -0.1910 0.6105
vn -0.8362 -0.1419 0.5298
vn -0.8852 -0.1793 0.4293
vn -0.8666 0.4989 0.0051
vn -0.9302 0.3666 0.0183
vn -0.9079 0.3629 0.2099
vn -0.8785 0.4682 0.0952
vn -0.9819 0.1556 -0.1083
vn -0.9983 -0.0239 -0.0533
vn -0.6411 -0.7600 0.1068
vn -0.4202 -0.8942 0.1545
vn -0.4022 -0.8575 0.3209
vn -0.6379 -0.7192 0.2753
vn 0.0173 -0.2854 -0.9582
vn -0.3057 -0.3112 -0.8999
vn -0.2787 0.0310 -0.9599
vn 0.0213 0.0320 -0.9993
vn -0.2907 0.1017 0.9514
vn -0.0987 -0.1191 0.9880
vn -0.4963 -0.1614 0.8531
vn -0.5750 0.0784 0.8144
vn 0.0420 -0.0228 0.9989
vn 0.0769 -0.1415 0.9869
vn -0.9658 0.0051 -0.2593
vn -0.9838 -0.0242 -0.1778
vn -0.9624 -0.1275 -0.2400
vn -0.9550 -0.0703 -0.2881
vn -0.9807 0.1015 -0.1673
vn -0.9855 -0.0002 -0.1695
vn -0.6877 0.0814 -0.7214
vn -0.7485 -0.0291 -0.6625
vn -0.6115 0.1577 -0.7754
vn -0.7640 0.0789 -0.6404
vn -0.8571 0.0162 -0.5149
vn -0.8945 -0.0631 -0.4427
vn -0.7336 0.1226 -0.6685
vn -0.5261 0.1851 -0.8301
vn -0.6332 0.4178 -0.6515
vn -0.7064 0.1819 -0.6840
vn -0.9523 0.0484 -0.3012
vn -0.9374 0.0404 0.3459
vn -0.9246 -0.0614 0.3760
vn -0.8519 -0.0612 0.5201
vn -0.8623 0.0272 0.5057
vn -0.8812 0.2789 -0.3818
vn -0.8735 0.3469 -0.3415
vn -0.3748 -0.3373 -0.8636
vn -0.5704 -0.2641 -0.7777
vn -0.9446 -0.0397 -0.3259
vn -0.9403 -0.0015 -0.3402
vn -0.6216 0.7808 -0.0622
vn -0.5153 0.8569 -0.0148
vn 0.0107 0.9964 0.0843
vn 0.0125 0.6564 0.7543
vn -0.3883 0.9207 0.0404
vn -0.2949 0.9554 -0.0161
vn 0.0208 0.9938 0.1090
vn 0.0094 0.6554 0.7552
vn -0.7484 0.2185 -0.6262
vn -0.7815 0.2336 -0.5786
vn -0.7007 0.7062 -0.1012
vn -0.7589 0.6323 -0.1559
vn -0.8325 0.4730 -0.2884
vn -0.8023 0.5528 -0.2250
vn -0.7236 0.6098 -0.3234
vn -0.7710 0.4590 -0.4415
vn -0.7777 -0.2568 -0.5738
vn -0.1675 -0.5677 -0.8060
vn -0.8174 -0.3357 -0.4681
vn -0.6649 -0.6139 -0.4255
vn -0.8212 -0.4160 -0.3906
vn -0.1617 -0.3895 -0.9067
vn -0.7929 0.0485 -0.6074
vn -0.8969 -0.2709 -0.3495
vn -0.9331 -0.0853 -0.3494
vn -0.3067 -0.3652 -0.8789
vn -0.3114 -0.3586 -0.8800
vn -0.9627 0.1716 -0.2094
vn -0.9777 0.1333 -0.1621
vn -0.9857 0.0893 -0.1429
vn -0.9869 -0.0536 -0.1523
vn -0.9925 0.0253 -0.1195
vn -0.9769 -0.0843 -0.1964
vn -0.9915 -0.0246 -0.1275
vn -0.7635 -0.1650 -0.6244
vn -0.6528 0.7459 -0.1326
vn -0.7060 0.6926 -0.1480
vn -0.7687 0.5986 -0.2254
vn -0.7669 -0.0029 -0.6418
vn -0.7555 0.1749 -0.6313
vn -0.7659 0.0334 -0.6421
vn -0.8758 0.0450 -0.4806
vn -0.2469 -0.4012 -0.8821
vn -0.6558 -0.7067 -0.2654
vn -0.6624 -0.6688 -0.3375
vn 0.0778 0.2128 -0.9740
vn -0.0572 0.2990 -0.9526
vn -0.0908 0.3308 -0.9393
vn 0.0422 0.2427 -0.9692
vn -0.6413 -0.7664 -0.0380
vn -0.9874 0.1029 -0.1200
vn -0.8870 0.1554 -0.4348
vn -0.4987 -0.5210 -0.6927
vn -0.6107 -0.5387 -0.5804
vn -0.7588 0.6300 -0.1654
vn -0.6608 0.7463 -0.0800
vn -0.7083 0.6987 -0.1006
vn -0.8085 0.5386 -0.2374
vn -0.8502 0.4340 -0.2979
vn -0.6659 0.7433 -0.0642
vn -0.5913 0.8040 -0.0631
vn -0.4505 0.8908 -0.0601
vn -0.8659 0.1961 -0.4602
vn -0.0196 0.9998 -0.0009
vn -0.0752 0.9900 -0.1196
vn -0.0370 0.9841 -0.1736
vn 0.0114 0.9999 -0.0088
vn -0.6250 0.7767 -0.0785
vn 0.0109 0.7131 0.7010
vn -0.0159 0.7943 0.6073
vn -0.2235 0.9747 -0.0024
vn -0.0956 0.9954 0.0010
vn -0.8749 0.2312 -0.4255
vn -0.6370 0.7701 -0.0329
vn -0.5676 0.8233 -0.0061
vn -0.5449 0.2052 -0.8130
vn -0.5533 0.1203 -0.8243
vn -0.4865 0.2293 -0.8431
vn -0.9864 0.0537 -0.1550
vn -0.9825 0.0520 -0.1790
vn -0.9738 0.1070 -0.2007
vn -0.9882 0.0983 -0.1174
vn -0.6340 0.0731 -0.7698
vn -0.5805 0.0149 -0.8142
vn -0.5579 0.1384 -0.8183
vn -0.6299 0.1683 -0.7582
vn -0.4826 -0.0347 -0.8752
vn -0.5203 -0.0453 -0.8528
vn -0.4786 0.0844 -0.8740
vn -0.7863 -0.6028 -0.1354
vn -0.7971 -0.6013 -0.0557
vn -0.9124 -0.4043 -0.0641
vn -0.3957 -0.7769 0.4898
vn -0.3883 -0.6463 0.6569
vn -0.6485 -0.7353 -0.1967
vn -0.1873 -0.9618 0.1995
vn -0.6428 -0.7543 -0.1333
vn -0.8073 -0.5860 0.0691
vn -0.6279 -0.6412 0.4412
vn -0.6049 -0.5363 0.5886
vn -0.8967 -0.3526 -0.2675
vn -0.9555 -0.1444 -0.2571
vn -0.7164 -0.3424 0.6079
vn -0.6751 -0.2356 0.6991
vn -0.6242 -0.1271 0.7709
vn -0.3587 -0.1593 0.9197
vn -0.8026 -0.4938 -0.3347
vn -0.7857 -0.5577 -0.2676
vn -0.7810 -0.5926 -0.1973
vn -0.8076 -0.5465 0.2217
vn -0.2044 0.3145 0.9270
vn -0.2551 0.3753 0.8911
vn -0.9167 -0.3983 0.0324
vn -0.9745 -0.2240 -0.0095
vn -0.9721 -0.2218 -0.0758
vn -0.7912 -0.4876 0.3690
vn -0.7588 -0.4217 0.4964
vn -0.1622 -0.3693 0.9150
vn -0.8650 0.1064 0.4904
vn -0.9409 0.1270 0.3139
vn -0.8550 -0.3259 0.4035
vn -0.9522 0.0241 -0.3046
vn -0.4361 -0.3889 -0.8116
vn -0.0958 -0.1632 0.9819
vn -0.3417 -0.0384 0.9390
vn -0.0964 -0.0503 0.9941
vn -0.3186 0.0661 0.9456
vn -0.2776 0.3320 0.9015
vn -0.4107 0.3289 0.8503
vn -0.4173 0.2655 0.8691
vn -0.2785 0.2529 0.9265
vn -0.2793 0.1766 0.9438
vn -0.4267 0.1830 0.8857
vn -0.4463 0.0885 0.8905
vn -0.2902 0.0855 0.9531
vn -0.7567 -0.0907 0.6475
vn -0.6443 -0.1203 0.7553
vn 0.2883 -0.6879 0.6660
vn 0.2188 -0.7268 0.6511
vn 0.2618 -0.6396 0.7228
vn 0.3247 -0.6096 0.7232
vn -0.1361 0.1702 0.9760
vn -0.7311 0.1360 0.6685
vn -0.5397 0.1283 0.8320
vn -0.5656 0.0927 0.8195
vn -0.7521 0.1199 0.6481
vn -0.7786 0.0417 0.6261
vn -0.5996 0.0002 0.8003
vn -0.8103 -0.0622 0.5827
vn -0.7193 0.2506 0.6479
vn -0.7217 0.1563 0.6743
vn -0.7142 0.2827 0.6403
vn -0.5592 0.2753 0.7820
vn -0.5507 0.3254 0.7687
vn -0.7108 0.3214 0.6257
vn -0.9249 0.2908 0.2449
vn -0.8448 0.3126 0.4343
vn -0.8605 0.2114 0.4634
vn -0.9438 0.1756 0.2802
vn -0.5041 -0.1454 0.8513
vn -0.9788 0.0910 0.1834
vn -0.9067 0.0731 0.4154
vn -0.9329 0.0094 0.3600
vn -0.9893 0.0583 0.1340
vn -0.9280 -0.2063 0.3104
vn -0.9951 0.0987 -0.0003
vn -0.9924 -0.0590 0.1076
vn -0.9855 0.1697 -0.0073
vn -0.9934 0.1114 -0.0274
vn -0.6143 0.7874 -0.0513
vn -0.0027 0.9359 -0.3521
vn -0.9972 0.0683 -0.0298
vn -0.9967 0.0492 -0.0648
vn -0.9709 -0.0686 0.2292
vn -0.9852 -0.0196 -0.1703
vn -0.9720 0.0137 -0.2344
vn -0.1513 -0.1931 0.9694
vn -0.3296 -0.1731 0.9281
vn -0.2316 0.9727 -0.0159
vn -0.1319 0.9895 -0.0597
vn -0.9897 0.1153 -0.0848
vn -0.9871 0.0890 -0.1331
vn -0.7491 0.3318 -0.5734
vn -0.9090 0.1056 -0.4032
vn -0.7812 -0.0378 -0.6231
vn -0.9360 0.2636 -0.2333
vn -0.9763 0.2120 -0.0444
vn -0.9598 -0.0795 0.2690
vn -0.8398 -0.1785 0.5127
vn -0.3805 0.3869 -0.8400
vn -0.3198 0.1418 0.9368
vn -0.4736 -0.0200 0.8805
vn -0.6195 -0.0117 0.7849
vn -0.7546 0.0056 0.6562
vn -0.2985 -0.4118 -0.8610
vn -0.8882 0.1285 0.4410
vn -0.8733 0.1344 0.4683
vn -0.9843 0.0559 0.1673
vn -0.1434 -0.0383 0.9889
vn -0.9849 0.1545 -0.0776
vn -0.9863 0.1229 -0.1098
vn -0.9824 0.0750 -0.1709
vn -0.9751 0.0759 -0.2082
vn -0.9698 0.0534 -0.2381
vn -0.7400 0.2677 -0.6170
vn -0.8011 0.4058 0.4400
vn -0.7766 0.2871 0.5608
vn -0.9214 0.2494 0.2980
vn -0.9309 0.2782 0.2368
vn -0.2497 -0.3790 -0.8911
vn -0.3427 -0.0094 -0.9394
vn -0.4036 0.9149 -0.0010
vn -0.7708 0.0310 -0.6363
vn -0.0708 -0.2897 -0.9545
vn -0.2130 0.0713 -0.9744
vn -0.1026 0.2338 -0.9669
vn 0.0469 -0.0687 -0.9965
vn -0.0219 0.4162 -0.9090
vn 0.0615 0.2258 -0.9722
vn -0.3955 0.0082 -0.9184
vn -0.3185 -0.0723 -0.9452
vn -0.0193 -0.1296 -0.9914
vn -0.1444 -0.1173 -0.9825
vn -0.1951 0.2718 -0.9424
vn -0.0384 0.2005 -0.9789
vn -0.7047 -0.5371 -0.4635
vn -0.7918 -0.4863 -0.3696
vn -0.3330 -0.4036 -0.8522
vn -0.3961 -0.4800 -0.7828
vn -0.7051 0.3912 -0.5915
vn -0.8219 -0.0500 -0.5674
vn -0.6782 -0.2510 -0.6907
vn -0.2524 0.7570 -0.6027
vn -0.5454 0.8378 -0.0247
vn -0.3902 0.9207 -0.0051
vn -0.8865 -0.3371 -0.3169
vn -0.7304 -0.5994 -0.3273
vn -0.7990 -0.3654 -0.4776
vn -0.5207 0.3060 -0.7970
vn -0.7282 0.3570 -0.5851
vn -0.7297 0.6750 -0.1097
vn -0.6758 0.6081 -0.4166
vn -0.8654 0.1235 0.4855
vn -0.7511 -0.1294 -0.6474
vn -0.6470 -0.5202 -0.5575
vn -0.7890 -0.3816 -0.4815
vn -0.9581 -0.2819 -0.0512
vn -0.8557 -0.4919 -0.1606
vn -0.8592 -0.3687 -0.3548
vn -0.9512 -0.2144 -0.2221
vn -0.7410 -0.0653 -0.6683
vn -0.7304 0.0350 -0.6822
vn -0.9948 -0.0305 -0.0973
vn -0.9975 -0.0694 0.0116
vn -0.8101 0.0956 -0.5785
vn -0.8455 0.0968 -0.5251
vn -0.9881 0.1458 -0.0499
vn -0.9918 0.1098 0.0657
vn -0.9203 -0.2025 -0.3348
vn -0.8966 -0.3695 -0.2442
vn -0.7318 -0.5551 -0.3954
vn -0.9785 -0.1682 -0.1193
vn -0.6197 -0.6132 -0.4898
vn -0.6648 -0.5364 -0.5199
vn -0.7861 -0.4520 -0.4215
vn -0.7073 -0.5156 -0.4836
vn -0.8103 -0.4051 -0.4233
vn -0.7647 -0.4372 -0.4733
vn -0.7706 -0.4259 -0.4741
vn -0.2784 -0.4630 -0.8415
vn -0.9825 -0.0343 -0.1831
vn -0.9869 0.1479 -0.0651
vn -0.9393 0.3294 -0.0962
vn -0.9986 0.0253 -0.0466
vn -0.9738 0.2222 0.0474
vn -0.9370 0.3480 0.0288
vn -0.8438 0.5363 -0.0183
vn -0.8099 0.5653 -0.1568
vn -0.5766 0.7829 -0.2335
vn -0.6733 0.7314 -0.1082
vn -0.2999 0.9086 -0.2908
vn -0.3744 0.9178 0.1322
vn -0.1220 0.9650 0.2321
vn -0.5451 0.3862 -0.7442
vn -0.5499 0.1174 -0.8269
vn -0.4806 -0.1330 -0.8668
vn -0.4926 -0.1599 -0.8555
vn -0.4492 -0.2842 -0.8471
vn -0.4548 -0.2843 -0.8440
vn -0.4376 -0.2898 -0.8512
vn -0.4555 -0.2921 -0.8409
vn -0.4898 -0.2755 -0.8272
vn -0.4687 -0.2709 -0.8408
vn -0.6451 0.7075 -0.2886
vn -0.7958 0.5747 -0.1908
vn -0.7291 0.2591 -0.6334
vn -0.6335 0.3374 -0.6962
vn -0.9574 0.2801 -0.0702
vn -0.9054 0.4089 -0.1145
vn -0.8452 0.1023 -0.5246
vn -0.8080 0.1475 -0.5705
vn -0.4924 -0.0384 -0.8695
vn -0.4041 0.0978 -0.9095
vn -0.5826 -0.2672 -0.7676
vn -0.5859 -0.2065 -0.7837
vn 0.0087 -0.9637 -0.2670
vn -0.1997 -0.9609 0.1919
vn 0.0579 -0.9752 -0.2138
vn 0.1969 -0.8833 -0.4255
vn -0.4726 0.1296 -0.8717
vn -0.4996 -0.1241 -0.8573
vn -0.5504 -0.1475 -0.8218
vn -0.6119 -0.1621 -0.7742
vn -0.6303 -0.1223 -0.7667
vn -0.4913 0.1194 -0.8628
vn -0.5785 -0.0032 -0.8157
vn 0.4941 -0.8518 0.1739
vn 0.5423 -0.8336 0.1051
vn 0.3378 -0.9334 -0.1212
vn 0.3299 -0.9406 -0.0798
vn -0.6261 0.7715 -0.1131
vn -0.6374 0.7563 -0.1475
vn -0.6530 0.7286 -0.2068
vn -0.6452 -0.7257 -0.2391
vn -0.8640 -0.4041 -0.3005
vn -0.8921 -0.4514 0.0188
vn -0.5381 -0.8428 0.0095
vn -0.6610 0.0265 -0.7499
vn -0.4844 0.0717 -0.8719
vn -0.4297 0.1094 -0.8963
vn -0.1639 -0.7796 -0.6044
vn -0.4179 -0.7903 -0.4481
vn -0.4822 -0.5330 -0.6953
vn -0.1837 -0.5453 -0.8179
vn -0.9781 -0.1847 -0.0955
vn -0.9916 -0.1235 0.0374
vn -0.9542 -0.0574 -0.2937
vn -0.9527 -0.1504 -0.2639
vn -0.9583 0.2599 0.1184
vn -0.8784 0.4029 0.2570
vn -0.9278 0.2788 0.2479
vn -0.9578 0.2593 0.1239
vn -0.9584 0.2674 0.0998
vn -0.9751 0.1607 0.1529
vn -0.9082 -0.0269 -0.4178
vn -0.9822 0.0415 -0.1832
vn -0.9881 0.0297 -0.1509
vn -0.9523 0.0428 -0.3022
vn -0.3468 0.4190 0.8391
vn -0.6146 0.4242 0.6650
vn -0.6610 0.5101 0.5503
vn -0.3509 0.5546 0.7545
vn -0.7079 0.5567 0.4348
vn -0.3736 0.6330 0.6781
vn -0.9533 0.0939 0.2872
vn -0.9742 0.1892 0.1229
vn -0.9631 0.2374 0.1272
vn -0.9386 0.2013 0.2801
vn -0.9698 0.2193 0.1065
vn -0.9794 0.1536 0.1311
vn -0.8806 0.2436 -0.4064
vn -0.8936 0.4366 0.1041
vn -0.9557 0.0754 -0.2845
vn -0.9858 0.1601 -0.0508
vn -0.9963 0.0777 -0.0375
vn -0.0190 0.0065 -0.9998
vn -0.0159 -0.1833 -0.9829
vn 0.1845 -0.2365 -0.9540
vn 0.2048 0.0396 -0.9780
vn -0.3522 0.3651 -0.8618
vn -0.1601 0.4232 -0.8918
vn -0.9904 -0.0355 -0.1333
vn -0.5860 0.0381 -0.8094
vn -0.6466 0.1954 -0.7374
vn -0.2215 -0.9751 0.0073
vn -0.2630 -0.9378 -0.2268
vn -0.8738 -0.0227 -0.4857
vn -0.2854 -0.2777 0.9173
vn -0.1454 -0.6212 0.7700
vn 0.4796 -0.4771 0.7365
vn 0.3776 -0.2577 0.8894
vn -0.3960 -0.9074 -0.1406
vn -0.3251 -0.8685 -0.3742
vn -0.9862 0.0397 -0.1607
vn -0.8980 -0.0243 0.4392
vn -0.8694 -0.2304 0.4372
vn -0.9749 -0.1118 -0.1924
vn -0.9848 -0.0627 -0.1622
vn -0.9245 -0.0805 0.3727
vn -0.7440 0.3948 0.5390
vn -0.5311 -0.3702 0.7622
vn -0.4495 -0.3882 0.8045
vn -0.6804 0.1661 0.7138
vn -0.8194 0.4618 0.3397
vn -0.8104 -0.2552 0.5274
vn -0.2857 -0.6538 -0.7006
vn -0.2324 -0.4953 -0.8370
vn -0.4396 -0.3346 -0.8335
vn -0.3809 -0.4821 -0.7890
vn -0.3701 0.3567 -0.8578
vn -0.8777 0.1000 -0.4687
vn -0.9476 0.3193 0.0094
vn -0.9293 0.3591 -0.0867
vn -0.8767 0.1489 -0.4574
vn -0.3430 -0.8182 0.4614
vn -0.5012 -0.7138 0.4891
vn 0.2911 0.5579 0.7772
vn 0.5241 0.4620 0.7155
vn 0.5320 0.3877 0.7528
vn 0.3339 0.5059 0.7954
vn -0.6133 -0.7335 0.2929
vn -0.5919 -0.3695 -0.7163
vn -0.4318 -0.4700 -0.7698
vn -0.6001 -0.5204 -0.6074
vn -0.7790 -0.4441 -0.4427
vn -0.6396 -0.6259 -0.4463
vn -0.4635 -0.5392 -0.7032
vn -0.9415 0.2100 -0.2638
vn -0.9554 0.2108 -0.2069
vn -0.8870 0.0464 -0.4595
vn -0.9717 0.2257 0.0692
vn -0.9673 0.0752 -0.2424
vn -0.9947 0.0748 -0.0711
vn -0.9760 0.0259 -0.2161
vn -0.9768 0.1463 -0.1565
vn -0.4379 -0.8202 -0.3681
vn -0.3584 -0.4210 -0.8332
vn -0.4235 -0.3801 -0.8223
vn -0.8119 -0.0740 -0.5790
vn -0.9616 0.0024 -0.2743
vn -0.5295 -0.3447 -0.7751
vn -0.7263 -0.3984 -0.5601
vn -0.5802 -0.3397 -0.7403
vn -0.6964 -0.2692 -0.6653
vn -0.8312 -0.1745 -0.5279
vn -0.7724 -0.3082 -0.5554
vn -0.0863 -0.7870 -0.6109
vn -0.1697 -0.8138 -0.5559
vn -0.4513 -0.7557 -0.4745
vn -0.3231 -0.6878 -0.6500
vn -0.4264 -0.6637 -0.6146
vn -0.8409 -0.4263 -0.3333
vn -0.1156 -0.3145 -0.9422
vn 0.0387 -0.4192 -0.9071
vn -0.1335 -0.4987 -0.8564
vn -0.4941 -0.1117 -0.8622
vn -0.5286 -0.0198 -0.8486
vn -0.9114 -0.0156 -0.4113
vn -0.8989 -0.0019 -0.4382
vn -0.5143 0.6495 0.5601
vn -0.5759 0.7552 0.3130
vn -0.1191 0.9389 0.3230
vn 0.0831 0.7114 0.6978
vn -0.9456 -0.0358 0.3234
vn -0.8897 -0.3600 0.2807
vn -0.7043 -0.1755 -0.6879
vn 0.2316 0.2746 0.9332
vn 0.2851 0.3800 0.8800
vn 0.4272 0.2804 0.8596
vn 0.3779 0.2020 0.9035
vn 0.4861 0.3323 0.8083
vn -0.0854 0.5679 0.8187
vn -0.1388 0.4691 0.8722
vn -0.1811 0.3341 0.9250
vn 0.1940 0.5927 0.7817
vn 0.3753 0.5831 0.7205
vn -0.9344 -0.0125 -0.3561
vn -0.5934 0.0838 -0.8005
vn -0.2268 0.1994 0.9533
vn -0.9024 0.1522 0.4030
vn -0.9460 0.0696 0.3166
vn -0.3145 0.0966 0.9443
vn -0.1605 0.2279 -0.9604
vn -0.9901 0.1055 0.0925
vn -0.9440 0.0269 -0.3289
vn -0.9784 0.2018 -0.0451
vn -0.9849 0.1411 -0.1005
vn -0.4208 -0.5248 -0.7400
vn -0.9602 -0.0618 -0.2723
vn -0.7824 -0.1445 -0.6058
vn -0.5654 -0.6601 -0.4946
vn -0.3490 0.2230 -0.9102
vn -0.0271 0.3973 -0.9173
vn -0.8293 0.2670 -0.4908
vn -0.8546 0.2461 -0.4573
vn -0.9232 -0.0168 -0.3840
vn -0.8991 -0.0013 -0.4377
vn 0.3226 0.0863 0.9426
vn 0.3534 0.1350 0.9257
vn -0.8544 0.1549 -0.4960
vn -0.9585 0.0876 0.2712
vn -0.6240 0.5687 -0.5360
vn -0.8600 0.1806 -0.4774
vn -0.7678 0.3309 -0.5486
vn -0.6501 0.6674 -0.3633
vn -0.1921 -0.6998 -0.6881
vn -0.7435 -0.1781 -0.6446
vn -0.8648 -0.1919 -0.4640
vn -0.6175 -0.6110 -0.4954
vn 0.3287 0.4436 0.8338
vn -0.9528 0.0627 -0.2969
vn -0.9905 -0.0010 -0.1373
vn -0.9245 -0.0464 -0.3784
vn 0.0008 -0.8975 -0.4410
vn 0.0975 -0.9952 0.0000
vn -0.6151 -0.7210 -0.3192
vn -0.6143 -0.4980 -0.6120
vn -0.9585 0.0177 -0.2845
vn -0.7836 0.1021 -0.6128
vn -0.7791 -0.0937 -0.6199
vn -0.7385 -0.4236 -0.5245
vn -0.5498 -0.3912 -0.7380
vn -0.4101 -0.3883 -0.8252
vn -0.6695 -0.1460 -0.7284
vn -0.9939 0.0552 -0.0954
vn -0.8126 -0.0732 -0.5782
vn -0.8000 -0.0266 -0.5994
vn -0.4151 -0.4966 -0.7623
vn 0.5023 -0.8510 -0.1534
vn -0.9277 0.1376 0.3471
vn -0.5579 -0.8109 -0.1766
vn -0.9513 0.2839 -0.1201
vn -0.7900 0.6049 0.0997
vn -0.0865 -0.8211 -0.5642
vn -0.0929 -0.7603 -0.6429
vn -0.4096 0.8167 0.4064
vn -0.0920 0.7847 0.6131
vn 0.0350 0.7863 0.6169
vn 0.0333 0.7169 0.6964
vn -0.8490 0.5282 -0.0149
vn -0.7614 0.6321 0.1440
vn -0.6688 0.7343 0.1165
vn 0.2066 0.1717 0.9632
vn 0.2403 0.0970 0.9658
vn -0.8713 0.2392 -0.4286
vn -0.8236 0.2621 -0.5030
vn -0.7552 -0.1314 -0.6422
vn -0.7985 -0.0825 -0.5963
vn -0.8738 0.3935 0.2857
vn -0.7663 0.6275 -0.1382
vn -0.6453 0.7559 -0.1103
vn -0.8495 0.3412 -0.4025
vn -0.8542 0.2217 -0.4704
vn -0.7918 -0.5797 0.1923
vn 0.2946 -0.8555 0.4258
vn -0.9017 0.4050 -0.1512
vn -0.8238 0.5443 -0.1582
vn -0.8812 -0.0027 -0.4728
vn -0.9255 0.2067 -0.3175
vn -0.9443 0.3147 -0.0964
vn -0.9321 0.3556 -0.0684
vn -0.9486 0.2855 -0.1365
vn -0.3684 0.8930 0.2585
vn -0.6738 0.7219 -0.1573
vn -0.8217 -0.0267 -0.5693
vn -0.9958 0.0118 0.0913
vn -0.9319 0.0980 -0.3493
vn -0.9829 0.0144 -0.1838
vn -0.9907 0.0511 -0.1265
vn -0.7619 0.5501 0.3418
vn -0.6971 0.6244 0.3525
vn -0.0112 0.6454 0.7637
vn -0.6184 0.7025 0.3522
vn -0.6519 0.0611 0.7558
vn -0.6454 -0.1403 0.7508
vn -0.8785 -0.1433 0.4558
vn -0.8080 0.0749 0.5844
vn 0.7775 -0.5370 0.3273
vn 0.7594 -0.6176 0.2044
vn 0.6199 -0.7513 0.2266
vn -0.9881 0.0737 -0.1352
vn -0.9796 0.0515 -0.1943
vn -0.3350 0.6298 -0.7008
vn -0.9911 0.0031 -0.1329
vn -0.9957 -0.0505 0.0781
vn -0.7438 -0.6664 0.0520
vn 0.0129 -0.9011 0.4335
vn -0.8618 0.2052 -0.4638
vn 0.7490 -0.4668 0.4702
vn 0.5851 -0.6344 0.5052
vn 0.1367 -0.4071 0.9031
vn 0.3441 -0.0543 0.9374
vn 0.5027 -0.2683 0.8218
vn -0.7775 -0.0626 -0.6257
vn -0.8834 -0.1498 -0.4440
vn -0.9974 0.0041 -0.0726
vn -0.6504 0.7046 0.2839
vn -0.9232 0.3787 -0.0651
vn 0.3268 -0.7645 0.5557
vn -0.3552 -0.5376 -0.7647
vn -0.2836 -0.5049 -0.8153
vn -0.3546 0.2546 0.8997
vn -0.3976 0.7910 -0.4651
vn -0.5526 0.7837 -0.2837
vn -0.6516 0.7581 -0.0258
vn -0.5552 0.8307 -0.0405
vn -0.9677 0.2381 0.0833
vn -0.9780 0.2064 0.0290
vn 0.4554 0.8856 0.0916
vn 0.4029 0.9152 -0.0100
vn 0.5556 0.8254 0.1001
vn 0.5697 0.7877 0.2346
vn 0.2879 -0.6276 0.7233
vn 0.6524 -0.4058 0.6401
vn -0.4657 0.6795 0.5669
vn -0.5175 0.6440 0.5634
vn -0.8987 0.3524 0.2612
vn -0.9754 0.2172 0.0370
vn -0.7555 0.6290 -0.1830
vn -0.9312 -0.3642 -0.0139
vn -0.9882 -0.0096 0.1530
vn -0.9714 0.1986 -0.1305
vn -0.9784 0.0226 -0.2054
vn -0.8903 0.4381 0.1244
vn -0.6135 0.5312 -0.5843
vn -0.7956 0.4651 -0.3883
vn -0.7164 0.6629 -0.2173
vn -0.8127 -0.4638 -0.3528
vn -0.4785 -0.4285 0.7665
vn -0.7223 -0.2782 -0.6332
vn -0.3183 -0.1252 -0.9397
vn -0.0877 -0.5094 -0.8561
vn -0.1919 -0.1310 -0.9726
vn -0.9002 0.4323 -0.0525
vn -0.9258 0.0480 -0.3751
vn -0.8408 0.1065 -0.5307
vn -0.7814 0.6191 -0.0775
vn -0.3633 0.5394 -0.7596
vn -0.4516 0.2295 -0.8622
vn -0.6819 0.2402 -0.6908
vn -0.3392 0.3326 -0.8800
vn -0.2654 0.4495 -0.8529
vn -0.3170 0.6075 -0.7283
vn -0.9441 0.1396 -0.2985
vn -0.7763 0.2435 -0.5814
vn -0.6254 -0.1702 -0.7615
vn -0.8648 -0.0969 -0.4927
vn -0.1863 -0.8523 -0.4887
vn -0.0616 -0.7462 -0.6628
vn -0.3146 -0.8875 -0.3368
vn -0.4767 -0.8724 -0.1080
vn -0.4311 0.4161 -0.8006
vn -0.8258 0.5492 -0.1280
vn -0.5016 0.8196 -0.2768
vn -0.5864 -0.3051 0.7504
vn -0.5316 -0.8382 0.1215
vn -0.5437 0.7874 -0.2906
vn -0.4744 0.4188 -0.7743
vn -0.3009 0.4699 -0.8299
vn -0.3514 0.8864 -0.3013
vn -0.5388 -0.7824 0.3123
vn -0.5623 -0.7104 0.4232
vn -0.4742 -0.3199 0.8203
vn -0.4459 -0.3756 0.8124
vn -0.9521 0.3034 -0.0389
vn -0.3817 -0.0651 0.9220
vn -0.3143 -0.1080 0.9432
vn -0.5289 0.7858 0.3205
vn -0.3803 0.0493 0.9236
vn -0.3308 0.0937 0.9390
vn -0.5229 -0.1049 -0.8459
vn -0.7206 -0.2202 -0.6575
vn -0.4733 0.1321 0.8710
vn -0.3713 -0.1616 0.9144
vn -0.2983 -0.1628 -0.9405
vn -0.7449 0.5395 0.3926
vn -0.5275 0.7511 0.3970
vn -0.5752 -0.0516 0.8164
vn -0.6134 -0.0111 0.7897
vn -0.6666 -0.6962 -0.2664
vn -0.7561 -0.4120 -0.5086
vn -0.6174 -0.7807 0.0964
vn -0.7005 -0.6949 0.1626
vn -0.7970 -0.5814 -0.1637
vn -0.8809 -0.2758 -0.3847
vn -0.4593 0.3192 0.8290
vn -0.5118 0.3301 0.7931
vn -0.6248 0.2898 0.7250
vn -0.5711 -0.6847 0.4528
vn -0.8582 0.4231 0.2907
vn -0.6886 0.3787 0.6184
vn -0.4405 -0.4677 0.7663
vn -0.8157 0.0747 0.5736
vn -0.6485 -0.2889 0.7042
vn -0.5119 -0.5519 0.6584
vn -0.6178 -0.6685 0.4140
vn -0.9126 0.3997 0.0861
vn -0.8939 0.3220 0.3119
vn -0.9511 0.2981 -0.0804
vn -0.9618 0.2645 -0.0699
vn -0.8399 -0.4301 0.3311
vn -0.8778 -0.4675 0.1039
vn -0.9911 -0.0040 0.1327
vn -0.9967 -0.0312 -0.0743
vn -0.9581 0.1899 -0.2142
vn -0.9587 0.2024 -0.1998
vn -0.9522 0.0943 -0.2904
vn -0.9623 -0.1452 -0.2300
vn -0.8897 -0.4433 -0.1095
vn -0.4143 0.6764 0.6090
vn 0.6351 -0.7713 0.0404
vn 0.6462 -0.7627 0.0288
vn 0.2695 -0.9354 -0.2291
vn 0.3330 -0.9180 -0.2153
vn -0.9855 0.1049 0.1333
vn -0.9468 0.1773 0.2687
vn -0.7992 0.5464 0.2506
vn -0.8587 0.4704 0.2031
vn -0.9235 0.3661 0.1141
vn -0.9584 0.2827 0.0404
vn -0.8900 0.4123 0.1946
vn -0.7309 0.1859 0.6567
vn -0.8481 0.2832 0.4478
vn -0.8609 0.1872 0.4731
vn -0.7466 0.0958 0.6584
vn -0.5963 0.0911 0.7975
vn -0.5752 0.1868 0.7964
vn -0.3088 -0.0282 0.9507
vn -0.1392 0.0795 0.9871
vn -0.0071 0.7746 -0.6324
vn -0.3497 0.1235 -0.9287
vn -0.0843 0.1161 -0.9897
vn 0.1871 0.9088 -0.3730
vn -0.0946 0.9098 -0.4042
vn -0.0474 0.9494 -0.3106
vn -0.9039 0.1340 -0.4061
vn -0.2105 0.9176 -0.3373
vn -0.1996 0.9393 -0.2791
vn -0.9958 0.0913 -0.0065
vn -0.9862 0.1486 -0.0732
vn -0.9658 0.2589 0.0169
vn -0.9002 0.3919 0.1897
vn -0.3587 -0.0273 0.9330
vn -0.5805 0.2673 -0.7691
vn -0.3959 0.3091 -0.8647
vn -0.3169 -0.1135 -0.9417
vn -0.4949 -0.1394 -0.8577
vn -0.9313 0.2268 0.2851
vn -0.9649 0.1828 0.1888
vn -0.9621 0.2444 0.1206
vn -0.9373 0.1681 0.3054
vn -0.9692 0.1748 0.1735
vn -0.9932 0.0140 -0.1158
vn -0.9839 0.0342 -0.1752
vn -0.9945 0.0510 -0.0914
vn -0.9903 -0.0127 -0.1384
vn -0.9781 0.2074 0.0180
vn -0.9835 0.1755 -0.0441
vn -0.9900 -0.0243 -0.1392
vn -0.9799 0.1962 -0.0365
vn -0.7160 0.5308 0.4535
vn -0.6402 0.7382 0.2127
vn -0.9829 0.0693 -0.1705
vn -0.9870 0.0484 -0.1533
vn -0.9500 -0.2395 -0.2006
vn -0.9629 -0.0845 -0.2563
vn -0.9842 -0.1285 0.1215
vn -0.5655 -0.6045 0.5611
vn -0.7146 -0.6289 0.3065
vn 0.3483 -0.9220 -0.1689
vn 0.5970 -0.8005 0.0530
vn -0.9831 0.1032 -0.1511
vn -0.9814 0.0810 -0.1742
vn -0.9539 0.2988 -0.0296
vn -0.9642 0.1697 -0.2037
vn -0.9841 0.1186 -0.1323
vn -0.9711 0.0681 -0.2288
vn -0.9429 0.1144 -0.3128
vn -0.9177 0.2743 -0.2875
vn -0.9036 0.0745 -0.4219
vn -0.8746 0.2921 -0.3871
vn -0.7997 0.3036 -0.5180
vn -0.7235 0.6220 -0.2993
vn -0.7950 0.5735 -0.1975
vn -0.7980 0.4238 -0.4285
vn -0.7708 0.3499 -0.5324
vn -0.7493 0.0851 -0.6567
vn -0.8381 0.0575 -0.5425
vn -0.7107 0.4083 -0.5729
vn -0.6679 0.1253 -0.7336
vn -0.3335 -0.5458 -0.7687
vn -0.9172 0.3891 -0.0852
vn -0.8314 0.5436 0.1152
vn -0.6943 0.6668 -0.2707
vn -0.9433 0.2893 0.1629
vn -0.7559 0.5682 0.3253
vn -0.6638 0.7132 -0.2251
vn -0.2991 0.6696 -0.6798
vn -0.1640 0.5983 -0.7843
vn -0.4097 0.8002 -0.4379
vn -0.3754 0.7399 -0.5582
vn -0.5261 0.3057 -0.7936
vn -0.5263 0.4263 -0.7357
vn -0.4853 0.7883 -0.3781
vn -0.5991 0.7535 -0.2710
vn -0.4856 0.8042 -0.3427
vn -0.7037 0.7081 -0.0589
vn -0.6356 0.7654 -0.1012
vn -0.9277 0.3052 -0.2150
vn -0.8511 0.5229 -0.0460
vn -0.7340 0.3069 -0.6058
vn -0.6602 0.2984 -0.6892
vn -0.7156 0.5457 -0.4360
vn -0.6563 0.5090 -0.5569
vn -0.5609 0.4897 -0.6675
vn -0.4826 0.7719 -0.4139
vn -0.9982 0.0032 0.0591
vn -0.9909 0.0343 -0.1301
vn -0.9957 -0.0702 -0.0604
vn -0.1017 -0.2618 0.9598
vn -0.5342 -0.4017 -0.7438
vn -0.5235 -0.5270 -0.6695
vn -0.4654 -0.6567 -0.5934
vn -0.4541 -0.6397 -0.6202
vn 0.1070 -0.2358 0.9659
vn -0.7551 0.4071 0.5139
vn -0.1013 -0.3356 0.9365
vn 0.1369 -0.2930 0.9463
vn -0.6695 0.0785 -0.7387
vn 0.8929 -0.3117 0.3248
vn 0.8872 0.1226 0.4449
vn 0.6541 0.7310 0.1943
vn 0.9128 -0.0523 -0.4051
vn 0.1893 -0.6543 0.7321
vn 0.1967 -0.6012 0.7745
vn 0.1632 -0.6288 0.7603
vn 0.1755 -0.6799 0.7120
vn 0.3123 -0.0397 0.9492
vn -0.3052 0.0837 -0.9486
vn -0.8086 0.0143 -0.5882
vn -0.9925 0.0735 -0.0974
vn -0.9832 0.1029 -0.1506
vn -0.6324 -0.0654 -0.7719
vn -0.5180 0.2520 -0.8174
vn -0.1575 0.2521 -0.9548
vn -0.6030 0.2698 0.7508
vn -0.3774 0.4281 0.8211
vn -0.5826 0.4095 0.7021
vn -0.1017 0.8930 -0.4384
vn 0.5249 0.6920 0.4957
vn 0.6837 0.6230 0.3800
vn 0.7478 0.2198 0.6264
vn 0.5509 0.4267 0.7172
vn 0.0551 0.9353 -0.3495
vn 0.1010 0.9390 -0.3287
vn 0.1663 0.9790 -0.1179
vn 0.0827 0.9293 -0.3599
vn -0.0892 -0.6804 -0.7274
vn -0.1790 -0.7054 -0.6858
vn 0.2742 -0.9602 -0.0535
vn 0.3891 -0.8933 0.2249
vn 0.0158 -0.6303 -0.7762
vn -0.0317 -0.6501 -0.7592
vn 0.1619 -0.9820 -0.0977
vn 0.0660 -0.9856 -0.1556
vn 0.0732 -0.9742 0.2137
vn 0.2306 -0.9456 0.2294
vn -0.3978 0.3786 -0.8357
vn -0.5416 0.3165 -0.7788
vn 0.1434 -0.7083 -0.6912
vn -0.0860 -0.7404 -0.6666
vn -0.2182 -0.9563 -0.1944
vn 0.4189 -0.6165 0.6666
vn 0.2068 -0.6235 0.7539
vn 0.0758 -0.8990 -0.4313
vn 0.0478 -0.8854 -0.4624
vn 0.5084 0.1363 0.8503
vn 0.1432 0.3838 0.9122
vn 0.1249 0.6152 0.7784
vn 0.0825 -0.9775 0.1941
vn 0.2201 -0.9621 0.1611
vn 0.2497 -0.9037 0.3478
vn 0.0819 -0.9251 0.3707
vn -0.7127 0.1339 -0.6886
vn -0.6423 -0.1993 -0.7401
vn 0.1420 0.3918 -0.9090
vn -0.0791 0.6970 -0.7127
vn -0.1819 0.6263 -0.7580
vn 0.0840 0.2556 -0.9631
vn -0.7773 -0.2813 -0.5627
vn -0.7707 -0.0617 -0.6342
vn -0.7007 -0.3104 -0.6424
vn -0.7106 -0.4494 -0.5413
vn 0.2970 -0.2961 0.9078
vn 0.2622 -0.3581 0.8961
vn 0.0720 0.1895 0.9792
vn 0.0784 0.1636 0.9834
vn -0.7479 -0.4638 -0.4748
vn -0.6922 -0.5642 -0.4501
vn -0.2974 -0.7140 -0.6338
vn -0.6479 0.2224 -0.7286
vn -0.3643 -0.7318 -0.5759
vn -0.4107 -0.7617 -0.5011
vn -0.7291 0.1030 -0.6766
vn -0.7909 -0.0486 -0.6100
vn 0.6469 -0.7625 0.0093
vn 0.2071 -0.9459 -0.2497
vn -0.2406 0.3837 -0.8916
vn -0.2187 0.3709 -0.9026
vn -0.4006 0.3887 -0.8297
vn 0.0193 -0.6372 -0.7705
vn -0.0107 -0.8846 -0.4662
vn -0.0422 -0.9812 -0.1883
vn -0.0977 -0.8835 -0.4581
vn -0.1644 -0.9691 -0.1841
vn -0.0077 -0.6740 -0.7387
vn 0.0306 -0.7087 -0.7049
vn -0.1058 -0.8953 -0.4328
vn -0.2070 -0.9680 -0.1416
vn -0.1301 -0.9837 -0.1240
vn 0.0169 -0.9159 -0.4010
vn 0.2153 -0.8760 -0.4316
vn 0.2942 0.0521 -0.9543
vn 0.1885 0.1303 -0.9734
vn 0.1522 0.1434 -0.9779
vn 0.2490 0.0367 -0.9678
vn 0.4247 -0.0572 -0.9035
vn 0.3401 -0.1119 -0.9337
vn -0.2320 -0.6130 -0.7553
vn 0.0352 -0.6166 -0.7865
vn -0.1010 -0.7054 -0.7016
vn -0.4236 -0.6413 -0.6398
vn 0.3944 -0.3702 -0.8411
vn 0.5051 -0.3000 -0.8092
vn 0.5087 -0.2089 -0.8352
vn 0.3573 -0.3773 -0.8544
vn -0.6638 0.7456 -0.0586
vn -0.5447 0.7766 0.3165
vn -0.7626 0.5836 0.2789
vn -0.8556 0.4547 -0.2474
vn 0.3838 -0.5771 -0.7208
vn 0.3793 -0.6469 -0.6615
vn -0.4774 -0.7620 -0.4375
vn -0.8096 -0.2082 -0.5488
vn -0.6598 -0.6278 -0.4129
vn -0.6907 -0.5641 -0.4524
vn -0.2472 0.6895 -0.6808
vn -0.1039 0.7322 -0.6731
vn -0.2061 0.8062 -0.5546
vn -0.2965 0.7658 -0.5706
vn -0.5488 0.3036 -0.7788
vn -0.2500 0.1943 -0.9485
vn -0.2316 -0.2400 -0.9427
vn -0.4045 -0.2231 -0.8869
vn -0.0220 0.1161 -0.9930
vn -0.1595 -0.2550 -0.9537
vn -0.0233 -0.5472 -0.8367
vn -0.0321 -0.4596 -0.8875
vn -0.0728 -0.4994 -0.8633
vn -0.3989 0.6460 -0.6508
vn -0.1029 0.4240 -0.8998
vn -0.2929 0.7588 -0.5817
vn -0.0626 0.5035 -0.8617
vn 0.1099 0.2192 -0.9695
vn -0.2313 0.8272 -0.5121
vn 0.0559 0.8829 -0.4663
vn -0.0526 0.8710 -0.4884
vn -0.0023 0.8766 -0.4811
vn 0.0314 0.8777 -0.4781
vn 0.0242 0.8831 -0.4686
vn 0.0727 0.8706 -0.4865
vn 0.0366 0.8640 -0.5021
vn 0.0239 0.8578 -0.5134
vn 0.0301 0.9068 -0.4205
vn 0.0158 0.9650 -0.2619
vn -0.7401 -0.4431 -0.5059
vn -0.7545 -0.3203 -0.5729
vn -0.1802 0.9136 -0.3645
vn 0.0065 0.7971 -0.6039
vn 0.3668 0.7645 -0.5301
vn 0.1710 0.9701 -0.1724
vn 0.1982 -0.9197 -0.3390
vn 0.7649 -0.6419 0.0548
vn 0.2793 0.2741 -0.9203
vn -0.4757 -0.1018 -0.8737
vn -0.2608 -0.2089 -0.9425
vn 0.6067 0.1801 -0.7743
vn -0.2455 -0.8526 -0.4614
vn -0.5186 -0.0389 -0.8541
vn -0.7251 0.5696 -0.3870
vn -0.5929 -0.0442 -0.8041
vn -0.1974 -0.6094 -0.7679
vn -0.4186 0.6615 -0.6223
vn -0.3897 0.6326 -0.6692
vn -0.0904 0.8949 -0.4371
vn -0.5304 -0.7425 -0.4092
vn 0.2324 0.9577 -0.1695
vn 0.2466 0.9571 -0.1521
vn 0.3569 0.9330 0.0450
vn 0.1969 0.9782 0.0655
vn -0.0167 0.9972 -0.0735
vn -0.0189 0.9157 -0.4014
vn 0.1047 0.8071 -0.5810
vn 0.1640 0.7426 -0.6494
vn 0.0467 0.7706 -0.6356
vn -0.0091 0.6260 -0.7798
vn -0.6034 0.3204 -0.7302
vn -0.6172 0.3309 -0.7139
vn -0.5835 -0.2511 -0.7723
vn -0.6911 -0.2317 -0.6847
vn -0.7962 -0.3319 -0.5059
vn 0.1243 -0.4962 -0.8593
vn -0.7519 0.0226 -0.6589
vn -0.7936 -0.1571 -0.5878
vn 0.4517 -0.0595 -0.8902
vn 0.3078 0.0478 -0.9502
vn -0.6820 0.1953 -0.7048
vn 0.1985 0.1045 -0.9745
vn 0.0882 0.1459 -0.9854
vn -0.5674 0.3261 -0.7561
vn -0.0190 0.8239 -0.5665
vn -0.1493 0.8336 -0.5319
vn 0.6437 -0.1819 0.7434
vn 0.4324 -0.5545 0.7110
vn 0.1292 0.2028 0.9707
vn -0.2729 0.3962 0.8767
vn -0.2512 0.3576 0.8994
vn 0.5951 -0.5107 0.6205
vn 0.4958 -0.4157 0.7625
vn 0.4101 -0.1353 0.9019
vn 0.1492 0.8331 0.5326
vn -0.2362 0.8039 0.5459
vn -0.2597 0.6007 0.7561
vn 0.0481 -0.9258 -0.3748
vn 0.0017 -0.9257 -0.3782
vn -0.4392 0.7430 0.5050
vn -0.4640 0.5342 0.7067
vn 0.8911 -0.3031 0.3377
vn 0.8836 -0.2587 0.3902
vn 0.1568 -0.9794 -0.1270
vn 0.2659 -0.9598 -0.0903
vn 0.3757 -0.9144 0.1505
vn -0.5747 0.6897 0.4405
vn -0.5858 0.4649 0.6638
vn -0.2747 0.4450 0.8523
vn -0.5797 0.7950 0.1788
vn -0.6490 0.6864 0.3280
vn -0.6736 0.4109 0.6144
vn -0.6767 0.4607 0.5742
vn -0.7521 -0.2174 -0.6222
vn -0.9776 -0.1292 -0.1663
vn -0.8316 -0.4458 -0.3312
vn -0.4153 -0.6009 -0.6830
vn -0.3957 0.9161 -0.0650
vn -0.4677 0.8836 0.0247
vn -0.6003 0.5968 0.5325
vn -0.5176 0.7147 0.4705
vn -0.4580 0.3594 0.8130
vn -0.2555 0.4246 0.8686
vn -0.4388 0.8930 -0.1001
vn -0.5339 0.8335 -0.1422
vn -0.2460 0.6390 -0.7289
vn -0.6648 0.5868 -0.4623
vn -0.3187 0.3700 -0.8727
vn -0.4634 -0.1739 -0.8689
vn 0.0283 -0.5734 -0.8188
vn -0.0297 -0.6480 -0.7611
vn 0.1690 -0.7579 -0.6301
vn 0.1885 -0.7120 -0.6764
vn -0.0191 -0.6297 -0.7766
vn 0.3010 -0.7753 -0.5553
vn 0.2034 -0.5915 -0.7802
vn 0.0651 -0.1387 -0.9882
vn 0.1374 -0.1801 -0.9740
vn 0.2314 -0.2484 -0.9406
vn 0.2078 -0.7070 -0.6759
vn 0.4045 -0.2809 -0.8703
vn 0.1766 -0.4549 -0.8728
vn -0.9314 0.3268 -0.1602
vn -0.8309 0.4812 0.2794
vn -0.8946 0.4467 -0.0044
vn -0.9407 0.1747 -0.2907
vn -0.3026 0.9476 -0.1022
vn -0.1784 0.8832 -0.4337
vn 0.1249 0.7194 -0.6833
vn -0.0610 0.9079 -0.4146
vn 0.1100 0.7010 -0.7047
vn 0.2202 0.6079 -0.7629
vn -0.1066 0.9911 0.0796
vn -0.1650 0.9792 -0.1183
vn -0.3161 0.9341 0.1659
vn 0.1335 0.9612 0.2415
vn -0.1806 0.9406 0.2876
vn 0.1977 0.9435 0.2659
vn 0.4282 0.8759 0.2221
vn 0.6465 -0.1524 0.7475
vn 0.8580 -0.3010 0.4162
vn 0.7730 0.0282 0.6337
vn 0.8791 -0.0752 0.4706
vn -0.3391 -0.8558 0.3908
vn 0.7801 -0.5218 0.3453
vn 0.8215 -0.1504 0.5501
vn 0.6876 -0.6671 0.2866
vn 0.3936 -0.9193 -0.0023
vn 0.5450 -0.8204 0.1729
vn 0.5400 -0.8273 0.1548
vn 0.4162 -0.9089 0.0265
vn 0.2590 -0.9590 -0.1154
vn -0.4626 -0.8619 -0.2075
vn -0.5814 -0.7995 -0.1511
vn -0.2378 -0.9668 -0.0938
vn -0.2577 -0.9662 0.0116
vn 0.4279 -0.8430 0.3260
vn 0.1182 -0.9166 -0.3820
vn 0.1194 -0.9231 -0.3655
vn -0.3041 -0.9016 0.3078
vn -0.3832 -0.7617 0.5225
vn 0.4910 -0.1759 0.8532
vn 0.2919 -0.6423 0.7087
vn -0.5629 0.3043 0.7685
vn -0.6426 0.2517 0.7236
vn 0.6676 -0.6933 0.2714
vn -0.0944 -0.9025 0.4203
vn -0.0790 -0.9703 0.2288
vn -0.2430 -0.9315 0.2708
vn -0.2609 -0.8428 0.4708
vn -0.3198 -0.8944 0.3127
vn -0.3480 -0.7889 0.5064
vn 0.2897 -0.2944 0.9107
vn -0.3223 0.7888 -0.5234
vn -0.2831 0.8663 -0.4115
vn -0.2756 0.8994 -0.3392
vn -0.2925 0.8477 -0.4427
vn -0.6508 0.5208 0.5525
vn -0.6695 0.2601 0.6958
vn -0.6407 0.3786 0.6680
vn -0.2208 -0.9316 0.2887
vn -0.3032 -0.8926 0.3336
vn -0.0907 -0.5593 -0.8240
vn -0.0123 -0.9800 -0.1985
vn -0.0342 -0.9985 -0.0436
vn -0.1509 -0.9885 0.0112
vn -0.1167 -0.9858 -0.1212
vn -0.6541 -0.6624 -0.3652
vn -0.3743 -0.7438 -0.5538
vn -0.7326 0.4204 0.5353
vn -0.8027 0.5077 0.3129
vn -0.7030 0.3567 0.6153
vn -0.7355 0.4588 0.4986
vn -0.6568 0.3723 0.6557
vn -0.6646 0.4510 0.5958
vn -0.3768 -0.8953 -0.2375
vn -0.8925 0.0729 -0.4452
vn -0.9876 0.0148 -0.1564
vn -0.3384 -0.8661 0.3679
vn -0.3194 -0.9223 0.2177
vn -0.2453 -0.9629 0.1124
vn -0.1061 -0.9191 -0.3795
vn -0.2928 -0.2314 -0.9278
vn 0.2357 0.5306 -0.8142
vn -0.2495 0.8952 -0.3693
vn -0.0727 0.8096 -0.5824
vn -0.4706 0.8792 -0.0749
vn -0.4964 0.8423 0.2098
vn -0.3899 0.8596 0.3303
vn -0.2086 0.8952 0.3938
vn 0.1629 0.9169 0.3643
vn 0.4756 0.8207 0.3167
vn -0.2086 -0.9029 -0.3759
vn -0.5823 0.3769 0.7203
vn -0.6105 0.4460 0.6545
vn -0.4715 0.3532 0.8080
vn -0.5048 0.4239 0.7520
vn 0.0678 -0.9245 -0.3751
vn 0.6983 0.0956 0.7094
vn 0.0657 -0.9712 -0.2292
vn 0.0710 -0.9934 -0.0905
vn 0.1324 0.6446 -0.7529
vn -0.1319 0.8270 -0.5465
vn 0.6674 -0.6846 0.2931
vn -0.0491 0.5468 -0.8358
vn -0.0799 0.3847 -0.9196
vn -0.1269 0.7002 -0.7026
vn -0.2233 0.8257 -0.5180
vn -0.2707 0.9056 -0.3266
vn -0.2520 0.6399 -0.7260
vn -0.2566 0.7416 -0.6198
vn 0.2535 0.9638 -0.0826
vn 0.0565 0.9963 -0.0646
vn -0.2129 0.6911 -0.6907
vn -0.2418 0.8222 -0.5153
vn 0.0149 0.7267 0.6868
vn 0.0869 0.0645 0.9941
vn -0.1995 0.6435 -0.7390
vn -0.1907 0.6291 -0.7536
vn -0.1361 0.7238 -0.6765
vn -0.1695 0.6978 -0.6960
vn -0.2244 0.6315 -0.7422
vn -0.1369 0.7517 -0.6451
vn -0.0256 0.8783 -0.4774
vn -0.0677 0.8547 -0.5147
vn -0.1350 0.8083 -0.5731
vn -0.3405 0.6639 -0.6658
vn -0.2548 0.6649 -0.7021
vn -0.2398 0.6836 -0.6894
vn -0.3417 0.6704 -0.6587
vn -0.2118 0.7708 -0.6008
vn -0.3192 0.7457 -0.5848
vn -0.6349 -0.3130 -0.7063
vn -0.6169 -0.2744 -0.7376
vn -0.5774 -0.4046 -0.7092
vn -0.6389 -0.3682 -0.6754
vn -0.5549 -0.2693 -0.7871
vn -0.4869 -0.4649 -0.7394
vn -0.3155 -0.8050 -0.5023
vn -0.4194 -0.7134 -0.5614
vn -0.5353 -0.6260 -0.5671
vn -0.2762 0.6576 -0.7009
vn -0.1837 0.7795 -0.5988
vn -0.3217 0.7136 -0.6224
vn -0.2545 0.8082 -0.5311
vn -0.1544 0.8959 -0.4166
vn -0.0688 0.8841 -0.4622
vn -0.6052 -0.4654 -0.6459
vn -0.6239 -0.3731 -0.6867
vn -0.6523 -0.4133 -0.6354
vn -0.6275 -0.5232 -0.5766
vn -0.6014 -0.5861 -0.5429
vn -0.5884 -0.6859 -0.4283
vn 0.2357 -0.0191 -0.9716
vn -0.3629 0.3593 -0.8598
vn -0.1414 0.9745 -0.1743
vn -0.1863 0.9356 -0.2999
vn -0.0626 0.9923 -0.1065
vn -0.3488 0.7774 -0.5233
vn -0.3691 0.6913 -0.6211
vn -0.4447 0.6460 -0.6204
vn -0.4293 0.7192 -0.5463
vn -0.3504 0.5738 -0.7403
vn -0.4110 0.4685 -0.7821
vn -0.5572 -0.5464 -0.6253
vn -0.5548 -0.6242 -0.5501
vn -0.4360 -0.8449 -0.3099
vn -0.3223 -0.8766 -0.3574
vn -0.4682 -0.2924 -0.8339
vn -0.3911 -0.5078 -0.7676
vn -0.3761 -0.3107 -0.8729
vn -0.3073 -0.5368 -0.7858
vn -0.1832 -0.8188 -0.5441
vn -0.2517 -0.8395 -0.4815
vn -0.2997 -0.3105 -0.9021
vn -0.2479 -0.5519 -0.7962
vn -0.2455 -0.3001 -0.9218
vn -0.2016 -0.5576 -0.8053
vn -0.1097 -0.8246 -0.5550
vn -0.1351 -0.8199 -0.5564
vn -0.5056 -0.2539 -0.8246
vn -0.4510 -0.5835 -0.6753
vn -0.3671 -0.8589 -0.3571
vn -0.3775 -0.8814 -0.2840
vn -0.1333 -0.2794 -0.9509
vn -0.1135 -0.5516 -0.8264
vn -0.0723 -0.7950 -0.6023
vn -0.6066 -0.3692 -0.7041
vn -0.6005 -0.2183 -0.7692
vn -0.3143 0.8355 -0.4507
vn -0.2153 0.5109 -0.8322
vn -0.4002 0.5607 -0.7249
vn -0.4171 0.6391 -0.6462
vn -0.4310 0.6169 -0.6586
vn -0.4106 0.7158 -0.5648
vn -0.3644 0.3399 -0.8670
vn -0.1628 0.2331 -0.9587
vn -0.3668 0.6152 -0.6978
vn 0.1944 0.9622 0.1906
vn 0.2727 0.9233 0.2706
vn 0.4744 0.6611 0.5812
vn 0.4019 0.7684 0.4981
vn -0.1716 -0.9707 0.1683
vn -0.0363 -0.9928 0.1139
vn 0.2654 -0.8244 0.5000
vn 0.0804 -0.8952 0.4383
vn -0.1333 -0.0330 -0.9905
vn -0.2685 -0.0471 -0.9621
vn -0.5335 -0.0319 -0.8452
vn -0.3290 -0.0554 -0.9427
vn -0.4095 -0.0744 -0.9093
vn -0.4988 -0.1086 -0.8599
vn -0.5696 -0.1509 -0.8080
vn -0.5988 -0.4440 -0.6665
vn -0.5995 -0.4214 -0.6805
vn -0.2218 0.9739 -0.0490
vn -0.1353 0.9796 -0.1486
vn -0.0081 0.9778 0.2095
vn -0.1189 0.9660 0.2296
vn -0.6066 -0.3493 -0.7142
vn -0.6210 -0.2715 -0.7353
vn -0.3281 0.5725 -0.7514
vn -0.2729 0.5697 -0.7752
vn -0.6128 -0.2013 -0.7642
vn -0.2854 0.6156 -0.7346
vn -0.2360 0.6088 -0.7574
vn -0.2286 0.5863 -0.7772
vn -0.2629 -0.3818 -0.8861
vn -0.1469 -0.4992 -0.8539
vn -0.8519 0.3252 0.4105
vn -0.8031 0.4685 0.3681
vn -0.9231 0.1906 -0.3339
vn -0.6553 -0.2699 0.7055
vn -0.6624 0.0349 0.7483
vn -0.8001 -0.3770 0.4666
vn -0.7983 -0.0323 -0.6014
vn -0.8205 0.5707 -0.0334
vn -0.3451 -0.8351 -0.4284
vn -0.5059 -0.1634 -0.8470
vn -0.5706 -0.1784 -0.8016
vn -0.9653 0.1163 0.2337
vn -0.9449 0.0724 0.3194
vn -0.7996 0.4935 0.3422
vn -0.9961 0.0750 -0.0474
vn -0.8881 0.0719 0.4539
vn -0.9063 0.0201 -0.4221
vn -0.7382 0.2859 0.6110
vn -0.1916 -0.9810 -0.0303
vn -0.2286 -0.9700 0.0823
vn -0.1905 -0.9816 -0.0139
vn -0.8452 0.5332 -0.0352
vn -0.8216 0.5320 -0.2048
vn 0.5559 0.7734 0.3046
vn 0.8129 -0.4973 0.3031
vn 0.8449 -0.5332 -0.0424
vn 0.7921 0.4676 0.3925
vn 0.3380 0.8926 0.2982
vn 0.3273 0.9442 0.0377
vn 0.5044 0.5517 0.6642
vn 0.6248 -0.1123 0.7727
vn 0.3410 0.8778 0.3365
vn 0.5416 0.5394 0.6448
vn -0.8315 0.2599 0.4910
vn -0.9439 0.1466 -0.2958
vn -0.9843 0.1632 -0.0675
vn -0.9397 0.3348 -0.0702
vn -0.7285 0.2891 -0.6211
vn -0.8936 -0.0319 -0.4477
vn -0.0081 -0.9962 0.0867
vn 0.3554 -0.8271 0.4355
vn -0.0082 -0.9746 0.2238
vn 0.3038 -0.8493 0.4317
vn 0.5825 -0.4677 0.6648
vn 0.5832 -0.4625 0.6678
vn 0.4864 -0.5194 0.7026
vn -0.2511 0.9680 -0.0012
vn -0.1698 0.9652 0.1988
vn 0.0898 0.5310 0.8426
vn -0.0215 0.6505 0.7592
vn 0.0916 -0.9676 0.2351
vn 0.1386 -0.9776 0.1581
vn 0.2120 -0.8297 0.5164
vn 0.2031 -0.7880 0.5813
vn 0.0819 -0.9902 0.1134
vn 0.1582 -0.8770 0.4537
vn 0.1945 -0.6010 0.7752
vn 0.2415 -0.5526 0.7977
vn 0.2709 -0.5269 0.8056
vn -0.0774 0.9781 -0.1934
vn 0.0399 0.9755 0.2161
vn -0.0347 0.9810 -0.1910
vn 0.0623 0.9689 0.2395
vn 0.1990 0.4748 0.8573
vn 0.2106 0.4976 0.8414
vn 0.1880 0.5134 0.8373
vn 0.0273 -0.9951 0.0952
vn 0.0805 -0.8984 0.4318
vn 0.1199 -0.6365 0.7619
vn 0.0121 -0.9765 0.2154
vn 0.2532 -0.8403 0.4794
vn 0.0070 -0.9844 0.1759
vn 0.2165 -0.8318 0.5112
vn 0.3834 -0.5055 0.7730
vn 0.4910 -0.4936 0.7178
vn 0.5118 0.2525 0.8211
vn 0.4742 0.4195 0.7740
vn 0.5714 0.1519 0.8065
vn 0.0695 0.9963 0.0501
vn -0.0002 0.9981 -0.0611
vn 0.5322 0.3970 0.7478
vn 0.5065 0.6558 0.5597
vn 0.3370 0.7318 0.5923
vn 0.3598 0.3416 0.8683
vn 0.1768 0.9831 0.0475
vn 0.3309 0.8633 0.3811
vn 0.4127 0.5227 0.7460
vn 0.5820 0.3236 0.7460
vn 0.1449 0.9831 0.1118
vn 0.1662 0.9793 0.1154
vn 0.0268 0.9880 -0.1518
vn 0.1108 0.9504 0.2906
vn 0.1124 0.9896 -0.0902
vn 0.1866 0.9146 0.3586
vn 0.3021 0.4897 0.8179
vn 0.2425 0.4663 0.8507
vn 0.2901 0.9564 0.0349
vn 0.4204 -0.6810 0.5996
vn -0.1852 -0.9714 -0.1489
vn -0.2843 -0.9551 -0.0839
vn 0.1630 0.9856 -0.0441
vn 0.2500 0.9095 0.3322
vn 0.3484 0.5286 0.7741
vn -0.2956 -0.9465 0.1297
vn -0.0300 -0.9654 0.2592
vn 0.4290 -0.8560 0.2883
vn 0.0546 -0.9879 0.1450
vn 0.1936 -0.8337 0.5172
vn 0.0471 -0.9837 0.1737
vn 0.2047 -0.8153 0.5416
vn 0.3112 -0.5065 0.8041
vn 0.3224 -0.4988 0.8045
vn 0.9061 -0.3893 -0.1657
vn 0.9427 0.3330 -0.0216
vn 0.9884 0.1392 -0.0610
vn 0.9995 0.0060 -0.0308
vn 0.9955 0.0944 -0.0064
vn 0.9956 0.0937 0.0012
vn 0.0338 -0.9699 0.2412
vn 0.1943 -0.7925 0.5781
vn 0.2924 -0.5237 0.8001
vn -0.3388 0.9003 -0.2734
vn -0.2222 0.9211 -0.3197
vn 0.0008 0.9757 -0.2192
vn 0.0566 0.9563 -0.2867
vn 0.2307 -0.0494 0.9718
vn 0.1868 -0.0312 0.9819
vn -0.0986 -0.9915 -0.0849
vn -0.0908 -0.9892 -0.1152
vn -0.0388 -0.9862 -0.1609
vn -0.1467 -0.9677 -0.2052
vn -0.2820 -0.9281 -0.2431
vn 0.7531 0.3699 0.5441
vn 0.0747 0.9560 -0.2838
vn 0.5726 -0.2490 0.7811
vn 0.6598 -0.3498 0.6651
vn 0.0151 0.9597 -0.2808
vn 0.6104 0.1183 0.7832
vn -0.0587 0.9498 -0.3074
vn -0.1218 0.9365 -0.3289
vn 0.4469 0.0966 0.8893
vn 0.4290 0.1604 0.8889
vn -0.3473 -0.9147 -0.2068
vn -0.3569 -0.9299 -0.0883
vn -0.0248 -0.9598 -0.2797
vn -0.0032 -0.9776 -0.2103
vn -0.3381 0.8988 -0.2789
vn 0.0209 -0.9806 -0.1949
vn -0.2098 0.9075 -0.3639
vn -0.2367 -0.9687 -0.0742
vn 0.1114 -0.2709 0.9562
vn 0.1755 -0.2530 0.9514
vn 0.0626 0.0776 0.9950
vn 0.1319 0.0852 0.9876
vn 0.5664 -0.1494 0.8105
vn 0.6662 -0.1715 0.7258
vn 0.4542 -0.1484 0.8784
vn 0.4616 0.0874 0.8828
vn 0.5871 0.0862 0.8049
vn 0.7008 0.0220 0.7130
vn 0.3312 0.1460 0.9322
vn 0.3840 0.1847 0.9047
vn 0.3997 0.1944 0.8958
vn 0.4370 0.2470 0.8649
vn 0.3943 0.1085 0.9126
vn 0.7136 0.4385 0.5464
vn 0.7336 0.5311 0.4239
vn 0.5310 0.5043 0.6810
vn 0.4973 0.3568 0.7908
vn 0.2390 0.0663 0.9688
vn 0.2689 0.1342 0.9538
vn 0.3116 -0.0451 0.9491
vn 0.2945 0.9176 0.2668
vn 0.6458 0.2909 0.7059
vn 0.8680 0.3996 0.2948
vn 0.9202 0.3545 0.1662
vn 0.9710 0.2132 -0.1081
vn 0.5975 -0.0779 0.7981
vn 0.7396 -0.0906 0.6669
vn 0.6367 0.0393 0.7701
vn 0.6273 0.0642 0.7761
vn 0.7698 0.0753 0.6338
vn 0.1329 -0.1029 0.9858
vn 0.2600 -0.1981 0.9451
vn 0.2060 -0.3221 0.9240
vn 0.7968 -0.5179 0.3111
vn 0.9486 -0.1503 0.2785
vn 0.9814 -0.1671 -0.0943
vn 0.3452 -0.1649 0.9239
vn 0.3845 -0.1505 0.9108
vn 0.3431 0.1261 0.9308
vn 0.3894 0.0995 0.9157
vn 0.3254 -0.1865 0.9270
vn 0.2963 -0.2087 0.9320
vn 0.2715 0.1227 0.9546
vn 0.3110 0.1615 0.9366
vn 0.2418 0.0248 0.9700
vn 0.3777 -0.0152 0.9258
vn 0.3133 -0.1804 0.9324
vn 0.6537 -0.2002 0.7298
vn 0.6893 -0.0314 0.7238
vn 0.2349 -0.2282 0.9449
vn 0.2090 0.1038 0.9724
vn 0.2883 -0.1548 0.9450
vn 0.7048 0.1162 0.6998
vn 0.6787 -0.0825 0.7297
vn 0.6752 0.0060 0.7376
vn 0.6008 0.1056 0.7924
vn 0.5871 -0.1951 0.7856
vn 0.3219 0.1281 0.9381
vn 0.2412 0.3098 0.9197
vn 0.1723 0.2891 0.9416
vn 0.1810 0.0870 0.9796
vn 0.6167 -0.5993 0.5104
vn 0.7352 -0.3008 0.6075
vn 0.0938 0.2568 0.9619
vn 0.0414 0.0654 0.9970
vn 0.0742 -0.4486 0.8907
vn 0.2136 -0.4342 0.8751
vn 0.3244 -0.4211 0.8470
vn 0.4006 0.2446 0.8830
vn 0.4639 0.2132 0.8599
vn 0.4466 0.1242 0.8861
vn 0.4237 0.0871 0.9016
vn 0.3978 -0.3299 0.8561
vn 0.3475 0.2789 0.8952
vn 0.7146 0.6130 0.3370
vn 0.7119 0.6736 0.1986
vn 0.5282 0.8046 0.2712
vn 0.5725 0.6797 0.4586
vn 0.9347 0.3370 0.1133
vn 0.9412 0.3130 0.1270
vn 0.9947 0.0651 0.0793
vn 0.8332 0.1264 0.5383
vn 0.4795 0.8247 0.2999
vn 0.9707 0.0971 0.2199
vn 0.9667 0.2303 0.1114
vn 0.9376 0.0440 0.3449
vn 0.8041 -0.4892 0.3378
vn 0.9898 -0.1215 0.0747
vn 0.9944 0.1002 0.0349
vn 0.9876 0.1553 0.0248
vn 0.9844 0.0597 0.1658
vn 0.3988 0.9166 0.0282
vn 0.2485 0.9680 -0.0361
vn 0.1042 -0.8659 0.4892
vn 0.1554 -0.8264 0.5412
vn 0.1904 -0.9467 0.2599
vn 0.1853 -0.9541 0.2351
vn 0.1472 -0.9849 0.0907
vn 0.1087 -0.9896 0.0944
vn 0.2652 -0.9555 0.1294
vn 0.2475 -0.9482 0.1990
vn 0.3787 -0.7348 0.5627
vn 0.2274 0.9642 -0.1364
vn 0.9848 -0.1730 0.0148
vn 0.5114 -0.8375 0.1923
vn 0.5579 -0.8189 -0.1349
vn 0.8899 -0.4423 -0.1117
vn 0.5261 -0.8196 -0.2269
vn 0.9406 -0.3005 -0.1582
vn 0.1801 -0.6780 0.7126
vn 0.1733 -0.7292 0.6619
vn 0.2829 -0.5930 0.7539
vn 0.4436 0.8962 0.0028
vn 0.7199 0.6931 0.0357
vn 0.6860 0.7191 -0.1107
vn 0.3819 0.9085 -0.1696
vn 0.3014 0.9504 -0.0765
vn 0.9425 0.3050 0.1363
vn 0.9407 0.3324 0.0673
vn 0.9849 0.1061 0.1366
vn 0.3922 0.1192 0.9121
vn 0.9726 0.2231 -0.0648
vn 0.9953 -0.0115 0.0958
vn 0.9926 -0.1114 -0.0473
vn 0.9864 0.1608 -0.0340
vn 0.8950 0.4214 -0.1462
vn 0.0742 -0.9950 -0.0670
vn 0.3079 -0.9484 0.0756
vn 0.0477 -0.9983 -0.0330
vn 0.9688 0.2295 -0.0937
vn 0.7073 0.1078 0.6987
vn 0.9133 -0.0991 -0.3952
vn 0.4361 -0.1854 -0.8806
vn -0.3513 -0.9362 -0.0120
vn -0.2500 -0.1504 -0.9565
vn -0.7888 0.1611 -0.5932
vn -0.3081 -0.2225 -0.9250
vn -0.2978 -0.3085 -0.9034
vn -0.4255 0.1876 -0.8853
vn -0.2353 0.1270 -0.9636
vn -0.1334 0.8542 0.5025
vn -0.6520 0.2730 0.7073
vn -0.6622 0.4011 0.6329
vn -0.7716 0.4944 0.4002
vn -0.8119 0.4983 0.3042
vn -0.8439 0.4910 0.2165
vn 0.5434 -0.8139 0.2057
vn -0.0698 -0.9684 0.2396
vn -0.5302 0.4474 0.7203
vn -0.8933 0.4453 -0.0608
vn -0.9796 0.1510 -0.1329
vn 0.1516 -0.9675 -0.2025
vn 0.5669 -0.7692 0.2950
vn -0.9939 -0.0095 0.1101
vn -0.9666 -0.2548 0.0268
vn -0.8250 0.5249 0.2093
vn -0.7522 0.4580 0.4738
vn -0.6694 0.4233 0.6104
vn -0.6235 0.4273 0.6548
vn -0.8648 -0.4977 -0.0658
vn -0.9981 0.0525 0.0334
vn 0.7134 0.1371 0.6872
vn -0.7937 0.6081 -0.0129
vn -0.9764 0.2098 0.0508
vn -0.9881 0.1276 0.0858
vn -0.6483 0.6558 0.3868
vn -0.9346 0.0226 -0.3551
vn -0.8761 0.4209 -0.2351
vn -0.9114 0.2599 -0.3190
vn -0.8270 0.2661 -0.4952
vn -0.5215 0.6352 -0.5697
vn -0.2435 0.1865 -0.9518
vn -0.5175 -0.3511 -0.7803
vn -0.9863 0.0339 -0.1617
vn -0.9935 0.0859 -0.0753
vn -0.9792 -0.0233 -0.2016
vn -0.9513 -0.0287 -0.3069
vn -0.5099 0.8065 -0.2994
vn -0.7072 0.2973 -0.6414
vn -0.7205 -0.0643 -0.6905
vn -0.8561 0.2041 -0.4748
vn -0.8825 -0.0328 -0.4691
vn -0.1165 0.4767 0.8713
vn 0.2544 0.9592 -0.1237
vn 0.4908 0.8416 -0.2253
vn 0.5409 0.8394 -0.0538
vn 0.2225 0.9563 -0.1897
vn 0.0928 -0.9912 -0.0940
vn 0.5134 -0.8534 0.0903
vn 0.8097 -0.5573 -0.1841
vn 0.1833 -0.9070 -0.3791
vn 0.7630 -0.6423 -0.0725
vn 0.0646 -0.9941 -0.0870
vn 0.9835 0.0560 -0.1722
vn 0.9950 -0.0615 -0.0787
vn 0.8761 0.4818 -0.0204
vn 0.8842 0.4104 -0.2231
vn 0.5298 0.8350 -0.1488
vn 0.6874 0.7079 -0.1625
vn 0.7472 -0.6354 -0.1950
vn 0.9769 -0.1221 -0.1753
vn 0.4331 0.8393 -0.3286
vn 0.8391 0.5118 -0.1842
vn 0.8257 0.2437 -0.5088
vn 0.4234 0.6793 -0.5994
vn 0.1641 0.9266 -0.3384
vn 0.1603 0.7136 -0.6819
vn 0.9796 -0.1916 -0.0606
vn 0.5321 -0.8341 -0.1453
vn 0.5178 -0.8555 -0.0013
vn 0.9436 -0.2911 -0.1579
vn -0.1446 -0.9813 -0.1269
vn -0.0815 -0.9861 -0.1449
vn 0.5384 -0.6847 0.4912
vn 0.9493 -0.2247 -0.2197
vn 0.3434 -0.8462 0.4075
vn 0.4485 0.5006 -0.7404
vn 0.1967 0.5616 -0.8037
vn 0.5374 -0.8292 -0.1535
vn 0.6968 0.2802 -0.6602
vn 0.2990 0.9475 -0.1131
vn 0.0004 0.8791 0.4766
vn 0.0000 0.5409 0.8411
vn 0.0086 0.9264 0.3764
vn 0.0000 0.8993 0.4374
vn 0.0054 0.9234 0.3839
vn -0.0085 0.9156 0.4021
vn 0.0000 0.9125 0.4090
vn 0.0020 0.7750 0.6320
vn -0.0000 0.9021 0.4314
vn 0.0000 0.8974 0.4412
vn 0.0057 0.8801 0.4748
vn 0.0000 0.9273 0.3744
vn -0.0020 0.0120 0.9999
vn -0.2531 0.4325 0.8654
g man_body_0014_uv_map_man_body_0014_uv_map.003_man_body_0014_uv_map_man_body_0014_uv_map.003_Material.004
usemtl Material.004
s off
f 1/1/1 2/2/1 3/3/1
f 1/1/2 4/4/2 2/2/2
f 1/1/1 5/5/1 4/4/1
f 1/1/3 6/6/3 5/5/3
f 7/7/4 6/6/4 1/1/4
f 7/7/4 8/8/4 6/6/4
f 9/9/5 8/8/5 7/7/5
f 9/9/5 10/10/5 8/8/5
f 11/11/6 10/10/6 9/9/6
f 11/11/6 12/12/6 10/10/6
f 13/13/7 14/14/7 11/11/7
f 15/15/8 16/16/8 17/17/8
f 18/18/9 14/14/9 13/13/9
f 18/18/10 19/19/10 20/20/10
f 14/14/11 17/17/11 21/21/11
f 22/22/12 23/23/12 19/19/12
f 14/14/13 24/24/13 17/17/13
f 24/24/14 15/15/14 17/17/14
f 25/25/15 18/18/15 20/20/15
f 19/19/16 23/23/16 20/20/16
f 22/22/17 26/26/17 23/23/17
f 25/25/18 14/14/18 18/18/18
f 14/14/19 12/12/19 11/11/19
f 14/14/20 21/21/20 12/12/20
f 27/27/21 16/16/21 28/28/21
f 28/28/22 16/16/22 15/15/22
f 29/29/23 27/27/23 28/28/23
s 1
f 30/30/24 31/31/25 5/32/26 6/33/27
f 32/34/28 33/35/29 34/36/30 35/37/31
f 36/38/32 37/39/33 38/40/34 39/41/35
f 40/42/36 41/43/37 42/44/38 43/45/39
f 44/46/40 45/47/41 46/48/42 47/49/43
f 48/50/44 49/51/45 50/52/46 51/53/47
f 52/54/48 48/50/44 51/53/47 53/55/49
f 54/56/50 55/57/51 56/58/52 57/59/53
f 58/60/54 59/61/55 60/62/56 61/63/57
f 62/64/58 63/65/59 64/66/60 65/67/61
f 66/68/62 67/69/63 68/70/64 69/71/65
f 70/72/66 71/73/67 72/74/68 73/75/69
f 74/76/70 75/77/71 76/78/72 77/79/73
f 55/57/51 54/56/50 78/80/74 79/81/75
f 80/82/76 81/83/77 82/84/78 83/85/79
f 84/86/80 85/87/81 86/88/82 87/89/83
f 88/90/84 89/91/85 90/92/86 91/93/87
f 92/94/88 93/95/89 94/96/90 95/97/91
f 96/98/92 92/94/88 95/97/91 97/99/93
f 98/100/94 99/101/95 100/102/96 101/103/97
f 102/104/98 103/105/99 104/106/100 105/107/101
f 106/108/102 107/109/103 108/110/104 109/111/105
f 110/112/106 111/113/107 112/114/108 113/115/109
f 114/116/110 115/117/111 116/118/112 117/119/113
f 117/119/113 116/118/112 118/120/114 119/121/115
f 116/118/112 120/122/116 121/123/117 118/120/114
f 115/117/111 122/124/118 120/122/116 116/118/112
f 123/125/119 124/126/120 125/127/121 126/128/122
f 127/129/123 128/130/124 129/131/125 130/132/126
f 131/133/127 132/134/128 133/135/129 134/136/130
f 135/137/131 130/132/126 136/138/132 137/139/133
f 138/140/134 135/137/131 137/139/133 139/141/135
f 140/142/136 141/143/137 142/144/138 143/145/139
f 93/95/89 144/146/140 145/147/141 94/96/90
f 146/148/142 147/149/143 148/150/144 149/151/145
f 149/151/145 148/150/144 150/152/146 151/153/147
f 148/150/144 152/154/148 153/155/149 150/152/146
f 147/149/143 154/156/150 152/154/148 148/150/144
f 155/157/151 156/158/152 157/159/153 158/160/154
f 50/52/46 140/142/136 143/145/139 159/161/155
f 160/162/156 161/163/157 79/81/75 162/164/158
f 163/165/159 164/166/160 165/167/161 166/168/162
f 167/169/163 168/170/164 169/171/165 170/172/166
f 171/173/167 172/174/168 75/77/71 74/76/70
f 173/175/169 174/176/170 175/177/171 176/178/172
f 177/179/173 178/180/174 179/181/175 180/182/176
f 181/183/177 180/182/176 182/184/178 183/185/179
f 180/182/176 179/181/175 184/186/180 182/184/178
f 185/187/181 186/188/182 187/189/183 188/190/184
f 189/191/185 173/175/169 176/178/172 190/192/186
f 191/193/187 192/194/188 193/195/189 194/196/190
f 195/197/191 191/193/187 194/196/190 196/198/192
f 47/49/43 197/199/193 198/200/194 199/201/195
f 200/202/196 158/160/154 157/159/153 201/203/197
f 202/204/198 96/205/92 203/206/199 204/207/200
f 205/208/201 53/209/49 161/163/157 160/162/156
f 206/210/202 207/211/203 82/84/78 208/212/204
f 209/213/205 210/214/206 211/215/207 212/216/208
f 213/217/209 214/218/210 215/219/211 216/220/212
f 75/221/71 172/222/168 81/83/77 217/223/213
f 218/224/214 219/225/215 220/226/216 221/227/217
f 207/211/203 206/210/202 222/228/218 39/41/35
f 223/229/219 36/38/32 39/41/35 222/228/218
f 224/230/220 225/231/221 226/232/222 227/233/223
f 228/234/224 229/235/225 230/236/226 231/237/227
f 232/238/228 233/239/229 234/240/230 235/241/231
f 236/242/232 237/243/233 211/215/207 238/244/234
f 239/245/235 240/246/236 241/247/237 242/248/238
f 243/249/239 244/250/240 245/251/241 246/252/242
f 99/101/95 234/253/230 233/254/229 100/102/96
f 247/255/243 248/256/244 249/257/245 250/258/246
f 251/259/247 252/260/248 253/261/249 254/262/250
f 255/263/251 256/264/252 257/265/253 258/266/254
f 244/250/240 259/267/255 260/268/256 245/251/241
f 261/269/257 262/270/258 263/271/259 204/207/200
f 264/272/260 265/273/261 266/274/262 267/275/263
f 268/276/264 267/275/263 269/277/265 270/278/266
f 267/275/263 266/274/262 271/279/267 269/277/265
f 272/280/268 273/281/269 274/282/270 275/283/271
f 276/284/272 277/285/273 278/286/274 279/287/275
f 280/288/276 262/270/258 281/289/277 282/290/278
f 283/291/279 284/292/280 285/293/281 286/294/282
f 225/231/221 287/295/283 288/296/284 226/232/222
f 289/297/285 290/298/286 291/299/287 292/300/288
f 293/301/289 224/230/220 227/233/223 294/302/290
f 295/303/291 296/304/292 297/305/293 298/306/294
f 297/307/293 299/308/295 300/309/296 301/310/297
f 302/311/298 303/312/299 304/313/300 305/314/301
f 296/304/292 306/315/302 299/316/295 297/305/293
f 307/317/303 308/318/304 305/319/301 304/320/300
f 309/321/305 302/311/298 305/314/301 298/322/294
f 310/323/306 311/324/307 250/258/246 312/325/308
f 308/318/304 295/303/291 298/306/294 305/319/301
f 249/326/245 313/327/309 312/328/308 250/329/246
f 314/330/310 310/331/306 312/328/308 315/332/311
f 251/333/247 254/334/250 316/335/312 209/213/205
f 313/327/309 317/336/313 315/332/311 312/328/308
f 318/337/314 319/338/315 320/339/316 321/340/317
f 322/341/318 323/342/319 324/343/320 325/344/321
f 326/345/322 327/346/323 319/338/315 318/337/314
f 319/338/315 328/347/324 329/348/325 320/339/316
f 330/349/326 331/350/327 332/351/328 333/352/329
f 327/346/323 334/353/330 328/347/324 319/338/315
f 335/354/331 283/291/279 336/355/332 337/356/333
f 242/248/238 241/247/237 338/357/334 339/358/335
f 340/359/336 341/360/337 335/354/331 342/361/338
f 241/247/237 236/242/232 259/362/255 338/357/334
f 240/246/236 237/243/233 236/242/232 241/247/237
f 251/333/247 209/213/205 212/216/208 286/294/282
f 336/355/332 283/291/279 286/294/282 212/216/208
f 341/363/337 284/364/280 283/365/279 335/366/331
f 331/350/327 318/337/314 321/340/317 332/351/328
f 211/215/207 237/243/233 336/355/332 212/216/208
f 343/367/339 337/356/333 240/246/236 239/245/235
f 156/368/152 155/369/151 44/370/40 344/371/340
f 337/356/333 336/355/332 237/243/233 240/246/236
f 321/340/317 320/339/316 345/372/341 346/373/342
f 320/339/316 329/348/325 347/374/343 345/372/341
f 333/352/329 332/351/328 348/375/344 349/376/345
f 332/351/328 321/340/317 346/373/342 348/375/344
f 247/255/243 250/258/246 311/324/307 350/377/346
f 351/378/347 352/379/348 353/380/349 354/381/350
f 355/382/351 356/383/352 357/384/353 358/385/354
f 359/386/355 360/387/356 354/381/350 353/380/349
f 361/388/357 351/389/347 354/390/350 362/391/358
f 363/392/359 247/255/243 350/377/346 364/393/360
f 360/394/356 365/395/361 362/391/358 354/390/350
f 366/396/362 367/397/363 368/398/364 369/399/365
f 369/399/365 368/398/364 370/400/366 371/401/367
f 368/398/364 372/402/368 373/403/369 370/400/366
f 309/321/305 301/310/297 367/397/363 366/396/362
f 301/310/297 300/309/296 374/404/370 367/397/363
f 375/405/371 293/301/289 294/302/290 376/406/372
f 377/407/373 378/408/374 260/409/256 238/244/234
f 379/410/375 380/411/376 364/393/360 350/377/346
f 381/412/377 353/380/349 352/379/348 382/413/378
f 380/411/376 383/414/379 316/335/312 364/393/360
f 384/415/380 385/416/381 310/331/306 314/330/310
f 385/416/381 386/417/382 311/418/307 310/331/306
f 387/419/383 388/420/384 382/413/378 352/379/348
f 315/421/311 381/412/377 382/413/378 314/422/310
f 389/423/385 361/388/357 362/391/358 390/424/386
f 388/425/384 384/415/380 314/330/310 382/426/378
f 365/395/361 391/427/387 390/424/386 362/391/358
f 303/428/299 389/423/385 390/424/386 304/320/300
f 392/429/388 393/430/389 394/431/390 395/432/391
f 391/427/387 307/317/303 304/320/300 390/424/386
f 366/396/362 396/433/392 302/311/298 309/321/305
f 396/433/392 151/153/147 303/312/299 302/311/298
f 257/265/253 397/434/393 398/435/394 258/266/254
f 399/436/395 400/437/396 401/438/397 402/439/398
f 403/440/399 404/441/400 405/442/401 406/443/402
f 406/443/402 405/442/401 400/437/396 399/436/395
f 405/442/401 407/444/403 408/445/404 400/437/396
f 404/441/400 409/446/405 407/444/403 405/442/401
f 210/214/206 377/407/373 238/244/234 211/215/207
f 410/447/406 411/448/407 88/90/84 412/449/408
f 413/450/409 414/451/410 380/411/376 379/410/375
f 414/451/410 415/452/411 383/414/379 380/411/376
f 416/453/412 417/454/413 415/452/411 414/451/410
f 418/455/414 419/456/415 420/457/416 421/458/417
f 421/458/417 420/457/416 385/416/381 384/415/380
f 420/457/416 422/459/418 386/417/382 385/416/381
f 419/456/415 423/460/419 422/459/418 420/457/416
f 424/461/420 425/462/421 426/463/422 427/464/423
f 427/464/423 426/463/422 388/420/384 387/419/383
f 426/465/422 421/458/417 384/415/380 388/425/384
f 425/466/421 418/455/414 421/458/417 426/465/422
f 151/153/147 150/152/146 389/467/385 303/312/299
f 150/152/146 153/155/149 361/468/357 389/467/385
f 371/401/367 428/469/424 429/470/425 369/399/365
f 369/399/365 429/470/425 396/433/392 366/396/362
f 429/470/425 149/151/145 151/153/147 396/433/392
f 428/469/424 146/148/142 149/151/145 429/470/425
f 400/437/396 408/445/404 430/471/426 401/438/397
f 397/434/393 431/472/427 432/473/428 398/435/394
f 431/472/427 433/474/429 434/475/430 432/473/428
f 434/475/430 433/474/429 435/476/431 436/477/432
f 435/476/431 437/478/433 438/479/434 436/477/432
f 439/480/435 440/481/436 441/482/437 442/483/438
f 443/484/439 444/485/440 445/486/441 446/487/442
f 446/487/442 445/486/441 447/488/443 448/489/444
f 445/486/441 257/265/253 256/264/252 447/488/443
f 444/485/440 397/434/393 257/265/253 445/486/441
f 255/263/251 258/266/254 449/490/445 450/491/446
f 230/236/226 451/492/447 193/493/189 452/494/448
f 453/495/449 454/496/450 455/497/451 456/498/452
f 455/497/451 355/382/351 457/499/453 458/500/454
f 423/460/419 459/501/455 460/502/456 461/503/457
f 454/496/450 356/383/352 355/382/351 455/497/451
f 462/504/458 463/505/459 464/506/460 465/507/461
f 358/385/354 466/508/462 467/509/463 468/510/464
f 357/384/353 469/511/465 466/508/462 358/385/354
f 466/508/462 470/512/466 214/218/210 467/509/463
f 471/513/467 472/514/468 473/515/469 474/516/470
f 469/511/465 475/517/471 470/512/466 466/508/462
f 476/518/472 477/519/473 478/520/474 479/521/475
f 480/522/476 481/523/477 482/524/478 483/525/479
f 484/526/480 485/527/481 486/528/482 487/529/483
f 488/530/484 489/531/485 490/532/486 491/533/487
f 492/534/488 493/535/489 494/536/490 495/537/491
f 496/538/492 497/539/493 498/540/494 499/541/495
f 500/542/496 484/543/480 501/544/497 218/224/214
f 502/545/498 503/546/499 504/547/500 505/548/501
f 486/528/482 485/527/481 506/549/502 507/550/503
f 156/158/152 508/551/504 509/552/505 157/159/153
f 76/78/72 75/77/71 217/553/213 510/554/506
f 511/555/507 512/556/508 513/557/509 514/558/510
f 515/559/511 516/560/512 517/561/513 518/562/514
f 499/541/495 498/540/494 519/563/515 503/564/499
f 498/540/494 520/565/516 521/566/517 519/563/515
f 497/539/493 522/567/518 520/565/516 498/540/494
f 277/285/273 523/568/519 524/569/520 278/286/274
f 525/570/521 155/369/151 158/571/154 141/143/137
f 507/550/503 526/572/522 527/573/523 486/528/482
f 528/574/524 506/549/502 485/527/481 529/575/525
f 530/576/526 531/577/527 532/578/528 533/579/529
f 534/580/530 535/581/531 536/582/532 537/583/533
f 44/370/40 47/584/43 199/585/195 344/371/340
f 199/201/195 538/586/534 539/587/535 344/588/340
f 540/589/536 276/284/272 279/287/275 541/590/537
f 198/200/194 542/591/538 538/586/534 199/201/195
f 41/592/37 543/593/539 126/128/122 42/594/38
f 544/595/540 545/596/541 546/597/542 547/598/543
f 41/592/37 548/599/544 549/600/545 543/593/539
f 40/601/36 550/602/546 548/599/544 41/592/37
f 157/159/153 509/552/505 551/603/547 201/203/197
f 197/199/193 544/595/540 547/598/543 198/200/194
f 552/604/548 553/605/549 554/606/550 555/607/551
f 547/598/543 556/608/552 542/591/538 198/200/194
f 546/597/542 557/609/553 556/608/552 547/598/543
f 558/610/554 559/611/555 544/595/540 197/199/193
f 559/611/555 560/612/556 545/596/541 544/595/540
f 561/613/557 562/614/558 563/615/559 553/605/549
f 40/42/36 43/45/39 564/616/560 565/617/561
f 553/605/549 563/615/559 566/618/562 554/606/550
f 100/102/96 233/254/229 567/619/563 568/620/564
f 569/621/565 570/622/566 564/616/560 571/623/567
f 571/623/567 564/616/560 43/45/39 572/624/568
f 564/625/560 570/626/566 573/627/569 565/628/561
f 111/113/107 110/112/106 574/629/570 575/630/571
f 110/112/106 576/631/572 577/632/573 574/629/570
f 578/633/574 394/431/390 393/430/389 579/634/575
f 580/635/576 581/636/577 112/114/108 111/113/107
f 112/114/108 582/637/578 583/638/579 113/115/109
f 584/639/580 575/630/571 574/629/570 585/640/581
f 581/636/577 586/641/582 582/637/578 112/114/108
f 565/617/561 587/642/583 550/643/546 40/42/36
f 573/627/569 588/644/584 587/645/583 565/628/561
f 125/127/121 124/126/120 589/646/585 590/647/586
f 591/648/587 128/130/124 127/129/123 592/649/588
f 593/650/589 594/651/590 595/652/591 590/653/586
f 590/653/586 595/652/591 596/654/592 125/655/121
f 595/652/591 597/656/593 572/624/568 596/654/592
f 594/651/590 122/124/118 597/656/593 595/652/591
f 598/657/594 599/658/595 600/659/596 601/660/597
f 602/661/598 603/662/599 604/663/600 605/664/601
f 606/665/602 607/666/603 599/658/595 598/657/594
f 599/658/595 46/48/42 45/47/41 600/659/596
f 507/667/503 506/668/502 279/287/275 278/286/274
f 607/666/603 558/610/554 46/48/42 599/658/595
f 481/523/477 608/669/604 609/670/605 482/524/478
f 610/671/606 611/672/607 612/673/608 613/674/609
f 614/675/610 615/676/611 616/677/612 617/678/613
f 617/678/613 616/677/612 618/679/614 619/680/615
f 616/681/612 620/682/616 621/683/617 618/684/614
f 615/676/611 622/685/618 620/686/616 616/677/612
f 623/687/619 393/430/389 392/429/388 624/688/620
f 625/689/621 626/690/622 627/691/623 628/692/624
f 626/690/622 623/687/619 624/688/620 627/691/623
f 394/431/390 629/693/625 630/694/626 395/432/391
f 631/695/627 632/696/628 633/697/629 634/698/630
f 611/672/607 635/699/631 636/700/632 612/673/608
f 637/701/633 638/702/634 639/703/635 640/704/636
f 614/675/610 617/678/613 641/705/637 642/706/638
f 642/706/638 641/705/637 643/707/639 483/708/479
f 641/709/637 644/710/640 636/700/632 643/711/639
f 617/678/613 619/680/615 644/712/640 641/705/637
f 645/713/641 646/714/642 647/715/643 648/716/644
f 648/716/644 647/715/643 649/717/645 650/718/646
f 647/715/643 651/719/647 652/720/648 649/717/645
f 646/714/642 653/721/649 651/719/647 647/715/643
f 654/722/650 655/723/651 656/724/652 657/725/653
f 657/725/653 656/724/652 658/726/654 659/727/655
f 658/726/654 656/724/652 660/728/656 661/729/657
f 662/730/658 663/731/659 664/732/660 665/733/661
f 654/722/650 666/734/662 662/730/658 655/723/651
f 667/735/663 668/736/664 669/737/665 670/738/666
f 666/734/662 671/739/667 663/731/659 662/730/658
f 672/740/668 637/701/633 673/741/669 674/742/670
f 287/295/283 675/743/671 676/744/672 677/745/673
f 632/696/628 625/689/621 628/692/624 633/697/629
f 678/746/674 679/747/675 680/748/676 681/749/677
f 682/750/678 676/751/672 683/752/679 684/753/680
f 684/754/680 683/755/679 632/696/628 631/695/627
f 683/755/679 685/756/681 625/689/621 632/696/628
f 676/744/672 675/743/671 685/756/681 683/755/679
f 640/704/636 686/757/682 687/758/683 688/759/684
f 686/757/682 689/760/685 690/761/686 691/762/687
f 659/727/655 658/726/654 692/763/688 693/764/689
f 694/765/690 695/766/691 696/767/692 697/768/693
f 698/769/694 699/770/695 694/765/690 700/771/696
f 663/772/659 701/773/697 702/774/698 664/775/660
f 700/771/696 694/765/690 697/768/693 703/776/699
f 699/770/695 704/777/700 695/766/691 694/765/690
f 705/778/701 706/779/702 707/780/703 708/781/704
f 708/781/704 707/780/703 679/747/675 678/746/674
f 679/747/675 707/780/703 709/782/705 710/783/706
f 711/784/707 712/785/708 692/763/688 713/786/709
f 691/762/687 608/669/604 714/787/710 715/788/711
f 635/699/631 716/789/712 717/790/713 718/791/714
f 719/792/715 668/736/664 667/735/663 720/793/716
f 720/793/716 667/735/663 721/794/717 722/795/718
f 721/794/717 667/735/663 670/738/666 723/796/719
f 655/723/651 662/730/658 665/733/661 724/797/720
f 681/798/677 680/799/676 725/800/721 726/801/722
f 726/801/722 725/800/721 695/766/691 704/777/700
f 696/767/692 695/766/691 725/800/721 727/802/723
f 656/724/652 655/723/651 724/797/720 660/728/656
f 728/803/724 729/804/725 730/805/726 731/806/727
f 731/806/727 730/805/726 668/736/664 719/792/715
f 668/736/664 730/805/726 732/807/728 669/737/665
f 725/800/721 680/799/676 733/808/729 727/802/723
f 620/686/616 622/685/618 734/809/730 735/810/731
f 701/773/697 700/771/696 703/776/699 702/774/698
f 621/811/617 620/686/616 735/810/731 736/812/732
f 737/813/733 101/103/97 738/814/734 190/192/186
f 739/815/735 231/237/227 230/236/226 452/494/448
f 740/816/736 741/817/737 742/818/738 196/198/192
f 743/819/739 744/820/740 745/821/741 746/822/742
f 747/823/743 748/824/744 175/177/171 749/825/745
f 742/818/738 741/817/737 747/823/743 749/825/745
f 750/826/746 740/816/736 196/198/192 194/196/190
f 751/827/747 752/828/748 753/829/749 754/830/750
f 113/115/109 755/831/751 576/631/572 110/112/106
f 756/832/752 757/833/753 739/815/735 452/494/448
f 758/834/754 759/835/755 760/836/756 761/837/757
f 762/838/758 763/839/759 107/109/103 759/835/755
f 744/820/740 659/840/655 693/841/689 745/821/741
f 764/842/760 765/843/761 766/844/762 767/845/763
f 768/846/764 769/847/765 770/848/766 771/849/767
f 771/849/767 770/848/766 772/850/768 650/718/646
f 770/848/766 731/851/727 719/852/715 772/850/768
f 769/847/765 728/853/724 731/851/727 770/848/766
f 767/845/763 766/844/762 773/854/769 774/855/770
f 774/856/770 773/857/769 775/858/771 638/859/634
f 773/857/769 726/801/722 704/777/700 775/858/771
f 766/844/762 681/749/677 726/860/722 773/854/769
f 671/861/667 776/862/772 701/773/697 663/772/659
f 658/726/654 661/729/657 713/786/709 692/763/688
f 729/863/725 712/785/708 711/784/707 777/864/773
f 776/862/772 698/769/694 700/771/696 701/773/697
f 609/865/605 690/866/686 778/867/774 779/868/775
f 779/868/775 778/867/774 776/862/772 671/861/667
f 778/867/774 780/869/776 698/769/694 776/862/772
f 690/866/686 689/870/685 780/869/776 778/867/774
f 781/871/777 782/872/778 765/843/761 764/842/760
f 782/872/778 708/781/704 678/746/674 765/843/761
f 783/873/779 705/778/701 708/781/704 782/872/778
f 689/870/685 639/874/635 784/875/780 780/869/776
f 780/869/776 784/875/780 699/770/695 698/769/694
f 784/875/780 775/858/771 704/777/700 699/770/695
f 639/874/635 638/859/634 775/858/771 784/875/780
f 765/843/761 678/746/674 681/749/677 766/844/762
f 785/876/781 786/877/782 787/878/783 788/879/784
f 789/880/785 790/881/786 791/882/787 792/883/788
f 792/883/788 791/882/787 666/884/662 654/885/650
f 791/886/787 779/887/775 671/739/667 666/734/662
f 790/881/786 609/670/605 779/888/775 791/882/787
f 789/880/785 792/883/788 793/889/789 794/890/790
f 794/890/790 793/889/789 744/820/740 743/819/739
f 793/889/789 657/891/653 659/840/655 744/820/740
f 792/883/788 654/885/650 657/891/653 793/889/789
f 777/864/773 795/892/791 796/893/792 732/894/728
f 797/895/793 798/896/794 799/897/795 800/898/796
f 650/718/646 772/850/768 801/899/797 648/716/644
f 648/716/644 801/899/797 802/900/798 645/713/641
f 801/901/797 720/793/716 722/795/718 802/902/798
f 772/903/768 719/792/715 720/793/716 801/901/797
f 732/807/728 796/904/792 803/905/799 669/737/665
f 724/797/720 804/906/800 805/907/801 660/728/656
f 796/904/792 806/908/802 807/909/803 803/905/799
f 795/892/791 808/910/804 806/911/802 796/893/792
f 660/728/656 805/907/801 797/895/793 661/729/657
f 809/912/805 810/913/806 811/914/807 709/782/705
f 805/907/801 812/915/808 798/896/794 797/895/793
f 804/906/800 813/916/809 812/915/808 805/907/801
f 709/782/705 811/914/807 785/917/781 710/783/706
f 703/776/699 697/768/693 814/918/810 815/919/811
f 811/914/807 816/920/812 786/921/782 785/917/781
f 810/913/806 817/922/813 816/920/812 811/914/807
f 697/768/693 696/767/692 818/923/814 814/918/810
f 815/919/811 814/918/810 819/924/815 820/925/816
f 814/918/810 818/923/814 821/926/817 819/924/815
f 664/927/660 702/928/698 822/929/818 823/930/819
f 702/774/698 703/776/699 815/919/811 822/931/818
f 710/783/706 785/917/781 788/932/784 733/933/729
f 733/808/729 788/879/784 824/934/820 727/802/723
f 713/786/709 661/729/657 797/895/793 800/898/796
f 727/802/723 824/934/820 818/923/814 696/767/692
f 724/797/720 665/733/661 825/935/821 804/906/800
f 824/934/820 826/936/822 821/926/817 818/923/814
f 788/879/784 787/878/783 826/936/822 824/934/820
f 665/937/661 664/927/660 823/930/819 825/938/821
f 804/906/800 825/935/821 827/939/823 813/916/809
f 825/938/821 823/930/819 828/940/824 827/941/823
f 829/942/825 743/819/739 746/822/742 830/943/826
f 669/737/665 803/905/799 831/944/827 670/738/666
f 670/738/666 831/944/827 832/945/828 723/796/719
f 831/946/827 833/947/829 834/948/830 832/949/828
f 803/950/799 807/951/803 833/947/829 831/946/827
f 707/780/703 706/779/702 809/912/805 709/782/705
f 835/952/831 836/953/832 721/954/717 723/955/719
f 622/956/618 829/942/825 830/943/826 734/957/730
f 764/842/760 767/845/763 837/958/833 838/959/834
f 638/702/634 839/960/835 840/961/836 774/962/770
f 774/962/770 840/961/836 837/963/833 767/964/763
f 840/961/836 684/753/680 631/965/627 837/963/833
f 839/960/835 682/750/678 684/753/680 840/961/836
f 837/958/833 631/695/627 634/698/630 838/959/834
f 841/966/837 842/967/838 843/968/839 844/969/840
f 677/970/673 676/751/672 682/750/678 845/971/841
f 846/972/842 847/973/843 848/974/844 849/975/845
f 789/880/785 850/976/846 851/977/847 790/881/786
f 790/881/786 851/977/847 482/524/478 609/670/605
f 851/977/847 642/978/638 483/525/479 482/524/478
f 850/979/846 614/675/610 642/706/638 851/980/847
f 789/880/785 794/890/790 852/981/848 850/976/846
f 850/976/846 852/981/848 615/982/611 614/983/610
f 852/981/848 829/942/825 622/956/618 615/982/611
f 794/890/790 743/819/739 829/942/825 852/981/848
f 718/791/714 480/984/476 483/985/479 643/711/639
f 289/297/285 375/405/371 376/406/372 290/298/286
f 853/986/849 854/987/850 578/633/574 855/988/851
f 395/432/391 856/989/852 857/990/853 392/429/388
f 854/987/850 629/693/625 394/431/390 578/633/574
f 675/743/671 858/991/854 859/992/855 685/756/681
f 685/756/681 859/992/855 626/690/622 625/689/621
f 859/992/855 860/993/856 623/687/619 626/690/622
f 858/991/854 861/994/857 860/993/856 859/992/855
f 862/995/858 579/634/575 860/993/856 861/994/857
f 579/634/575 393/430/389 623/687/619 860/993/856
f 863/996/859 864/997/860 865/998/861 866/999/862
f 866/999/862 865/998/861 854/987/850 853/986/849
f 865/998/861 841/966/837 629/693/625 854/987/850
f 864/997/860 842/967/838 841/966/837 865/998/861
f 629/693/625 841/966/837 844/969/840 630/694/626
f 867/1000/863 868/1001/864 869/1002/865 870/1003/866
f 871/1004/867 872/1005/868 873/1006/869 874/1007/870
f 874/1007/870 873/1006/869 360/387/356 359/386/355
f 873/1008/869 875/1009/871 365/395/361 360/394/356
f 248/256/244 462/504/458 465/507/461 249/257/245
f 876/1010/872 877/1011/873 255/263/251 450/491/446
f 284/1012/280 511/555/507 514/558/510 285/1013/281
f 235/1014/231 234/253/230 878/1015/874 604/663/600
f 754/830/750 753/829/749 341/360/337 340/359/336
f 338/357/334 879/1016/875 880/1017/876 339/358/335
f 753/1018/749 511/1019/507 284/364/280 341/363/337
f 752/1020/748 512/556/508 511/555/507 753/1021/749
f 881/1022/877 882/1023/878 883/1024/879 884/1025/880
f 883/1024/879 885/1026/881 326/345/322 886/1027/882
f 882/1023/878 887/1028/883 885/1026/881 883/1024/879
f 887/1028/883 888/1029/884 889/1030/885 885/1026/881
f 885/1026/881 889/1030/885 327/346/323 326/345/322
f 889/1030/885 890/1031/886 334/353/330 327/346/323
f 888/1029/884 891/1032/887 890/1031/886 889/1030/885
f 252/260/248 322/341/318 325/344/321 253/261/249
f 164/166/160 892/1033/888 893/1034/889 165/167/161
f 464/506/460 894/1035/890 895/1036/891 465/507/461
f 465/507/461 895/1036/891 313/1037/309 249/257/245
f 895/1036/891 896/1038/892 317/1039/313 313/1037/309
f 894/1035/890 897/1040/893 896/1038/892 895/1036/891
f 440/481/436 438/1041/434 437/1042/433 441/482/437
f 399/436/395 402/439/398 898/1043/894 899/1044/895
f 900/1045/896 901/1046/897 902/1047/898 903/1048/899
f 903/1049/899 902/1050/898 308/318/304 307/317/303
f 902/1050/898 904/1051/900 295/303/291 308/318/304
f 901/1052/897 905/1053/901 904/1051/900 902/1050/898
f 905/1053/901 906/1054/902 907/1055/903 904/1051/900
f 904/1051/900 907/1055/903 296/304/292 295/303/291
f 907/1055/903 908/1056/904 306/315/302 296/304/292
f 906/1054/902 909/1057/905 908/1056/904 907/1055/903
f 910/1058/906 38/40/34 37/39/33 911/1059/907
f 833/947/829 912/1060/908 913/1061/909 834/948/830
f 912/1060/908 867/1000/863 914/1062/910 913/1061/909
f 915/1063/911 868/1001/864 867/1000/863 912/1060/908
f 914/1062/910 867/1000/863 870/1003/866 916/1064/912
f 787/1065/783 786/1066/782 917/1067/913 918/1068/914
f 787/878/783 918/1069/914 919/1070/915 826/936/822
f 826/936/822 919/1070/915 819/924/815 821/926/817
f 919/1070/915 920/1071/916 820/925/816 819/924/815
f 918/1068/914 916/1064/912 920/1072/916 919/1073/915
f 917/1067/913 914/1062/910 916/1064/912 918/1068/914
f 799/897/795 798/896/794 921/1074/917 922/1075/918
f 813/916/809 827/939/823 923/1076/919 812/915/808
f 812/915/808 923/1076/919 921/1074/917 798/896/794
f 923/1076/919 924/1077/920 869/1078/865 921/1074/917
f 827/941/823 828/940/824 924/1079/920 923/1080/919
f 921/1074/917 869/1078/865 868/1081/864 922/1075/918
f 580/635/576 111/113/107 575/630/571 925/1082/921
f 746/822/742 926/1083/922 927/1084/923 830/943/826
f 830/943/826 927/1084/923 928/1085/924 734/957/730
f 927/1084/923 929/1086/925 930/1087/926 928/1085/924
f 926/1083/922 768/846/764 929/1086/925 927/1084/923
f 795/892/791 777/864/773 711/784/707 931/1088/927
f 711/784/707 713/786/709 800/898/796 931/1088/927
f 679/747/675 710/783/706 733/933/729 680/748/676
f 931/1088/927 932/1089/928 808/910/804 795/892/791
f 800/898/796 799/897/795 932/1089/928 931/1088/927
f 746/822/742 745/821/741 933/1090/929 926/1083/922
f 926/1083/922 933/1090/929 769/847/765 768/846/764
f 933/1090/929 934/1091/930 728/853/724 769/847/765
f 745/821/741 693/841/689 934/1091/930 933/1090/929
f 693/764/689 692/763/688 712/785/708 934/1092/930
f 934/1092/930 712/785/708 729/863/725 728/1093/724
f 836/953/832 835/952/831 809/912/805 706/779/702
f 734/809/730 928/1094/924 935/1095/931 735/810/731
f 735/810/731 935/1095/931 936/1096/932 736/812/732
f 935/1095/931 937/1097/933 938/1098/934 936/1096/932
f 928/1094/924 930/1099/926 937/1097/933 935/1095/931
f 843/968/839 939/1100/935 940/1101/936 844/969/840
f 844/969/840 940/1101/936 941/1102/937 630/694/626
f 940/1101/936 884/1025/880 942/1103/938 941/1102/937
f 939/1100/935 881/1022/877 884/1025/880 940/1101/936
f 764/842/760 838/959/834 943/1104/939 781/871/777
f 781/871/777 943/1104/939 944/1105/940 945/1106/941
f 943/1104/939 946/1107/942 947/1108/943 944/1105/940
f 838/959/834 634/698/630 946/1107/942 943/1104/939
f 810/913/806 809/912/805 835/952/831 948/1109/944
f 835/952/831 723/955/719 832/1110/828 948/1109/944
f 948/1109/944 949/1111/945 817/922/813 810/913/806
f 832/949/828 834/948/830 949/1112/945 948/1113/944
f 645/1114/641 802/1115/798 950/1116/946 951/1117/947
f 950/1116/946 952/1118/948 705/778/701 783/873/779
f 802/1115/798 722/1119/718 952/1118/948 950/1116/946
f 722/1119/718 721/954/717 836/953/832 952/1118/948
f 952/1118/948 836/953/832 706/779/702 705/778/701
f 634/698/630 633/697/629 953/1120/949 946/1107/942
f 946/1107/942 953/1120/949 954/1121/950 947/1108/943
f 953/1120/949 955/1122/951 956/1123/952 954/1121/950
f 856/989/852 330/349/326 333/352/329 857/990/853
f 392/429/388 857/990/853 957/1124/953 624/688/620
f 857/990/853 333/352/329 349/376/345 957/1124/953
f 328/347/324 342/361/338 343/367/339 329/348/325
f 628/692/624 627/691/623 958/1125/954 955/1122/951
f 955/1122/951 958/1125/954 959/1126/955 956/1123/952
f 958/1125/954 957/1124/953 349/376/345 959/1126/955
f 627/691/623 624/688/620 957/1124/953 958/1125/954
f 630/694/626 941/1102/937 856/989/852 395/432/391
f 941/1102/937 942/1103/938 330/349/326 856/989/852
f 922/1075/918 960/1127/956 932/1089/928 799/897/795
f 960/1127/956 806/911/802 808/910/804 932/1089/928
f 786/1066/782 816/1128/812 961/1129/957 917/1067/913
f 917/1067/913 961/1129/957 913/1061/909 914/1062/910
f 961/1129/957 949/1112/945 834/948/830 913/1061/909
f 816/1128/812 817/1130/813 949/1112/945 961/1129/957
f 750/1131/746 194/1132/190 193/493/189 451/492/447
f 962/1133/958 737/813/733 190/192/186 176/178/172
f 42/44/38 596/654/592 572/624/568 43/45/39
f 126/128/122 125/127/121 596/1134/592 42/594/38
f 570/626/566 584/639/580 585/640/581 573/627/569
f 555/607/551 554/606/550 963/1135/959 964/1136/960
f 585/640/581 965/1137/961 588/644/584 573/627/569
f 574/629/570 577/632/573 965/1137/961 585/640/581
f 750/1131/746 451/492/447 966/1138/962 967/1139/963
f 192/1140/188 756/832/752 452/494/448 193/493/189
f 968/1141/964 969/1142/965 742/818/738 749/825/745
f 970/1143/966 971/1144/967 972/1145/968 108/1146/104
f 108/110/104 972/1147/968 973/1148/969 109/111/105
f 972/1145/968 117/119/113 119/121/115 973/1149/969
f 971/1144/967 114/116/110 117/119/113 972/1145/968
f 974/1150/970 975/1151/971 976/1152/972 977/1153/973
f 977/1154/973 976/1155/972 978/1156/974 979/1157/975
f 976/1152/972 229/235/225 228/234/224 978/1158/974
f 975/1151/971 966/1138/962 229/235/225 976/1152/972
f 980/1159/976 981/1160/977 982/1161/978 983/1162/979
f 983/1162/979 982/1161/978 975/1151/971 974/1150/970
f 982/1161/978 967/1139/963 966/1138/962 975/1151/971
f 981/1160/977 984/1163/980 967/1139/963 982/1161/978
f 985/1164/981 986/1165/982 987/1166/983 103/105/99
f 103/105/99 987/1166/983 988/1167/984 104/106/100
f 987/1166/983 758/834/754 761/837/757 988/1167/984
f 986/1165/982 989/1168/985 758/834/754 987/1166/983
f 569/1169/565 990/1170/986 584/639/580 570/626/566
f 990/1170/986 925/1082/921 575/630/571 584/639/580
f 964/1136/960 963/1135/959 583/638/579 582/637/578
f 991/1171/987 992/1172/988 533/579/529 561/613/557
f 963/1135/959 993/1173/989 994/1174/990 583/638/579
f 554/606/550 566/618/562 993/1173/989 963/1135/959
f 748/824/744 962/1133/958 176/178/172 175/177/171
f 995/1175/991 996/1176/992 997/1177/993 998/1178/994
f 174/176/170 968/1141/964 749/825/745 175/177/171
f 999/1179/995 189/191/185 190/192/186 738/814/734
f 878/1015/874 1000/1180/996 605/664/601 604/663/600
f 1001/1181/997 1002/1182/998 1003/1183/999 1004/1184/1000
f 1002/1182/998 1005/1185/1001 1006/1186/1002 1003/1183/999
f 1001/1181/997 243/1187/239 1000/1180/996 1002/1182/998
f 338/1188/334 259/267/255 244/250/240 879/1189/875
f 371/401/367 370/400/366 1007/1190/1003 1008/1191/1004
f 1009/1192/1005 1010/1193/1006 404/441/400 403/440/399
f 1010/1193/1006 1011/1194/1007 409/446/405 404/441/400
f 370/400/366 373/403/369 1012/1195/1008 1007/1190/1003
f 1013/1196/1009 1014/1197/1010 1015/1198/1011 1016/1199/1012
f 1016/1200/1012 1015/1201/1011 1008/1202/1004 1009/1192/1005
f 1014/1203/1010 146/148/142 428/469/424 1015/1204/1011
f 1017/1205/1013 1018/1206/1014 1019/1207/1015 875/1208/871
f 875/1009/871 1019/1209/1015 391/427/387 365/395/361
f 1019/1209/1015 903/1049/899 307/317/303 391/427/387
f 1018/1206/1014 900/1045/896 903/1048/899 1019/1207/1015
f 442/483/438 1020/1210/1016 1021/1211/1017 899/1044/895
f 899/1044/895 1021/1211/1017 406/443/402 399/436/395
f 1021/1211/1017 1022/1212/1018 403/440/399 406/443/402
f 1020/1210/1016 1023/1213/1019 1022/1212/1018 1021/1211/1017
f 1024/1214/1020 1025/1215/1021 1026/1216/1022 1027/1217/1023
f 1026/1218/1022 147/149/143 146/148/142 1014/1203/1010
f 1025/1219/1021 154/156/150 147/149/143 1026/1218/1022
f 897/1040/893 1028/1220/1024 1029/1221/1025 896/1038/892
f 896/1038/892 1029/1221/1025 1030/1222/1026 317/1039/313
f 1029/1221/1025 874/1007/870 359/386/355 1030/1222/1026
f 1028/1220/1024 871/1004/867 874/1007/870 1029/1221/1025
f 154/156/150 1031/1223/1027 1032/1224/1028 152/154/148
f 152/154/148 1032/1224/1028 1033/1225/1029 153/155/149
f 1032/1224/1028 427/464/423 387/419/383 1033/1225/1029
f 1031/1223/1027 424/461/420 427/464/423 1032/1224/1028
f 153/155/149 1033/1225/1029 351/378/347 361/468/357
f 1033/1225/1029 387/419/383 352/379/348 351/378/347
f 317/1039/313 1030/1222/1026 381/412/377 315/421/311
f 1030/1222/1026 359/386/355 353/380/349 381/412/377
f 418/455/414 1034/1226/1030 1035/1227/1031 419/456/415
f 419/456/415 1035/1227/1031 459/501/455 423/460/419
f 1036/1228/1032 446/487/442 448/489/444 1037/1229/1033
f 1038/1230/1034 443/484/439 446/487/442 1036/1228/1032
f 1038/1230/1034 1034/1226/1030 1039/1231/1035 1040/1232/1036
f 1040/1232/1036 1039/1231/1035 1041/1233/1037 1042/1234/1038
f 1039/1231/1035 425/466/421 424/1235/420 1041/1233/1037
f 1034/1226/1030 418/455/414 425/466/421 1039/1231/1035
f 397/434/393 444/485/440 1043/1236/1039 431/472/427
f 431/472/427 1043/1236/1039 1044/1237/1040 433/474/429
f 1043/1236/1039 1045/1238/1041 1046/1239/1042 1044/1237/1040
f 444/485/440 443/484/439 1045/1238/1041 1043/1236/1039
f 424/461/420 1031/1223/1027 1047/1240/1043 1041/1241/1037
f 1042/1234/1038 1048/1242/1044 1049/1243/1045 1046/1239/1042
f 1048/1242/1044 1024/1214/1020 1050/1244/1046 1049/1243/1045
f 1031/1223/1027 154/156/150 1025/1219/1021 1047/1240/1043
f 437/478/433 435/476/431 1051/1245/1047 1052/1246/1048
f 1052/1246/1048 1051/1245/1047 1049/1243/1045 1050/1244/1046
f 1051/1245/1047 1044/1237/1040 1046/1239/1042 1049/1243/1045
f 435/476/431 433/474/429 1044/1237/1040 1051/1245/1047
f 603/1247/599 1053/1248/1049 235/241/231 604/1249/600
f 378/1250/374 1054/1251/1050 245/251/241 260/268/256
f 1055/1252/1051 1056/1253/1052 1057/1254/1053 1058/1255/1054
f 1058/1255/1054 1057/1254/1053 1059/1256/1055 1060/1257/1056
f 1057/1254/1053 1061/1258/1057 1062/1259/1058 1059/1256/1055
f 1056/1253/1052 1063/1260/1059 1061/1258/1057 1057/1254/1053
f 1064/1261/1060 602/661/598 605/664/601 246/1262/242
f 1065/1263/1061 1058/1255/1054 1060/1257/1056 1066/1264/1062
f 1067/1265/1063 1055/1252/1051 1058/1255/1054 1065/1263/1061
f 234/253/230 99/101/95 1005/1185/1001 878/1015/874
f 878/1015/874 1005/1185/1001 1002/1182/998 1000/1180/996
f 1005/1185/1001 99/101/95 98/100/94 1006/1186/1002
f 1068/1266/1064 999/1179/995 738/814/734 568/620/564
f 891/1032/887 751/827/747 754/830/750 890/1031/886
f 890/1031/886 754/830/750 340/359/336 334/353/330
f 1069/1267/1065 964/1136/960 582/637/578 586/641/582
f 123/125/119 1070/1268/1066 1071/1269/1067 1072/1270/1068
f 533/579/529 532/578/528 562/614/558 561/613/557
f 343/367/339 342/361/338 335/354/331 337/356/333
f 329/348/325 343/367/339 239/245/235 347/374/343
f 334/353/330 340/359/336 342/361/338 328/347/324
f 347/374/343 239/245/235 242/248/238 1073/1271/1069
f 1073/1271/1069 242/248/238 339/358/335 1074/1272/1070
f 740/1273/736 750/1131/746 967/1139/963 984/1163/980
f 1075/1274/1071 98/100/94 101/103/97 737/813/733
f 102/104/98 1076/1275/1072 1077/1276/1073 1078/1277/1074
f 1079/1278/1075 1080/1279/1076 1081/1280/1077 1082/1281/1078
f 145/147/141 1077/1276/1073 1076/1275/1072 94/96/90
f 94/96/90 1076/1275/1072 1083/1282/1079 95/97/91
f 1077/1276/1073 1084/1283/1080 1085/1284/1081 1078/1277/1074
f 606/665/602 1086/1285/1082 1087/1286/1083 607/666/603
f 607/666/603 1087/1286/1083 559/611/555 558/610/554
f 1087/1286/1083 1088/1287/1084 560/612/556 559/611/555
f 1086/1285/1082 1089/1288/1085 1088/1287/1084 1087/1286/1083
f 1071/1269/1067 546/597/542 545/596/541 1072/1270/1068
f 494/536/490 493/535/489 501/1289/497 1090/1290/1086
f 1071/1269/1067 1091/1291/1087 557/609/553 546/597/542
f 1070/1268/1066 1092/1292/1088 1091/1291/1087 1071/1269/1067
f 1093/1293/1089 910/1058/906 911/1059/907 1094/1294/1090
f 1095/1295/1091 1096/1296/1092 1097/1297/1093 1098/1298/1094
f 142/1299/138 200/202/196 276/284/272 540/589/536
f 201/203/197 551/603/547 523/568/519 277/285/273
f 471/513/467 1099/1300/1095 1100/1301/1096 472/514/468
f 1101/1302/1097 1102/1303/1098 1103/1304/1099 1104/1305/1100
f 1105/1306/1101 1096/1296/1092 1106/1307/1102 1107/1308/1103
f 1108/1309/1104 1109/1310/1105 1110/1311/1106 1111/1312/1107
f 27/1313/1108 1112/1314/1109 1113/1315/1110 16/1316/1111
f 1114/1317/1112 1115/1318/1113 1116/1319/1114 1117/1320/1115
f 1118/1321/1116 1119/1322/1117 1120/1323/1118 1121/1324/1119
f 1122/1325/1120 1106/1307/1102 1096/1296/1092 1095/1295/1091
f 1123/1326/1121 1124/1327/1122 1125/1328/1123 1126/1329/1124
f 1127/1330/1125 167/169/163 1128/1331/1126 1129/1332/1127
f 1127/1330/1125 1129/1332/1127 1130/1333/1128 1131/1334/1129
f 1132/1335/1130 1133/1336/1131 1134/1337/1132 1135/1338/1133
f 1132/1335/1130 1135/1338/1133 1136/1339/1134 1137/1340/1135
f 1138/1341/1136 1139/1342/1137 1140/1343/1138 1141/1344/1139
f 1139/1342/1137 1142/1345/1140 1143/1346/1141 1140/1343/1138
f 1144/1347/1142 1145/1348/1143 1146/1349/1144 1147/1350/1145
f 1148/1351/1146 1149/1352/1147 1150/1353/1148 1151/1354/1149
f 1149/1355/1147 1152/1356/1150 1153/1357/1151 1150/1358/1148
f 1152/1356/1150 1154/1359/1152 1155/1360/1153 1156/1361/1154
f 1157/1362/1155 1138/1341/1136 1141/1344/1139 1158/1363/1156
f 1159/1364/1157 1160/1365/1158 1161/1366/1159 1162/1367/1160
f 1163/1368/1161 1164/1369/1162 1165/1370/1163 1166/1371/1164
f 1167/1372/1165 1155/1360/1153 1154/1359/1152 1168/1373/1166
f 1169/1374/1167 1170/1375/1168 1171/1376/1169 1172/1377/1170
f 1173/1378/1171 1174/1379/1172 1175/1380/1173 1176/1381/1174
f 1177/1382/1175 1178/1383/1176 1179/1384/1177 1180/1385/1178
f 187/189/183 1181/1386/1179 1182/1387/1180 1183/1388/1181
f 1181/1386/1179 1184/1389/1182 1185/1390/1183 1182/1387/1180
f 1076/1275/1072 102/104/98 105/107/101 1083/1282/1079
f 490/532/486 1186/1391/1184 1187/1392/1185 491/533/487
f 164/166/160 89/91/85 1188/1393/1186 892/1033/888
f 893/1034/889 1189/1394/1187 474/516/470 77/79/73
f 1190/1395/1188 1191/1396/1189 410/447/406 282/290/278
f 1090/1290/1086 1192/1397/1190 1193/1398/1191 494/536/490
f 501/544/497 484/543/480 487/1399/483 1090/1400/1086
f 494/536/490 1193/1398/1191 1194/1401/1192 495/537/491
f 503/546/499 519/1402/515 1195/1403/1193 504/547/500
f 1196/1404/1194 505/548/501 1197/1405/1195 91/93/87
f 159/1406/155 56/58/52 55/57/51 1198/1407/1196
f 1199/1408/1197 530/576/526 533/579/529 992/1172/988
f 1200/1409/1198 528/1410/524 529/1411/525 1201/1412/1199
f 162/164/158 1202/1413/1200 163/165/159 166/168/162
f 412/449/408 88/90/84 91/93/87 1197/1405/1195
f 55/57/51 79/81/75 161/163/157 1198/1407/1196
f 77/79/73 76/78/72 165/167/161 893/1034/889
f 1203/1414/1201 1204/1415/1202 1205/1416/1203 1206/1417/1204
f 1207/1418/1205 876/1010/872 450/491/446 1208/1419/1206
f 1209/1420/1207 206/210/202 208/212/204 1210/1421/1208
f 898/1043/894 439/480/435 442/483/438 899/1044/895
f 158/571/154 200/1422/196 142/144/138 141/143/137
f 1211/1423/1209 1212/1424/1210 1099/1300/1095 471/513/467
f 438/1041/434 440/481/436 1213/1425/1211 1214/1426/1212
f 1209/1420/1207 1210/1421/1208 169/171/165 168/170/164
f 401/438/397 430/471/426 1215/1427/1213 1216/1428/1214
f 1217/1429/1215 534/580/530 537/583/533 1218/1430/1216
f 1216/1428/1214 1215/1427/1213 1219/1431/1217 1220/1432/1218
f 535/581/531 1216/1428/1214 1220/1432/1218 536/582/532
f 216/220/212 1221/1433/1219 1222/1434/1220 996/1176/992
f 402/439/398 401/438/397 1216/1428/1214 535/581/531
f 898/1043/894 402/439/398 535/581/531 534/580/530
f 439/480/435 898/1043/894 534/580/530 1217/1429/1215
f 436/1435/432 438/1041/434 1214/1426/1212 1223/1436/1221
f 434/475/430 436/477/432 1223/1437/1221 1224/1438/1222
f 398/435/394 432/473/428 1225/1439/1223 1226/1440/1224
f 432/473/428 434/475/430 1224/1438/1222 1225/1439/1223
f 996/1176/992 1222/1434/1220 232/238/228 997/1177/993
f 437/478/433 1052/1246/1048 1227/1441/1225 441/1442/437
f 441/482/437 1227/1443/1225 1020/1210/1016 442/483/438
f 1227/1443/1225 1228/1444/1226 1023/1213/1019 1020/1210/1016
f 1052/1246/1048 1050/1244/1046 1228/1445/1226 1227/1441/1225
f 171/1446/167 1229/1447/1227 169/171/165 1210/1421/1208
f 167/169/163 1127/1330/1125 1230/1448/1228 168/170/164
f 1231/1449/1229 1232/1450/1230 1233/1451/1231 170/1452/166
f 892/1033/888 488/530/484 1189/1394/1187 893/1034/889
f 1231/1449/1229 1229/1453/1227 473/515/469 472/514/468
f 170/172/166 1233/1454/1231 1128/1331/1126 167/169/163
f 1209/1420/1207 168/170/164 1230/1448/1228 1234/1455/1232
f 491/533/487 1187/1392/1185 1212/1424/1210 1211/1423/1209
f 1133/1456/1131 1132/1457/1130 1129/1332/1127 1128/1331/1126
f 417/1458/413 1235/1459/1233 1054/1251/1050 378/1250/374
f 229/235/225 966/1138/962 451/492/447 230/236/226
f 514/558/510 513/557/509 323/342/319 322/341/318
f 1066/1264/1062 1060/1257/1056 602/1460/598 1064/1461/1060
f 602/1460/598 1060/1257/1056 1059/1256/1055 603/1247/599
f 415/1462/411 417/1458/413 378/1250/374 377/1463/373
f 285/1013/281 514/558/510 322/341/318 252/260/248
f 286/294/282 285/293/281 252/1464/248 251/333/247
f 383/414/379 415/452/411 377/407/373 210/214/206
f 316/335/312 383/414/379 210/214/206 209/213/205
f 1099/1300/1095 1236/1465/1234 1237/1466/1235 1100/1301/1096
f 996/1176/992 995/1175/991 213/217/209 216/220/212
f 1238/1467/1236 228/1468/224 231/1469/227 1239/1470/1237
f 1240/1471/1238 214/218/210 470/512/466 1241/1472/1239
f 1241/1472/1239 470/512/466 475/517/471 1242/1473/1240
f 1243/1474/1241 1244/1475/1242 1191/1396/1189 1245/1476/1243
f 281/289/277 262/270/258 261/269/257 215/219/211
f 1243/1474/1241 1245/1476/1243 1082/1281/1078 1246/1477/1244
f 487/1399/483 1247/1478/1245 1192/1479/1190 1090/1400/1086
f 456/1480/452 1248/1481/1246 1249/1482/1247 1250/1483/1248
f 457/499/453 355/382/351 358/385/354 468/510/464
f 529/1484/525 485/1485/481 484/543/480 500/542/496
f 277/285/273 276/284/272 200/202/196 201/203/197
f 502/545/498 1251/1486/1249 499/1487/495 503/546/499
f 486/528/482 527/573/523 1247/1488/1245 487/529/483
f 1252/1489/1250 1253/1490/1251 1251/1486/1249 86/88/82
f 86/88/82 1251/1486/1249 502/545/498 87/89/83
f 1251/1486/1249 1253/1490/1251 496/1491/492 499/1487/495
f 280/288/276 412/449/408 1197/1405/1195 1254/1492/1252
f 38/40/34 1255/1493/1253 207/211/203 39/41/35
f 1256/1494/1254 1134/1495/1132 1133/1496/1131 1257/1497/1255
f 1258/1498/1256 1259/1499/1257 1260/1500/1258 1261/1501/1259
f 1262/1502/1260 1263/1503/1261 1234/1455/1232 1230/1448/1228
f 1169/1374/1167 1172/1377/1170 1107/1308/1103 1264/1504/1262
f 1191/1396/1189 1190/1395/1188 1265/1505/1263 1245/1476/1243
f 520/565/516 522/567/518 144/146/140 93/95/89
f 1242/1473/1240 1079/1278/1075 1265/1505/1263 1241/1472/1239
f 97/99/93 95/97/91 1083/1282/1079 1068/1266/1064
f 214/218/210 1240/1471/1238 281/289/277 215/219/211
f 216/220/212 215/219/211 261/269/257 1221/1433/1219
f 1061/1258/1057 1063/1260/1059 877/1011/873 1266/1506/1264
f 1267/1507/1265 580/635/576 925/1082/921 1268/1508/1266
f 495/537/491 1194/1401/1192 531/577/527 530/576/526
f 1221/1433/1219 261/269/257 204/207/200 203/206/199
f 738/814/734 101/103/97 100/102/96 568/620/564
f 92/94/88 521/566/517 520/565/516 93/95/89
f 1269/1509/1267 1270/1510/1268 1271/1511/1269 1249/1482/1247
f 1272/1512/1270 1273/1513/1271 449/490/445 1226/1440/1224
f 1208/1419/1206 450/491/446 449/490/445 1273/1513/1271
f 1223/1436/1221 1214/1426/1212 1274/1514/1272 1275/1515/1273
f 1224/1516/1222 1223/1436/1221 1275/1515/1273 1270/1510/1268
f 1272/1512/1270 1226/1440/1224 1225/1439/1223 1269/1517/1267
f 1225/1439/1223 1224/1438/1222 1270/1518/1268 1269/1517/1267
f 1214/1426/1212 1213/1425/1211 1276/1519/1274 1274/1514/1272
f 440/481/436 439/480/435 1217/1429/1215 1213/1425/1211
f 995/1175/991 998/1178/994 1266/1506/1264 1277/1520/1275
f 1278/1521/1276 1279/1522/1277 1280/1523/1278 1281/1524/1279
f 1249/1482/1247 1271/1511/1269 1282/1525/1280 1250/1483/1248
f 471/513/467 474/516/470 1189/1394/1187 1211/1423/1209
f 1272/1512/1270 1269/1517/1267 1249/1526/1247 1248/1527/1246
f 1220/1432/1218 1219/1431/1217 1283/1528/1281 1279/1522/1277
f 1279/1522/1277 1283/1528/1281 1284/1529/1282 1280/1523/1278
f 536/582/532 1220/1432/1218 1279/1522/1277 1278/1521/1276
f 1218/1430/1216 537/583/533 1285/1530/1283 1286/1531/1284
f 1213/1425/1211 1217/1429/1215 1218/1430/1216 1276/1519/1274
f 213/217/209 995/1175/991 1277/1520/1275 1287/1532/1285
f 537/583/533 536/582/532 1278/1521/1276 1285/1530/1283
f 1270/1510/1268 1275/1515/1273 1288/1533/1286 1271/1511/1269
f 1275/1515/1273 1274/1514/1272 1289/1534/1287 1288/1533/1286
f 1273/1513/1271 1272/1512/1270 1248/1527/1246 458/500/454
f 472/514/468 1100/1301/1096 1232/1450/1230 1231/1449/1229
f 1208/1419/1206 1273/1513/1271 458/500/454 457/499/453
f 1287/1532/1285 1207/1418/1205 468/510/464 467/509/463
f 1277/1520/1275 876/1010/872 1207/1418/1205 1287/1532/1285
f 203/206/199 567/1535/563 1222/1434/1220 1221/1433/1219
f 1266/1506/1264 877/1011/873 876/1010/872 1277/1520/1275
f 567/1535/563 233/239/229 232/238/228 1222/1434/1220
f 1037/1229/1033 448/489/444 1055/1252/1051 1067/1265/1063
f 1055/1252/1051 448/489/444 447/488/443 1056/1253/1052
f 447/488/443 256/264/252 1063/1260/1059 1056/1253/1052
f 422/459/418 423/460/419 461/503/457 413/1536/409
f 324/1537/320 1290/1538/1288 1291/1539/1289 325/1540/321
f 325/344/321 1291/1541/1289 1292/1542/1290 253/261/249
f 1291/1539/1289 462/504/458 248/256/244 1292/1543/1290
f 1290/1538/1288 463/505/459 462/504/458 1291/1539/1289
f 386/417/382 422/459/418 413/1536/409 379/1544/375
f 311/324/307 386/1545/382 379/410/375 350/377/346
f 1207/1418/1205 1208/1419/1206 457/499/453 468/510/464
f 1292/1543/1290 248/256/244 247/255/243 363/392/359
f 214/218/210 213/217/209 1287/1532/1285 467/509/463
f 1293/1546/1291 1294/1547/1292 1295/1548/1293 1296/1549/1294
f 1297/1550/1295 1298/1551/1296 1299/1552/1297 1300/1553/1298
f 1301/1554/1299 601/1555/597 49/51/45 48/50/44
f 1300/1553/1298 1299/1552/1297 1302/1556/1300 1303/1557/1301
f 1239/1470/1237 133/135/129 132/134/128 1304/1558/1302
f 80/82/76 205/1559/201 217/223/213 81/83/77
f 1257/1560/1255 1133/1456/1131 1128/1331/1126 1233/1454/1231
f 1103/1304/1099 1305/1561/1303 1306/1562/1304 1307/1563/1305
f 1308/1564/1306 1309/1565/1307 1139/1342/1137 1138/1341/1136
f 1310/1566/1308 1122/1567/1120 1134/1495/1132 1256/1494/1254
f 1311/1568/1309 1105/1306/1101 1107/1308/1103 1172/1377/1170
f 1264/1504/1262 1107/1308/1103 1106/1307/1102 1312/1569/1310
f 1169/1570/1167 1264/1571/1262 1306/1562/1304 1313/1572/1311
f 1314/1573/1312 1308/1564/1306 1171/1376/1169 1170/1375/1168
f 1121/1324/1119 1120/1323/1118 1309/1565/1307 1315/1574/1313
f 1236/1465/1234 1316/1575/1314 1317/1576/1315 1237/1466/1235
f 1311/1568/1309 1157/1362/1155 1158/1363/1156 1318/1577/1316
f 1315/1574/1313 1309/1565/1307 1308/1564/1306 1314/1573/1312
f 1159/1364/1157 1162/1367/1160 1319/1578/1317 1320/1579/1318
f 1139/1342/1137 1309/1565/1307 1120/1323/1118 1142/1345/1140
f 1157/1362/1155 1171/1376/1169 1308/1564/1306 1138/1341/1136
f 473/515/469 74/76/70 77/79/73 474/516/470
f 58/1580/54 1321/1581/1319 1322/1582/1320 59/1583/55
f 171/1446/167 1210/1421/1208 208/212/204 172/222/168
f 1323/1584/1321 1324/1585/1322 1256/1494/1254 1257/1497/1255
f 1232/1450/1230 1323/1584/1321 1257/1497/1255 1233/1451/1231
f 1097/1297/1093 1096/1296/1092 1105/1306/1101 1325/1586/1323
f 1326/1587/1324 1307/1563/1305 1312/1588/1310 1310/1566/1308
f 1169/1570/1167 1313/1572/1311 1327/1589/1325 1170/1590/1168
f 1328/1591/1326 1329/1592/1327 63/65/59 62/64/58
f 51/53/47 50/52/46 159/161/155 1198/1593/1196
f 1305/1561/1303 1330/1594/1328 1331/1595/1329 1332/1596/1330
f 1327/1589/1325 1333/1597/1331 1314/1598/1312 1170/1590/1168
f 1334/1599/1332 1320/1579/1318 1121/1600/1119 1315/1601/1313
f 1333/1597/1331 1334/1599/1332 1315/1601/1313 1314/1598/1312
f 1142/1345/1140 1120/1323/1118 1119/1322/1117 1335/1602/1333
f 1203/1414/1201 1336/1603/1334 1337/1604/1335 1204/1415/1202
f 1338/1605/1336 1159/1364/1157 1320/1579/1318 1334/1599/1332
f 1110/1311/1106 1338/1605/1336 1334/1599/1332 1333/1597/1331
f 1111/1312/1107 1110/1311/1106 1333/1597/1331 1327/1589/1325
f 1331/1595/1329 1330/1594/1328 1124/1327/1122 1117/1320/1115
f 1330/1594/1328 1102/1303/1098 1125/1328/1123 1124/1327/1122
f 1104/1305/1100 1103/1304/1099 1307/1563/1305 1326/1587/1324
f 1237/1466/1235 1317/1576/1315 1324/1585/1322 1323/1584/1321
f 1100/1301/1096 1237/1466/1235 1323/1584/1321 1232/1450/1230
f 1262/1502/1260 1230/1448/1228 1127/1330/1125 1131/1334/1129
f 171/173/167 74/76/70 473/515/469 1229/1453/1227
f 1236/1465/1234 1099/1300/1095 1212/1424/1210 1339/1606/1337
f 344/588/340 539/587/535 508/551/504 156/158/152
f 172/222/168 208/212/204 82/84/78 81/83/77
f 52/54/48 1340/1607/1338 1301/1554/1299 48/50/44
f 1341/1608/1339 1342/1609/1340 1343/1610/1341 1321/1581/1319
f 1342/1609/1340 1341/1608/1339 1184/1389/1182 1181/1386/1179
f 1342/1609/1340 186/188/182 1344/1611/1342 1343/1610/1341
f 1345/1612/1343 1346/1613/1344 1347/1614/1345 1348/1615/1346
f 1349/1616/1347 1350/1617/1348 1351/1618/1349 1352/1619/1350
f 1353/1620/1351 1162/1367/1160 1161/1366/1159 1205/1416/1203
f 1162/1367/1160 1353/1620/1351 1354/1621/1352 1319/1578/1317
f 1346/1613/1344 1349/1616/1347 1352/1619/1350 1347/1614/1345
f 66/68/62 1329/1592/1327 1328/1591/1326 67/69/63
f 1355/1622/1353 1356/1623/1354 1357/1624/1355 1358/1625/1356
f 1346/1613/1344 70/72/66 1359/1626/1357 1349/1616/1347
f 1329/1592/1327 1345/1612/1343 1348/1615/1346 63/65/59
f 1360/1627/1358 1361/1628/1359 1362/1629/1360 1363/1630/1361
f 1329/1592/1327 66/68/62 71/73/67 1345/1612/1343
f 1364/1631/1362 1365/1632/1363 1322/1633/1320 1366/1634/1364
f 1343/1610/1341 1344/1611/1342 1362/1635/1360 1366/1636/1364
f 1321/1581/1319 1343/1610/1341 1366/1636/1364 1322/1582/1320
f 1367/1637/1365 1368/1638/1366 65/1639/61 64/1640/60
f 67/69/63 1328/1591/1326 185/187/181 188/190/184
f 1369/1641/1367 1370/1642/1368 1371/1643/1369 1372/1644/1370
f 1373/1645/1371 1374/1646/1372 1375/1647/1373 1376/1648/1374
f 1118/1649/1116 1319/1578/1317 1354/1621/1352 1377/1650/1375
f 1378/1651/1376 1379/1652/1377 1380/1653/1378 1381/1654/1379
f 1205/1416/1203 1161/1366/1159 1160/1365/1158 1206/1417/1204
f 1367/1637/1365 64/1640/60 1371/1643/1369 1370/1642/1368
f 1109/1310/1105 1382/1655/1380 1338/1605/1336 1110/1311/1106
f 1383/1656/1381 1384/1657/1382 1116/1319/1114 1115/1318/1113
f 1383/1656/1381 1167/1372/1165 1385/1658/1383 1386/1659/1384
f 1116/1319/1114 1384/1657/1382 1109/1310/1105 1108/1309/1104
f 1271/1511/1269 1288/1533/1286 1387/1660/1385 1282/1525/1280
f 516/560/512 523/568/519 551/603/547 1388/1661/1386
f 1293/1546/1291 1296/1549/1294 1389/1662/1387 1390/1663/1388
f 1160/1365/1158 1382/1655/1380 1391/1664/1389 1206/1417/1204
f 1382/1655/1380 1109/1310/1105 1384/1657/1382 1391/1664/1389
f 1312/1588/1310 1307/1563/1305 1306/1562/1304 1264/1571/1262
f 1101/1302/1097 1316/1575/1314 1392/1665/1390 1393/1666/1391
f 1392/1665/1390 1316/1575/1314 1236/1465/1234 1339/1606/1337
f 1332/1596/1330 1111/1312/1107 1327/1589/1325 1313/1572/1311
f 1382/1655/1380 1160/1365/1158 1159/1364/1157 1338/1605/1336
f 1335/1667/1333 1119/1668/1117 1394/1669/1392 1395/1670/1393
f 1311/1568/1309 1172/1377/1170 1171/1376/1169 1157/1362/1155
f 53/209/49 51/1671/47 1198/1407/1196 161/163/157
f 1361/1628/1359 1364/1631/1362 1366/1634/1364 1362/1629/1360
f 1191/1396/1189 1244/1475/1242 411/448/407 410/447/406
f 1286/1531/1284 1285/1530/1283 1396/1672/1394 1397/1673/1395
f 1398/1674/1396 1294/1547/1292 1293/1546/1291 1399/1675/1397
f 54/56/50 57/59/53 1400/1676/1398 85/87/81
f 528/1410/524 541/590/537 279/287/275 506/668/502
f 1401/1677/1399 1402/1678/1400 1403/1679/1401 1404/1680/1402
f 1394/1669/1392 1119/1668/1117 1118/1681/1116 1377/1682/1375
f 1112/1314/1109 1405/1683/1403 1406/1684/1404 1113/1315/1110
f 600/659/596 45/47/41 525/1685/521 1407/1686/1405
f 1344/1611/1342 1408/1687/1406 1363/1688/1361 1362/1635/1360
f 1377/1650/1375 1354/1621/1352 1409/1689/1407 1410/1690/1408
f 1354/1621/1352 1353/1620/1351 1411/1691/1409 1409/1689/1407
f 1238/1467/1236 1412/1692/1410 1413/1693/1411 1414/1694/1412
f 1361/1628/1359 1360/1627/1358 1415/1695/1413 1416/1696/1414
f 1360/1627/1358 1363/1630/1361 65/1639/61 1368/1638/1366
f 1206/1417/1204 1391/1664/1389 1417/1697/1415 1203/1414/1201
f 1418/1698/1416 1419/1699/1417 1395/1670/1393 1420/1700/1418
f 1391/1664/1389 1384/1657/1382 1383/1656/1381 1417/1697/1415
f 1126/1329/1124 1421/1701/1419 1422/1702/1420 1123/1326/1121
f 1393/1666/1391 1392/1665/1390 1423/1703/1421 1424/1704/1422
f 1339/1606/1337 1212/1424/1210 1187/1392/1185 1425/1705/1423
f 56/58/52 159/1406/155 143/1706/139 1426/1707/1424
f 143/1706/139 142/1708/138 540/1709/536 1426/1707/1424
f 1116/1319/1114 1108/1309/1104 1331/1595/1329 1117/1320/1115
f 1427/1710/1425 1428/1711/1426 1429/1712/1427 1430/1713/1428
f 601/660/597 600/659/596 1407/1686/1405 49/1714/45
f 1431/1715/1429 1432/1716/1430 1301/1554/1299 1340/1607/1338
f 522/567/518 1297/1550/1295 1300/1553/1298 144/146/140
f 1276/1519/1274 1218/1430/1216 1286/1531/1284 1433/1717/1431
f 1253/1490/1251 1434/1718/1432 221/227/217 496/1491/492
f 1435/1719/1433 1436/1720/1434 1437/1721/1435 1438/1722/1436
f 1438/1722/1436 1437/1721/1435 1086/1723/1082 606/1724/602
f 1437/1725/1435 1439/1726/1437 1089/1288/1085 1086/1285/1082
f 1436/1720/1434 1440/1727/1438 1439/1728/1437 1437/1721/1435
f 1302/1556/1300 1441/1729/1439 1084/1283/1080 1303/1557/1301
f 1303/1557/1301 1084/1283/1080 1077/1276/1073 145/147/141
f 1084/1283/1080 1441/1729/1439 1442/1730/1440 1085/1284/1081
f 1443/1731/1441 1444/1732/1442 1445/1733/1443 1446/1734/1444
f 925/1082/921 990/1170/986 1447/1735/1445 1268/1508/1266
f 1268/1508/1266 1447/1735/1445 971/1736/967 970/1737/966
f 1447/1738/1445 1448/1739/1446 114/116/110 971/1144/967
f 990/1740/986 569/621/565 1448/1739/1446 1447/1738/1445
f 586/641/582 581/636/577 1449/1741/1447 1450/1742/1448
f 1450/1742/1448 1449/1741/1447 762/838/758 989/1168/985
f 1449/1741/1447 1267/1507/1265 763/839/759 762/838/758
f 581/636/577 580/635/576 1267/1507/1265 1449/1741/1447
f 1435/1719/1433 1438/1722/1436 1432/1716/1430 1431/1715/1429
f 1432/1716/1430 598/1743/594 601/1555/597 1301/1554/1299
f 1451/1744/1449 1426/1707/1424 540/1709/536 541/1745/537
f 1438/1722/1436 606/1724/602 598/1743/594 1432/1716/1430
f 127/1746/123 1452/1747/1450 1453/1748/1451 592/1749/588
f 592/1749/588 1453/1748/1451 594/651/590 593/650/589
f 1453/1748/1451 120/122/116 122/124/118 594/651/590
f 1452/1747/1450 121/123/117 120/122/116 1453/1748/1451
f 1454/1750/1452 591/1751/587 592/1752/588 593/1753/589
f 1289/1534/1287 1433/1717/1431 1455/1754/1453 1456/1755/1454
f 569/621/565 571/623/567 1457/1756/1455 1448/1739/1446
f 1448/1739/1446 1457/1756/1455 115/117/111 114/116/110
f 1457/1756/1455 597/656/593 122/124/118 115/117/111
f 571/623/567 572/624/568 597/656/593 1457/1756/1455
f 763/839/759 1267/1507/1265 1268/1508/1266 970/1737/966
f 1458/1757/1456 1459/1758/1457 981/1160/977 980/1159/976
f 144/146/140 1300/1553/1298 1303/1557/1301 145/147/141
f 1299/1552/1297 1199/1408/1197 992/1172/988 1302/1556/1300
f 1400/1759/1398 1200/1409/1198 1201/1412/1199 1252/1760/1250
f 1460/1761/1458 1461/1762/1459 1462/1763/1460 1463/1764/1461
f 1426/1707/1424 1451/1744/1449 57/59/53 56/58/52
f 1407/1765/1405 525/570/521 141/143/137 140/142/136
f 49/51/45 1407/1765/1405 140/142/136 50/52/46
f 1360/1627/1358 1368/1638/1366 1464/1766/1462 1415/1695/1413
f 1459/1758/1457 1465/1767/1463 984/1163/980 981/1160/977
f 621/811/617 736/812/732 1466/1768/1464 1467/1769/1465
f 1468/1770/1466 1469/1771/1467 1470/1772/1468 1471/1773/1469
f 1471/1773/1469 1470/1772/1468 1459/1758/1457 1458/1757/1456
f 1470/1772/1468 1472/1774/1470 1465/1767/1463 1459/1758/1457
f 1469/1771/1467 1473/1775/1471 1472/1774/1470 1470/1772/1468
f 1468/1770/1466 1474/1776/1472 1475/1777/1473 1469/1771/1467
f 1469/1771/1467 1475/1777/1473 1476/1778/1474 1473/1775/1471
f 1475/1777/1473 1477/1779/1475 1478/1780/1476 1476/1778/1474
f 1474/1776/1472 1479/1781/1477 1477/1779/1475 1475/1777/1473
f 936/1096/932 1480/1782/1478 1466/1768/1464 736/812/732
f 1481/1783/1479 1471/1773/1469 1458/1757/1456 1482/1784/1480
f 1483/1785/1481 1468/1770/1466 1471/1773/1469 1481/1783/1479
f 1482/1786/1480 1458/1787/1456 980/1788/976 1484/1789/1482
f 740/816/736 984/1790/980 1465/1791/1463 741/817/737
f 621/683/617 1467/1792/1465 1485/1793/1483 618/684/614
f 618/679/614 1485/1794/1483 1486/1795/1484 619/680/615
f 1487/1796/1485 983/1162/979 974/1150/970 1488/1797/1486
f 1484/1789/1482 980/1788/976 983/1798/979 1487/1799/1485
f 619/680/615 1486/1795/1484 1489/1800/1487 644/712/640
f 644/710/640 1489/1801/1487 612/673/608 636/700/632
f 1490/1802/1488 977/1154/973 979/1157/975 613/674/609
f 1488/1797/1486 974/1150/970 977/1153/973 1490/1803/1488
f 1414/1694/1412 1491/1804/1489 979/1157/975 978/1156/974
f 70/72/66 1346/1613/1344 1345/1612/1343 71/73/67
f 938/1098/934 1492/1805/1490 1493/1806/1491 1494/1807/1492
f 1483/1785/1481 1495/1808/1493 1474/1776/1472 1468/1770/1466
f 1495/1808/1493 1496/1809/1494 1479/1781/1477 1474/1776/1472
f 1492/1805/1490 1497/1810/1495 1498/1811/1496 1493/1806/1491
f 930/1099/926 1499/1812/1497 1500/1813/1498 937/1097/933
f 937/1097/933 1500/1813/1498 1492/1805/1490 938/1098/934
f 1500/1813/1498 1501/1814/1499 1497/1810/1495 1492/1805/1490
f 1499/1815/1497 652/720/648 1501/1816/1499 1500/1817/1498
f 768/846/764 771/849/767 1502/1818/1500 929/1086/925
f 929/1086/925 1502/1818/1500 1499/1815/1497 930/1087/926
f 1502/1818/1500 649/717/645 652/720/648 1499/1815/1497
f 771/849/767 650/718/646 649/717/645 1502/1818/1500
f 820/1819/816 920/1072/916 1503/1820/1501 1504/1821/1502
f 1504/1821/1502 1503/1820/1501 924/1079/920 828/940/824
f 1503/1820/1501 870/1003/866 869/1002/865 924/1079/920
f 920/1072/916 916/1064/912 870/1003/866 1503/1820/1501
f 945/1822/941 944/1823/940 1505/1824/1503 951/1825/947
f 951/1825/947 1505/1824/1503 646/714/642 645/713/641
f 1505/1824/1503 1506/1826/1504 653/721/649 646/714/642
f 944/1105/940 947/1108/943 1506/1827/1504 1505/1828/1503
f 653/1829/649 1506/1827/1504 1507/1830/1505 1508/1831/1506
f 1508/1831/1506 1507/1830/1505 1509/1832/1507 1510/1833/1508
f 1507/1830/1505 954/1121/950 956/1123/952 1509/1832/1507
f 1506/1827/1504 947/1108/943 954/1121/950 1507/1830/1505
f 956/1123/952 959/1126/955 1511/1834/1509 1509/1832/1507
f 959/1126/955 349/376/345 348/375/344 1511/1834/1509
f 346/373/342 345/372/341 1512/1835/1510 1513/1836/1511
f 1513/1836/1511 1512/1835/1510 1514/1837/1512 1510/1833/1508
f 1512/1835/1510 1073/1271/1069 1074/1272/1070 1514/1837/1512
f 345/372/341 347/374/343 1073/1271/1069 1512/1835/1510
f 652/720/648 651/719/647 1515/1838/1513 1501/1816/1499
f 1501/1816/1499 1515/1838/1513 1516/1839/1514 1497/1840/1495
f 1515/1838/1513 1517/1841/1515 1518/1842/1516 1516/1839/1514
f 651/719/647 653/721/649 1517/1841/1515 1515/1838/1513
f 1496/1809/1494 1498/1811/1496 1519/1843/1517 1520/1844/1518
f 1520/1844/1518 1519/1843/1517 1521/1845/1519 1522/1846/1520
f 1519/1843/1517 1516/1847/1514 1518/1848/1516 1521/1845/1519
f 1498/1811/1496 1497/1810/1495 1516/1847/1514 1519/1843/1517
f 1006/1186/1002 1523/1849/1521 1524/1850/1522 1003/1183/999
f 98/100/94 1075/1274/1071 1523/1849/1521 1006/1186/1002
f 339/358/335 880/1017/876 1525/1851/1523 1074/1272/1070
f 1004/1184/1000 1003/1183/999 1524/1850/1522 1526/1852/1524
f 1527/1853/1525 1528/1854/1526 1529/1855/1527 1530/1856/1528
f 741/817/737 1465/1791/1463 1472/1857/1470 747/823/743
f 1472/1857/1470 1473/1858/1471 748/824/744 747/823/743
f 1531/1859/1529 1075/1274/1071 737/813/733 962/1133/958
f 653/1829/649 1508/1831/1506 1532/1860/1530 1517/1861/1515
f 1517/1861/1515 1532/1860/1530 1533/1862/1531 1518/1863/1516
f 1532/1860/1530 1514/1837/1512 1074/1272/1070 1533/1862/1531
f 1508/1831/1506 1510/1833/1508 1514/1837/1512 1532/1860/1530
f 1526/1852/1524 1534/1864/1532 1535/1865/1533 1525/1851/1523
f 1525/1851/1523 1535/1865/1533 1533/1862/1531 1074/1272/1070
f 1535/1865/1533 1521/1866/1519 1518/1863/1516 1533/1862/1531
f 1534/1864/1532 1522/1867/1520 1521/1866/1519 1535/1865/1533
f 1075/1274/1071 1531/1859/1529 1536/1868/1534 1523/1849/1521
f 1523/1849/1521 1536/1868/1534 1537/1869/1535 1524/1850/1522
f 1536/1868/1534 1476/1870/1474 1478/1871/1476 1537/1869/1535
f 1531/1859/1529 1473/1858/1471 1476/1870/1474 1536/1868/1534
f 748/824/744 1473/1858/1471 1531/1859/1529 962/1133/958
f 997/1177/993 1053/1248/1049 1062/1259/1058 998/1178/994
f 1288/1533/1286 1289/1534/1287 1456/1755/1454 1387/1660/1385
f 1244/1475/1242 1243/1474/1241 490/532/486 489/531/485
f 1289/1534/1287 1274/1514/1272 1276/1519/1274 1433/1717/1431
f 1538/1872/1536 1539/1873/1537 1540/1874/1538 1541/1875/1539
f 1282/1525/1280 1542/1876/1540 1543/1877/1541 1250/1483/1248
f 1387/1660/1385 1544/1878/1542 1542/1876/1540 1282/1525/1280
f 1433/1717/1431 1286/1531/1284 1397/1673/1395 1455/1754/1453
f 89/91/85 88/90/84 411/448/407 1188/1393/1186
f 1545/1879/1543 1546/1880/1544 1547/1881/1545 1548/1882/1546
f 1549/1883/1547 1460/1884/1458 1550/1885/1548 1551/1886/1549
f 1552/1887/1550 1553/1888/1551 1554/1889/1552 1555/1890/1553
f 1556/1891/1554 1557/1892/1555 1558/1893/1556 1559/1894/1557
f 1428/1711/1426 1427/1710/1425 1560/1895/1558 1561/1896/1559
f 1562/1897/1560 1563/1898/1561 1564/1899/1562 1373/1645/1371
f 1373/1645/1371 1564/1899/1562 1565/1900/1563 1374/1646/1372
f 1566/1901/1564 1567/1902/1565 1568/1903/1566 1569/1904/1567
f 1570/1905/1568 1571/1906/1569 1572/1907/1570 1573/1908/1571
f 1571/1906/1569 1574/1909/1572 1575/1910/1573 1572/1907/1570
f 1374/1646/1372 1565/1900/1563 177/179/173 1576/1911/1574
f 1565/1900/1563 1577/1912/1575 178/180/174 177/179/173
f 1564/1899/1562 1578/1913/1576 1577/1912/1575 1565/1900/1563
f 1336/1603/1334 1579/1914/1577 1580/1915/1578 1581/1916/1579
f 1463/1917/1461 1462/1918/1460 1582/1919/1580 1583/1920/1581
f 1584/1921/1582 1569/1904/1567 1585/1922/1583 1586/1923/1584
f 1587/1924/1585 1588/1925/1586 1589/1926/1587 1590/1927/1588
f 1174/1379/1172 1591/1928/1589 1592/1929/1590 1175/1380/1173
f 1569/1904/1567 1568/1903/1566 1593/1930/1591 1585/1922/1583
f 1463/1917/1461 1583/1920/1581 1594/1931/1592 1595/1932/1593
f 1596/1933/1594 1546/1934/1544 1545/1935/1543 1597/1936/1595
f 1598/1937/1596 1566/1901/1564 1569/1904/1567 1584/1921/1582
f 1599/1938/1597 1600/1939/1598 1601/1940/1599 1602/1941/1600
f 1603/1942/1601 1596/1933/1594 1597/1936/1595 1604/1943/1602
f 1605/1944/1603 1606/1945/1604 1607/1946/1605 1608/1947/1606
f 1609/1948/1607 1605/1944/1603 1608/1947/1606 1610/1949/1608
f 1611/1950/1609 1612/1951/1610 1613/1952/1611 1614/1953/1612
f 1615/1954/1613 1611/1955/1609 1614/1956/1612 1616/1957/1614
f 1617/1958/1615 1618/1959/1616 1619/1960/1617 1620/1961/1618
f 1621/1962/1619 1550/1885/1548 1595/1963/1593 1594/1964/1592
f 1622/1965/1620 1623/1966/1621 1624/1967/1622 1625/1968/1623
f 1626/1969/1624 1627/1970/1625 1546/1934/1544 1596/1933/1594
f 1628/1971/1626 1629/1972/1627 1630/1973/1628 1631/1974/1629
f 1632/1975/1630 1626/1969/1624 1596/1933/1594 1603/1942/1601
f 1618/1959/1616 1633/1976/1631 1634/1977/1632 1619/1960/1617
f 1635/1978/1633 1636/1979/1634 1637/1980/1635 1638/1981/1636
f 1639/1982/1637 1640/1983/1638 1625/1968/1623 1624/1967/1622
f 1641/1984/1639 1622/1965/1620 1625/1968/1623 1642/1985/1640
f 1643/1986/1641 1644/1987/1642 1609/1948/1607 1645/1988/1643
f 1640/1983/1638 1646/1989/1644 1642/1985/1640 1625/1968/1623
f 1637/1980/1635 1647/1990/1645 1648/1991/1646 1649/1992/1647
f 1650/1993/1648 1584/1921/1582 1586/1923/1584 1651/1994/1649
f 1652/1995/1650 1650/1993/1648 1651/1994/1649 1653/1996/1651
f 1654/1997/1652 1655/1998/1653 1656/1999/1654 1657/2000/1655
f 1658/2001/1656 1659/2002/1657 1660/2003/1658 1661/2004/1659
f 1661/2004/1659 1660/2003/1658 1662/2005/1660 1617/1958/1615
f 1659/2002/1657 1653/2006/1651 1663/2007/1661 1660/2003/1658
f 1588/1925/1586 1174/1379/1172 1173/1378/1171 1589/1926/1587
f 1590/1927/1588 1589/1926/1587 1664/2008/1662 1665/2009/1663
f 1589/1926/1587 1173/1378/1171 1666/2010/1664 1664/2008/1662
f 1667/2011/1665 1668/2012/1666 1669/2013/1667 1670/2014/1668
f 1671/2015/1669 1672/2016/1670 1673/2017/1671 1674/2018/1672
f 1675/2019/1673 1599/2020/1597 1602/2021/1600 1676/2022/1674
f 1654/1997/1652 1677/2023/1675 1650/2024/1648 1652/2025/1650
f 1678/2026/1676 1679/2027/1677 1571/2028/1569 1570/2029/1568
f 1679/2027/1677 1678/2026/1676 1680/2030/1678 1681/2031/1679
f 1682/2032/1680 1681/2031/1679 1683/2033/1681 1684/2034/1682
f 1681/2031/1679 1680/2030/1678 1685/2035/1683 1683/2033/1681
f 1686/2036/1684 1628/1971/1626 1631/1974/1629 1687/2037/1685
f 1688/2038/1686 1689/2039/1687 1670/2040/1668 1669/2041/1667
f 1590/1927/1588 1667/2011/1665 1670/2014/1668 1587/1924/1585
f 1690/2042/1688 1691/2043/1689 1692/2044/1690 1693/2045/1691
f 1689/2046/1687 1694/2047/1692 1587/1924/1585 1670/2014/1668
f 1642/1985/1640 1695/2048/1693 1668/2049/1666 1641/1984/1639
f 1655/2050/1653 1606/1945/1604 1696/2051/1694 1656/2052/1654
f 1585/1922/1583 1697/2053/1695 1698/2054/1696 1586/1923/1584
f 1652/2025/1650 1653/2006/1651 1659/2002/1657 1699/2055/1697
f 1593/1930/1591 1700/2056/1698 1697/2053/1695 1585/1922/1583
f 1697/2053/1695 1144/1347/1142 1147/1350/1145 1698/2054/1696
f 1701/2057/1699 1566/1901/1564 1598/1937/1596 1677/2058/1675
f 1700/2056/1698 265/273/261 1144/1347/1142 1697/2053/1695
f 1659/2002/1657 1658/2001/1656 1702/2059/1700 1699/2055/1697
f 1703/2060/1701 1621/2061/1619 1704/2062/1702 1694/2063/1692
f 1705/2064/1703 1675/2019/1673 1676/2022/1674 1706/2065/1704
f 1693/2045/1691 1692/2044/1690 1707/2066/1705 1708/2067/1706
f 1691/2068/1689 1690/2069/1688 1709/2070/1707 1710/2071/1708
f 1692/2044/1690 1711/2072/1709 1712/2073/1710 1707/2066/1705
f 1713/2074/1711 1714/2075/1712 1715/2076/1713 1716/2077/1714
f 1717/2078/1715 1718/2079/1716 1719/2080/1717 1720/2081/1718
f 1679/2027/1677 1721/2082/1719 1574/2083/1572 1571/2028/1569
f 1654/1997/1652 1652/2025/1650 1699/2055/1697 1655/1998/1653
f 1722/2084/1720 1696/2051/1694 1606/1945/1604 1605/1944/1603
f 1586/1923/1584 1698/2054/1696 1723/2085/1721 1651/1994/1649
f 1651/1994/1649 1723/2085/1721 1663/2086/1661 1653/1996/1651
f 1698/2054/1696 1147/1350/1145 1724/2087/1722 1723/2085/1721
f 1725/2088/1723 1726/2089/1724 1727/2090/1725 1728/2091/1726
f 266/274/262 265/273/261 1700/2056/1698 1729/2092/1727
f 275/283/271 1713/2074/1711 1716/2077/1714 272/280/268
f 1730/2093/1728 1712/2094/1710 1705/2095/1703 274/2096/270
f 1614/2097/1612 1613/2098/1611 1627/1970/1625 1626/1969/1624
f 1147/1350/1145 1146/1349/1144 1731/2099/1729 1724/2087/1722
f 1724/2087/1722 1731/2099/1729 1732/2100/1730 1733/2101/1731
f 1731/2102/1729 1734/2103/1732 1735/2104/1733 1732/2105/1730
f 1146/1349/1144 1623/1966/1621 1734/2106/1732 1731/2099/1729
f 1736/2107/1734 1646/1989/1644 1737/2108/1735 1738/2109/1736
f 1725/2088/1723 1739/2110/1737 1717/2078/1715 1740/2111/1738
f 1616/2112/1614 1614/2097/1612 1626/1969/1624 1632/1975/1630
f 1610/1949/1608 1741/2113/1739 1645/1988/1643 1609/1948/1607
f 1699/2114/1697 1702/2115/1700 1606/1945/1604 1655/2050/1653
f 1606/1945/1604 1702/2115/1700 1742/2116/1740 1607/1946/1605
f 1741/2113/1739 1743/2117/1741 1744/2118/1742 1645/1988/1643
f 1658/2001/1656 1661/2004/1659 1745/2119/1743 1746/2120/1744
f 1661/2004/1659 1617/1958/1615 1620/1961/1618 1745/2119/1743
f 1747/2121/1745 1748/2122/1746 1687/2037/1685 1749/2123/1747
f 1749/2123/1747 1687/2037/1685 1631/1974/1629 1750/2124/1748
f 1672/2016/1670 1686/2036/1684 1687/2037/1685 1748/2122/1746
f 1751/2125/1749 1752/2126/1750 1747/2127/1745 1753/2128/1751
f 1702/2059/1700 1658/2001/1656 1746/2120/1744 1742/2129/1740
f 1754/2130/1752 1755/2131/1753 1710/2071/1708 1709/2070/1707
f 1678/2026/1676 1754/2130/1752 1709/2070/1707 1680/2030/1678
f 1756/2132/1754 1757/2133/1755 1758/2134/1756 1759/2135/1757
f 1760/2136/1758 1761/2137/1759 1583/1920/1581 1582/1919/1580
f 1714/2138/1712 1762/2139/1760 1763/2140/1761 1764/2141/1762
f 1149/1352/1147 1148/1351/1146 1765/2142/1763 1766/2143/1764
f 1767/2144/1765 1768/2145/1766 1752/2126/1750 1751/2125/1749
f 1769/2146/1767 1757/2133/1755 1756/2132/1754 1770/2147/1768
f 1766/2148/1764 1154/1359/1152 1152/1356/1150 1149/1355/1147
f 1771/2149/1769 1751/2125/1749 1753/2128/1751 1772/2150/1770
f 1773/2151/1771 1767/2144/1765 1751/2125/1749 1771/2149/1769
f 1768/2152/1766 1774/2153/1772 1775/2154/1773 1752/2155/1750
f 1776/2156/1774 1738/2157/1736 1708/2158/1706 1707/2159/1705
f 1669/2041/1667 1668/2049/1666 1695/2048/1693 1777/2160/1775
f 1738/2109/1736 1737/2108/1735 1778/2161/1776 1708/2067/1706
f 1638/2162/1636 1637/2163/1635 1545/1879/1543 1548/1882/1546
f 1657/2000/1655 1656/1999/1654 1758/2164/1756 1757/2165/1755
f 1779/2166/1777 1780/2167/1778 1644/1987/1642 1643/1986/1641
f 270/278/266 269/277/265 1781/2168/1779 1782/2169/1780
f 1782/2170/1780 1781/2171/1779 1783/2172/1781 1684/2034/1682
f 1781/2171/1779 1784/2173/1782 1750/2124/1748 1783/2172/1781
f 269/277/265 271/279/267 1784/2174/1782 1781/2168/1779
f 1785/2175/1783 1786/2176/1784 1787/2177/1785 1788/2178/1786
f 1740/2111/1738 1717/2078/1715 1720/2081/1718 1404/2179/1402
f 1451/2180/1449 541/590/537 528/1410/524 1200/1409/1198
f 1654/1997/1652 1657/2000/1655 1701/2181/1699 1677/2023/1675
f 1566/1901/1564 1701/2057/1699 1769/2146/1767 1567/1902/1565
f 1701/2057/1699 1657/2182/1655 1757/2133/1755 1769/2146/1767
f 1644/1987/1642 1722/2084/1720 1605/1944/1603 1609/1948/1607
f 1148/1351/1146 1789/2183/1787 1790/2184/1788 1765/2142/1763
f 1739/2185/1737 1791/2186/1789 1790/2184/1788 1789/2183/1787
f 1748/2122/1746 1775/2187/1773 1673/2017/1671 1672/2016/1670
f 1752/2155/1750 1775/2154/1773 1748/2188/1746 1747/2189/1745
f 1780/2167/1778 1792/2190/1790 1722/2084/1720 1644/1987/1642
f 1792/2190/1790 1793/2191/1791 1696/2051/1694 1722/2084/1720
f 1621/2061/1619 1794/2192/1792 1591/2193/1589 1704/2062/1702
f 273/281/269 1559/1894/1557 1795/2194/1793 1796/2195/1794
f 1602/2196/1600 1797/2197/1795 1798/2198/1796 1676/2199/1674
f 1676/2022/1674 1798/2200/1796 1799/2201/1797 1706/2065/1704
f 1798/2200/1796 1727/2202/1725 1762/2203/1760 1799/2201/1797
f 1797/2197/1795 1728/2204/1726 1727/2205/1725 1798/2198/1796
f 1790/2184/1788 1791/2186/1789 1800/2206/1798 1801/2207/1799
f 1601/2208/1599 1800/2206/1798 1797/2197/1795 1602/2196/1600
f 1802/2209/1800 1803/2210/1801 1804/2211/1802 1180/1385/1178
f 1777/2160/1775 1795/2194/1793 1688/2038/1686 1669/2041/1667
f 1556/1891/1554 1805/2212/1803 1806/2213/1804 1557/1892/1555
f 1807/2214/1805 1796/2195/1794 1795/2194/1793 1777/2160/1775
f 1747/2215/1745 1749/2216/1747 1808/2217/1806 1753/2218/1751
f 1753/2128/1751 1808/2219/1806 1809/2220/1807 1772/2150/1770
f 1808/2219/1806 1784/2174/1782 271/279/267 1809/2220/1807
f 1749/2123/1747 1750/2124/1748 1784/2173/1782 1808/2221/1806
f 1805/2222/1803 1549/1883/1547 1551/1886/1549 1806/2223/1804
f 1727/2202/1725 1726/2224/1724 1763/2225/1761 1762/2203/1760
f 1790/2184/1788 1801/2207/1799 1810/2226/1808 1765/2142/1763
f 272/280/268 1716/2077/1714 1805/2212/1803 1556/1891/1554
f 1716/2077/1714 1715/2076/1713 1549/2227/1547 1805/2212/1803
f 1735/2104/1733 1811/2228/1809 1812/2229/1810 1732/2105/1730
f 1732/2105/1730 1812/2229/1810 1662/2005/1660 1733/2230/1731
f 1812/2229/1810 1618/1959/1616 1617/1958/1615 1662/2005/1660
f 1811/2228/1809 1633/1976/1631 1618/1959/1616 1812/2229/1810
f 1813/2231/1811 1177/1382/1175 1755/2131/1753 1754/2130/1752
f 1814/2232/1812 1815/2233/1813 1816/2234/1814 1817/2235/1815
f 1581/1916/1579 1580/1915/1578 1563/1898/1561 1562/1897/1560
f 1580/1915/1578 1818/2236/1816 1819/2237/1817 1563/1898/1561
f 1579/1914/1577 1386/1659/1384 1818/2236/1816 1580/1915/1578
f 1820/2238/1818 1821/2239/1819 1822/2240/1820 1823/2241/1821
f 1801/2207/1799 1824/2242/1822 1825/2243/1823 1810/2226/1808
f 1153/1357/1151 1152/1356/1150 1156/1361/1154 1422/1702/1420
f 1800/2206/1798 1601/2208/1599 1824/2242/1822 1801/2207/1799
f 1777/2160/1775 1695/2048/1693 1736/2107/1734 1807/2214/1805
f 1177/1382/1175 1180/1385/1178 1804/2211/1802 1755/2131/1753
f 1628/1971/1626 1686/2036/1684 1826/2244/1824 1827/2245/1825
f 1686/2036/1684 1672/2016/1670 1671/2015/1669 1826/2244/1824
f 1828/2246/1826 1674/2247/1672 1829/2248/1827 1830/2249/1828
f 1831/2250/1829 1832/2251/1830 1833/2252/1831 1834/2253/1832
f 1615/1954/1613 1616/1957/1614 1834/2253/1832 1835/2254/1833
f 1836/2255/1834 1817/2235/1815 1837/2256/1835 1838/2257/1836
f 1603/2258/1601 1839/2259/1837 1831/2250/1829 1632/2260/1630
f 1632/2260/1630 1831/2250/1829 1834/2253/1832 1616/1957/1614
f 1840/2261/1838 1802/2209/1800 1180/1385/1178 1179/1384/1177
f 1604/2262/1602 1841/2263/1839 1839/2264/1837 1603/2265/1601
f 1842/2266/1840 1843/2267/1841 1844/2268/1842 1620/1961/1618
f 1563/1898/1561 1819/2237/1817 1578/1913/1576 1564/1899/1562
f 1834/2253/1832 1833/2252/1831 1845/2269/1843 1835/2254/1833
f 1841/2270/1839 1846/2271/1844 1847/2272/1845 1839/2259/1837
f 1839/2259/1837 1847/2272/1845 1832/2251/1830 1831/2250/1829
f 1816/2234/1814 1848/2273/1846 1837/2256/1835 1817/2235/1815
f 1836/2255/1834 1849/2274/1847 1850/2275/1848 1851/2276/1849
f 1592/2277/1590 1852/2278/1850 1853/2279/1851 1854/2280/1852
f 1855/2281/1853 1856/2282/1854 1857/2283/1855 1858/2284/1856
f 1746/2120/1744 1745/2119/1743 1859/2285/1857 1860/2286/1858
f 1860/2286/1858 1859/2285/1857 1552/1887/1550 1861/2287/1859
f 1859/2285/1857 1844/2268/1842 1553/1888/1551 1552/1887/1550
f 1745/2119/1743 1620/1961/1618 1844/2268/1842 1859/2285/1857
f 1861/2287/1859 1552/1887/1550 1555/1890/1553 1862/2288/1860
f 1863/2289/1861 1864/2290/1862 1865/2291/1863 1858/2292/1856
f 1607/1946/1605 1742/2116/1740 1866/2293/1864 1867/2294/1865
f 1868/2295/1866 1869/2296/1867 1870/2297/1868 1871/2298/1869
f 1869/2296/1867 1864/2290/1862 1863/2289/1861 1870/2297/1868
f 1872/2299/1870 1861/2300/1859 1862/2301/1860 1873/2302/1871
f 1742/2129/1740 1746/2120/1744 1860/2286/1858 1866/2303/1864
f 1860/2304/1858 1861/2300/1859 1872/2299/1870 1866/2305/1864
f 1874/2306/1872 1872/2299/1870 1873/2302/1871 1875/2307/1873
f 1865/2308/1863 1876/2309/1874 1855/2281/1853 1858/2284/1856
f 1866/2305/1864 1872/2299/1870 1874/2306/1872 1867/2310/1865
f 1877/2311/1875 1874/2312/1872 1875/2313/1873 1878/2314/1876
f 1743/2315/1741 1879/2316/1877 1869/2296/1867 1868/2295/1866
f 1880/2317/1878 1877/2311/1875 1878/2314/1876 1881/2318/1879
f 1619/1960/1617 1634/1977/1632 1882/2319/1880 1883/2320/1881
f 1881/2318/1879 1878/2314/1876 1884/2321/1882 1885/2322/1883
f 1843/2267/1841 1886/2323/1884 1553/1888/1551 1844/2268/1842
f 1553/1888/1551 1886/2323/1884 1857/2324/1855 1554/1889/1552
f 1864/2290/1862 1887/2325/1885 1888/2326/1886 1865/2291/1863
f 1607/1946/1605 1867/2294/1865 1889/2327/1887 1608/1947/1606
f 1608/1947/1606 1889/2327/1887 1890/2328/1888 1610/1949/1608
f 1889/2329/1887 1877/2311/1875 1880/2317/1878 1890/2330/1888
f 1867/2331/1865 1874/2312/1872 1877/2311/1875 1889/2329/1887
f 1554/1889/1552 1891/2332/1889 1892/2333/1890 1555/1890/1553
f 1893/2334/1891 1892/2335/1890 1894/2336/1892 1895/2337/1893
f 1892/2335/1890 1891/2338/1889 1896/2339/1894 1894/2336/1892
f 1879/2316/1877 1887/2325/1885 1864/2290/1862 1869/2296/1867
f 1897/2340/1895 1880/2317/1878 1881/2318/1879 1898/2341/1896
f 1871/2342/1869 1870/2343/1868 1843/2267/1841 1842/2266/1840
f 1741/2113/1739 1899/2344/1897 1879/2345/1877 1743/2117/1741
f 1899/2346/1897 1897/2340/1895 1887/2347/1885 1879/2348/1877
f 1890/2330/1888 1880/2317/1878 1897/2340/1895 1899/2346/1897
f 1887/2347/1885 1897/2340/1895 1898/2341/1896 1888/2349/1886
f 1886/2323/1884 1863/2350/1861 1858/2351/1856 1857/2324/1855
f 1870/2343/1868 1863/2350/1861 1886/2323/1884 1843/2267/1841
f 1862/2301/1860 1893/2352/1891 1900/2353/1898 1873/2302/1871
f 1888/2354/1886 1898/2355/1896 1901/2356/1899 1902/2357/1900
f 1878/2314/1876 1875/2313/1873 1903/2358/1901 1884/2321/1882
f 1884/2321/1882 1904/2359/1902 1905/2360/1903 1885/2322/1883
f 1903/2361/1901 1906/2362/1904 1904/2363/1902 1884/2364/1882
f 1900/2353/1898 1907/2365/1905 1906/2362/1904 1903/2361/1901
f 1873/2302/1871 1900/2353/1898 1903/2361/1901 1875/2307/1873
f 1865/2308/1863 1888/2354/1886 1902/2357/1900 1876/2309/1874
f 1898/2341/1896 1881/2318/1879 1885/2322/1883 1901/2366/1899
f 1901/2356/1899 1908/2367/1906 1909/2368/1907 1902/2357/1900
f 1885/2369/1883 1905/2370/1903 1908/2367/1906 1901/2356/1899
f 1902/2357/1900 1909/2368/1907 1910/2371/1908 1876/2309/1874
f 1911/2372/1909 1910/2371/1908 1909/2368/1907 1908/2367/1906
f 1893/2352/1891 1895/2373/1893 1907/2365/1905 1900/2353/1898
f 1907/2374/1905 1895/2337/1893 1912/2375/1910 1913/2376/1911
f 1912/2375/1910 1914/2377/1912 1915/2378/1913 1913/2376/1911
f 1862/2301/1860 1555/2379/1553 1892/2380/1890 1893/2352/1891
f 1876/2309/1874 1910/2371/1908 1916/2381/1914 1855/2281/1853
f 1916/2381/1914 1910/2371/1908 1911/2372/1909 1917/2382/1915
f 1915/2378/1913 1911/2372/1909 1908/2367/1906 1905/2370/1903
f 1913/2376/1911 1904/2383/1902 1906/2384/1904 1907/2374/1905
f 1911/2372/1909 1915/2378/1913 1914/2377/1912 1917/2382/1915
f 1188/1393/1186 411/448/407 1244/1475/1242 489/531/485
f 1918/2385/1916 1917/2382/1915 1914/2377/1912 1919/2386/1917
f 1895/2337/1893 1894/2336/1892 1920/2387/1918 1912/2375/1910
f 1914/2377/1912 1912/2375/1910 1920/2387/1918 1919/2386/1917
f 1896/2339/1894 1919/2386/1917 1920/2387/1918 1894/2336/1892
f 1915/2378/1913 1905/2370/1903 1904/2383/1902 1913/2376/1911
f 1574/2083/1572 1721/2082/1719 1629/1972/1627 1921/2388/1919
f 529/1484/525 500/542/496 1434/1718/1432 1201/2389/1199
f 1434/1718/1432 500/542/496 218/224/214 221/227/217
f 1922/2390/1920 1923/2391/1921 1924/2392/1922 1925/2393/1923
f 1786/2176/1784 1926/2394/1924 1927/2395/1925 1787/2177/1785
f 1827/2396/1825 1826/2397/1824 1928/2398/1926 1929/2399/1927
f 1576/1911/1574 177/179/173 180/182/176 181/183/177
f 1928/2398/1926 1930/2400/1928 1931/2401/1929 1932/2402/1930
f 1826/2397/1824 1671/2403/1669 1930/2400/1928 1928/2398/1926
f 186/188/182 185/187/181 1408/1687/1406 1344/1611/1342
f 185/187/181 1328/1591/1326 62/64/58 1408/1687/1406
f 183/185/179 1378/1651/1376 1381/1654/1379 1416/1696/1414
f 181/183/177 183/185/179 1416/1696/1414 1415/1695/1413
f 1325/1586/1323 1105/1306/1101 1311/1568/1309 1318/1577/1316
f 1933/2404/1931 1934/2405/1932 1935/2406/1933 1369/1641/1367
f 1576/1911/1574 181/183/177 1415/1695/1413 1464/1766/1462
f 1936/2407/1934 1411/1691/1409 1204/1415/1202 1337/1604/1335
f 1364/1631/1362 1361/1628/1359 1416/1696/1414 1381/1654/1379
f 1933/2404/1931 1936/2407/1934 1337/1604/1335 1934/2405/1932
f 1408/1687/1406 62/64/58 65/67/61 1363/1688/1361
f 1347/1614/1345 1372/2408/1370 1371/2409/1369 1348/1615/1346
f 1351/1618/1349 1410/2410/1408 1409/2411/1407 1937/2412/1935
f 1347/1614/1345 1352/1619/1350 1938/2413/1936 1372/2408/1370
f 1350/1617/1348 1939/2414/1937 1410/2410/1408 1351/1618/1349
f 1336/1603/1334 1581/1916/1579 1934/2405/1932 1337/1604/1335
f 1842/2266/1840 1620/1961/1618 1619/1960/1617 1883/2320/1881
f 1636/1979/1634 1176/1381/1174 1647/1990/1645 1637/1980/1635
f 1940/2415/1938 1359/1626/1357 1941/2416/1939 1942/2417/1940
f 1430/1713/1428 1429/1712/1427 1926/2394/1924 1786/2176/1784
f 57/59/53 1451/1744/1449 1200/2418/1198 1400/1676/1398
f 1943/2419/1941 1944/2420/1942 1945/2421/1943 1946/2422/1944
f 1285/1530/1283 1278/1521/1276 1281/1524/1279 1396/1672/1394
f 1947/2423/1945 1948/2424/1946 1944/2420/1942 1943/2419/1941
f 1243/1474/1241 1246/1477/1244 1186/1391/1184 490/532/486
f 1949/2425/1947 1196/1404/1194 91/93/87 90/92/86
f 278/286/274 524/569/520 526/2426/522 507/667/503
f 89/91/85 164/166/160 163/165/159 90/92/86
f 1950/2427/1948 1951/2428/1949 1948/2424/1946 1947/2423/1945
f 1195/1403/1193 202/204/198 204/207/200 263/271/259
f 84/86/80 78/80/74 54/56/50 85/87/81
f 183/185/179 182/184/178 1952/2429/1950 1378/1651/1376
f 1378/1651/1376 1952/2429/1950 1390/1663/1388 1379/1652/1377
f 1952/2429/1950 1399/1675/1397 1293/1546/1291 1390/1663/1388
f 182/184/178 184/186/180 1399/1675/1397 1952/2429/1950
f 188/190/184 187/189/183 1183/1388/1181 1953/2430/1951
f 1954/2431/1952 1398/1674/1396 1399/1675/1397 184/186/180
f 1931/2401/1929 1930/2400/1928 1955/2432/1953 1956/2433/1954
f 1562/1897/1560 1373/1645/1371 1376/1648/1374 1935/2406/1933
f 1320/1579/1318 1319/1578/1317 1118/1649/1116 1121/1600/1119
f 1711/2072/1709 1957/2434/1955 1599/2020/1597 1675/2019/1673
f 1958/2435/1956 1959/2436/1957 1960/2437/1958 1961/2438/1959
f 1165/1370/1163 1962/2439/1960 1963/2440/1961 1964/2441/1962
f 1964/2441/1962 1963/2440/1961 1965/2442/1963 1966/2443/1964
f 1963/2440/1961 1398/1674/1396 1954/2431/1952 1965/2442/1963
f 1962/2439/1960 1294/1547/1292 1398/1674/1396 1963/2440/1961
f 1368/1638/1366 1367/1637/1365 1375/1647/1373 1464/1766/1462
f 1967/2444/1965 1081/1280/1077 1792/2190/1790 1780/2167/1778
f 1081/1280/1077 1080/1279/1076 1793/2191/1791 1792/2190/1790
f 1930/2400/1928 1671/2403/1669 1674/2247/1672 1955/2432/1953
f 1441/1729/1439 1302/1556/1300 992/1172/988 991/1171/987
f 1425/1705/1423 1187/1392/1185 1186/1391/1184 1968/2445/1966
f 1421/1701/1419 1969/2446/1967 1153/1357/1151 1422/1702/1420
f 1968/2445/1966 1186/1391/1184 1246/1477/1244 1970/2447/1968
f 1931/2401/1929 1971/2448/1969 1972/2449/1970 1932/2402/1930
f 1576/1911/1574 1464/1766/1462 1375/1647/1373 1374/1646/1372
f 1967/2444/1965 1780/2167/1778 1779/2166/1777 1973/2450/1971
f 1971/2448/1969 1931/2401/1929 1956/2433/1954 1974/2451/1972
f 1582/1919/1580 1462/1918/1460 1975/2452/1973 1976/2453/1974
f 1729/2092/1727 1809/2220/1807 271/279/267 266/274/262
f 1977/2454/1975 1772/2150/1770 1809/2220/1807 1729/2092/1727
f 1978/2455/1976 1979/2456/1977 1980/2457/1978 1969/2446/1967
f 1365/1632/1363 1364/1631/1362 1381/1654/1379 1380/1653/1378
f 1168/1373/1166 1981/2458/1979 1982/2459/1980 1983/2460/1981
f 1981/2461/1979 1810/2226/1808 1825/2243/1823 1982/2462/1980
f 1766/2143/1764 1765/2142/1763 1810/2226/1808 1981/2461/1979
f 1370/1642/1368 1369/1641/1367 1935/2406/1933 1376/1648/1374
f 1927/2395/1925 1385/1658/1383 1983/2460/1981 1787/2177/1785
f 221/227/217 220/226/216 497/2463/493 496/1491/492
f 1984/2464/1982 1923/2391/1921 1922/2390/1920 1985/2465/1983
f 220/2466/216 1297/1550/1295 522/567/518 497/539/493
f 219/2467/215 1298/1551/1296 1297/1550/1295 220/2466/216
f 1979/2456/1977 1719/2468/1717 1718/2469/1716 1980/2457/1978
f 1423/1703/1421 1986/2470/1984 1987/2471/1985 1424/1704/1422
f 1962/2439/1960 1165/1370/1163 1164/1369/1162 1988/2472/1986
f 1124/1327/1122 1123/1326/1121 1114/1317/1112 1117/1320/1115
f 1125/1328/1123 1393/1666/1391 1424/1704/1422 1126/1329/1124
f 1153/1357/1151 1969/2446/1967 1980/2457/1978 1150/1358/1148
f 1770/2147/1768 1989/2473/1987 1567/1902/1565 1769/2146/1767
f 1977/2454/1975 1593/1930/1591 1568/1903/1566 1990/2474/1988
f 1770/2147/1768 1767/2144/1765 1773/2151/1771 1989/2473/1987
f 1756/2132/1754 1768/2145/1766 1767/2144/1765 1770/2147/1768
f 1296/1549/1294 1295/1548/1293 1991/2475/1989 1992/2476/1990
f 1991/2475/1989 1993/2477/1991 1994/2478/1992 1992/2476/1990
f 1995/2479/1993 1996/2480/1994 1997/2481/1995 1998/2482/1996
f 1999/2483/1997 2000/2484/1998 2001/2485/1999 2002/2486/2000
f 2001/2487/1999 2003/2488/2001 2004/2489/2002 2002/2490/2000
f 1634/1977/1632 1633/1976/1631 2005/2491/2003 1635/1978/1633
f 2004/2489/2002 21/2492/2004 17/2493/2005 2006/2494/2006 1994/2478/1992 1999/2483/1997 2002/2490/2000
f 2007/2495/2007 1955/2432/1953 1674/2247/1672 1828/2246/1826
f 1974/2451/1972 1956/2433/1954 1955/2432/1953 2007/2495/2007
f 1574/1909/1572 1921/2496/1919 2008/2497/2008 1575/1910/1573
f 1921/2496/1919 1827/2396/1825 1929/2399/1927 2008/2497/2008
f 2005/2491/2003 1666/2010/1664 1636/1979/1634 1635/1978/1633
f 2004/2489/2002 2003/2488/2001 12/2498/2009 21/2492/2004
f 1294/1547/1292 1962/2439/1960 1988/2472/1986 1295/1548/1293
f 1405/1683/1403 1365/1632/1363 1380/1653/1378 1406/1684/1404
f 1629/1972/1627 1628/1971/1626 1827/2245/1825 1921/2388/1919
f 1802/2499/1800 1825/2243/1823 1824/2242/1822 1803/2500/1801
f 1568/1903/1566 1567/1902/1565 1989/2473/1987 1990/2474/1988
f 1776/2501/1774 1730/2502/1728 1796/2195/1794 1807/2214/1805
f 1231/1449/1229 170/1452/166 169/2503/165 1229/1453/1227
f 1280/1523/1278 2009/2504/2010 2010/2505/2011 1281/1524/1279
f 1397/1673/1395 1396/1672/1394 2011/2506/2012 2012/2507/2013
f 1396/1672/1394 1281/1524/1279 2010/2505/2011 2011/2506/2012
f 6/2508/27 8/2509/2014 2013/2510/2015 2014/2511/2016
f 1455/1754/1453 2015/2512/2017 2016/2513/2018 1456/1755/1454
f 1397/1673/1395 2012/2507/2013 2015/2512/2017 1455/1754/1453
f 1543/1877/1541 2017/2514/2019 2018/2515/2020 453/2516/449
f 1542/1876/1540 1997/2517/1995 2017/2514/2019 1543/1877/1541
f 1164/1369/1162 2019/2518/2021 2020/2519/2022 1988/2472/1986
f 1988/2472/1986 2020/2519/2022 1991/2475/1989 1295/1548/1293
f 2020/2519/2022 1995/2479/1993 1993/2477/1991 1991/2475/1989
f 2019/2518/2021 1996/2480/1994 1995/2479/1993 2020/2519/2022
f 1993/2477/1991 1995/2479/1993 1998/2482/1996 2000/2484/1998
f 1998/2482/1996 2021/2520/2023 2001/2485/1999 2000/2484/1998
f 2021/2521/2023 2022/2522/2024 2003/2488/2001 2001/2487/1999
f 2023/2523/2025 2024/2524/2026 2022/2525/2024 2021/2520/2023
f 2013/2510/2015 8/2509/2014 10/2526/2027 2025/2527/2028
f 2024/2528/2026 2025/2527/2028 10/2526/2027 2022/2529/2024
f 2003/2488/2001 2022/2522/2024 10/2530/2027 12/2498/2009
f 46/48/42 558/610/554 197/199/193 47/49/43
f 1389/1662/1387 2026/2531/2029 1379/1652/1377 1390/1663/1388
f 1322/1633/1320 1365/1632/1363 1405/1683/1403 59/61/55
f 1994/2478/1992 2006/2494/2006 2027/2532/2030 1992/2476/1990
f 1992/2476/1990 2027/2532/2030 1389/1662/1387 1296/1549/1294
f 2027/2532/2030 2028/2533/2031 2026/2531/2029 1389/1662/1387
f 2006/2494/2006 17/2493/2005 2028/2533/2031 2027/2532/2030
f 1406/1684/1404 1380/1653/1378 1379/1652/1377 2026/2531/2029
f 1341/1608/1339 1321/1581/1319 58/1580/54 2029/2534/2032
f 1113/1315/1110 1406/1684/1404 2026/2531/2029 2028/2533/2031
f 186/188/182 1342/1609/1340 1181/1386/1179 187/189/183
f 2030/2535/2033 2031/2536/2034 2032/2537/2035 2033/2538/2036
f 60/62/56 59/61/55 1405/1683/1403 1112/1314/1109
f 1341/1608/1339 2029/2534/2032 2034/2539/2037 1184/1389/1182
f 29/2540/2038 60/62/56 1112/1314/1109 27/1313/1108
f 16/1316/1111 1113/1315/1110 2028/2533/2031 17/2493/2005
f 58/1580/54 61/2541/57 2035/2542/2039 2029/2534/2032
f 2029/2534/2032 2035/2542/2039 2036/2543/2040 2034/2539/2037
f 1349/1616/1347 1359/1626/1357 1940/2415/1938 1350/1617/1348
f 2017/2544/2019 1997/2481/1995 1996/2480/1994 2018/2545/2020
f 1581/1916/1579 1562/1897/1560 1935/2406/1933 1934/2405/1932
f 1689/2046/1687 2037/2546/2041 1703/2547/1701 1694/2047/1692
f 1980/2457/1978 1718/2469/1716 1151/2548/1149 1150/1358/1148
f 273/281/269 1796/2195/1794 1730/2502/1728 274/282/270
f 1409/1689/1407 1411/1691/1409 1936/2407/1934 1937/2549/1935
f 1936/2407/1934 1933/2404/1931 1938/2550/1936 1937/2549/1935
f 1352/1619/1350 1351/1618/1349 1937/2412/1935 1938/2413/1936
f 2038/2551/2042 2039/2552/2043 2040/2553/2044 2041/2554/2045
f 1982/2462/1980 1825/2243/1823 1802/2499/1800 1840/2555/1838
f 1678/2026/1676 1570/2029/1568 1813/2231/1811 1754/2130/1752
f 1203/1414/1201 1417/1697/1415 1579/1914/1577 1336/1603/1334
f 1417/1697/1415 1383/1656/1381 1386/1659/1384 1579/1914/1577
f 273/281/269 272/280/268 1556/1891/1554 1559/1894/1557
f 2042/2556/2046 2043/2557/2047 2044/2558/2048 2045/2559/2049
f 1712/2073/1710 1711/2072/1709 1675/2019/1673 1705/2064/1703
f 1957/2560/1955 2046/2561/2050 1600/1939/1598 1599/1938/1597
f 2046/2561/2050 1804/2211/1802 1803/2210/1801 1600/1939/1598
f 1176/1381/1174 1175/1380/1173 2047/2562/2051 1647/1990/1645
f 1646/1989/1644 1736/2107/1734 1695/2048/1693 1642/1985/1640
f 1636/1979/1634 1666/2010/1664 1173/1378/1171 1176/1381/1174
f 1646/1989/1644 1640/1983/1638 2048/2563/2052 1737/2108/1735
f 1730/2093/1728 1776/2156/1774 1707/2159/1705 1712/2094/1710
f 2049/2564/2053 2050/2565/2054 1793/2191/1791 1080/1279/1076
f 1755/2131/1753 1804/2211/1802 2046/2561/2050 1710/2071/1708
f 1694/2047/1692 1704/2566/1702 1588/1925/1586 1587/1924/1585
f 1704/2566/1702 1591/1928/1589 1174/1379/1172 1588/1925/1586
f 2051/2567/2055 2052/2568/2056 515/559/511 518/562/514
f 2053/2569/2057 1093/1293/1089 1094/1294/1090 2054/2570/2058
f 1570/2029/1568 1573/2571/1571 2055/2572/2059 1813/2231/1811
f 61/2573/57 28/2574/2060 15/2575/2061 2035/2576/2039
f 60/2577/56 29/2578/2038 28/2574/2060 61/2573/57
f 517/561/513 516/560/512 1388/1661/1386 2056/2579/2062
f 1940/2415/1938 1420/1700/1418 1939/2414/1937 1350/1617/1348
f 2057/2580/2063 2058/2581/2064 2059/2582/2065 2060/2583/2066
f 1388/1661/1386 551/603/547 509/552/505 2061/2584/2067
f 2062/2585/2068 2061/2584/2067 2063/2586/2069 2064/2587/2070
f 1959/2436/1957 2065/2588/2071 2066/2589/2072 1960/2437/1958
f 1539/1873/1537 1538/1872/1536 2067/2590/2073 2068/2591/2074
f 1961/2438/1959 1960/2437/1958 1446/1734/1444 1445/1733/1443
f 2069/2592/2075 1443/1731/1441 1446/1734/1444 2070/2593/2076
f 2071/2594/2077 2072/2595/2078 2073/2596/2079 2074/2597/2080
f 1960/2437/1958 2066/2589/2072 2070/2593/2076 1446/1734/1444
f 532/578/528 531/577/527 2075/2598/2081 2076/2599/2082
f 1527/2600/1525 2077/2601/2083 2078/2602/2084 2079/2603/2085
f 2042/2556/2046 2080/2604/2086 2081/2605/2087 1355/1622/1353
f 2068/2591/2074 2067/2590/2073 2072/2595/2078 2071/2594/2077
f 2082/2606/2088 2071/2594/2077 2074/2597/2080 2083/2607/2089
f 2058/2581/2064 2084/2608/2090 2085/2609/2091 2086/2610/2092
f 2087/2611/2093 2088/2612/2094 2089/2613/2095 2090/2614/2096
f 2091/2615/2097 2092/2616/2098 1959/2436/1957 1958/2435/1956
f 2093/2617/2099 2094/2618/2100 2095/2619/2101 2096/2620/2102
f 2097/2621/2103 2098/2622/2104 2099/2623/2105 2100/2624/2106
f 2101/2625/2107 2102/2626/2108 2103/2627/2109 2104/2628/2110
f 2105/2629/2111 2106/2630/2112 2098/2622/2104 2097/2621/2103
f 2092/2616/2098 2107/2631/2113 2065/2588/2071 1959/2436/1957
f 531/577/527 1194/1401/1192 2108/2632/2114 2075/2598/2081
f 2098/2633/2104 2109/2634/2115 2110/2635/2116 2099/2636/2105
f 2100/2624/2106 2099/2623/2105 2092/2637/2098 2091/2638/2097
f 2099/2636/2105 2110/2635/2116 2107/2631/2113 2092/2616/2098
f 1192/1479/1190 2111/2639/2117 2112/2640/2118 1193/2641/1191
f 1924/2392/1922 2113/2642/2119 2114/2643/2120 1925/2393/1923
f 2070/2593/2076 2082/2644/2088 2083/2645/2089 2069/2592/2075
f 2115/2646/2121 2076/2647/2082 2116/2648/2122 2117/2649/2123
f 2083/2645/2089 2118/2650/2124 2119/2651/2125 2069/2592/2075
f 2074/2597/2080 2120/2652/2126 2118/2653/2124 2083/2607/2089
f 2120/2652/2126 2121/2654/2127 2122/2655/2128 2118/2653/2124
f 2118/2650/2124 2122/2656/2128 2123/2657/2129 2119/2651/2125
f 2122/2656/2128 2124/2658/2130 2125/2659/2131 2123/2657/2129
f 2121/2654/2127 2126/2660/2132 2124/2661/2130 2122/2655/2128
f 2127/2662/2133 1529/1855/1527 2128/2663/2134 2129/2664/2135
f 2130/2665/2136 2131/2666/2137 2132/2667/2138 2133/2668/2139
f 562/614/558 2115/2669/2121 1260/1500/1258 563/615/559
f 2117/2670/2123 1445/1733/1443 1444/1732/1442 1261/1501/1259
f 1259/1499/1257 566/618/562 563/615/559 1260/1500/1258
f 2133/2668/2139 2132/2667/2138 1259/1499/1257 1258/1498/1256
f 2134/2671/2140 2135/2672/2141 2131/2666/2137 2130/2665/2136
f 2132/2667/2138 993/1173/989 566/618/562 1259/1499/1257
f 2131/2666/2137 994/1174/990 993/1173/989 2132/2667/2138
f 2136/2673/2142 2137/2674/2143 2138/2675/2144 2139/2676/2145
f 2135/2672/2141 755/831/751 994/1174/990 2131/2666/2137
f 34/36/30 576/631/572 755/831/751 2135/2672/2141
f 2140/2677/2146 2141/2678/2147 2142/2679/2148 2143/2680/2149
f 2144/2681/2150 2145/2682/2151 2146/2683/2152 2147/2684/2153
f 2148/2685/2154 2140/2677/2146 2143/2680/2149 2149/2686/2155
f 33/35/29 577/632/573 576/631/572 34/36/30
f 2106/2687/2112 2150/2688/2156 2109/2634/2115 2098/2633/2104
f 1247/1478/1245 2151/2689/2157 2111/2639/2117 1192/1479/1190
f 2105/2629/2111 2152/2690/2158 2153/2691/2159 2106/2630/2112
f 2139/2676/2145 2138/2675/2144 33/35/29 32/34/28
f 2154/2692/2160 2155/2693/2161 2156/2694/2162 2157/2695/2163
f 2138/2675/2144 965/1137/961 577/632/573 33/35/29
f 2137/2674/2143 588/644/584 965/1137/961 2138/2675/2144
f 2158/2696/2164 2159/2697/2165 2160/2698/2166 2161/2699/2167
f 2161/2699/2167 2160/2698/2166 2162/2700/2168 2163/2701/2169
f 2160/2698/2166 2164/2702/2170 2165/2703/2171 2162/2700/2168
f 2159/2697/2165 2166/2704/2172 2164/2702/2170 2160/2698/2166
f 2158/2705/2164 2161/2706/2167 2167/2707/2173 2168/2708/2174
f 2168/2708/2174 2167/2707/2173 2169/2709/2175 2170/2710/2176
f 2167/2711/2173 2171/2712/2177 2094/2618/2100 2169/2713/2175
f 2157/2695/2163 1092/1292/1088 549/600/545 2154/2692/2160
f 2172/2714/2178 2156/2694/2162 2155/2693/2161 2170/2710/2176
f 2173/2715/2179 2174/2716/2180 2175/2717/2181 2176/2718/2182
f 2177/2719/2183 2178/2720/2184 2179/2721/2185 2180/2722/2186
f 2174/2716/2180 556/608/552 557/609/553 2175/2717/2181
f 2179/2721/2185 542/591/538 556/608/552 2174/2716/2180
f 2181/2723/2187 539/587/535 538/586/534 2178/2720/2184
f 2182/2724/2188 2181/2723/2187 2178/2720/2184 2177/2719/2183
f 2178/2720/2184 538/586/534 542/591/538 2179/2721/2185
f 561/613/557 553/605/549 552/604/548 991/1171/987
f 2063/2586/2069 508/551/504 539/587/535 2181/2723/2187
f 2062/2585/2068 2056/2579/2062 1388/1661/1386 2061/2584/2067
f 2061/2584/2067 509/552/505 508/551/504 2063/2586/2069
f 2183/2725/2189 2184/2726/2190 2052/2727/2056 2051/2728/2055
f 2185/2729/2191 2186/2730/2192 2187/2731/2193 2188/2732/2194
f 2184/2726/2190 527/573/523 526/572/522 2052/2727/2056
f 2189/2733/2195 2190/2734/2196 2114/2643/2120 2113/2642/2119
f 1411/1691/1409 1353/1620/1351 1205/1416/1203 1204/1415/1202
f 2186/2730/2192 1823/2241/1821 2191/2735/2197 2187/2731/2193
f 523/568/519 516/560/512 515/559/511 524/569/520
f 2192/2736/2198 2188/2732/2194 2187/2731/2193 2193/2737/2199
f 2189/2738/2195 2194/2739/2200 2195/2740/2201 2039/2741/2043
f 2152/2742/2158 2183/2725/2189 2051/2728/2055 2192/2743/2198
f 2196/2744/2202 2197/2745/2203 2145/2746/2151 2144/2747/2150 2198/2748/2204
f 2194/2739/2200 2199/2749/2205 2191/2750/2197 2195/2740/2201
f 2052/2568/2056 526/2426/522 524/569/520 515/559/511
f 2154/2692/2160 2200/2751/2206 2201/2752/2207 2155/2693/2161
f 2185/2729/2191 517/561/513 2056/2579/2062 2202/2753/2208
f 2203/2754/2209 2153/2755/2159 2193/2756/2199 2199/2749/2205
f 2202/2753/2208 2056/2579/2062 2062/2585/2068 2204/2757/2210
f 2205/2758/2211 2202/2753/2208 2204/2757/2210 2206/2759/2212
f 2204/2757/2210 2062/2585/2068 2064/2587/2070 2207/2760/2213
f 2207/2760/2213 2064/2587/2070 2182/2724/2188 2208/2761/2214
f 2208/2761/2214 2182/2724/2188 2177/2719/2183 2209/2762/2215
f 2060/2583/2066 2059/2582/2065 2041/2763/2045 2040/2764/2044
f 2209/2762/2215 2177/2719/2183 2180/2722/2186 2210/2765/2216
f 2210/2765/2216 2180/2722/2186 2173/2715/2179 2211/2766/2217
f 2211/2766/2217 2173/2715/2179 2176/2718/2182 2212/2767/2218
f 2180/2722/2186 2179/2721/2185 2174/2716/2180 2173/2715/2179
f 2093/2617/2099 2213/2768/2219 2169/2713/2175 2094/2618/2100
f 550/602/546 2214/2769/2220 2200/2751/2206 548/599/544
f 548/599/544 2200/2751/2206 2154/2692/2160 549/600/545
f 2200/2751/2206 2214/2769/2220 2215/2770/2221 2201/2752/2207
f 2214/2771/2220 2216/2772/2222 2217/2773/2223 2215/2774/2221
f 550/2775/546 587/645/583 2216/2772/2222 2214/2771/2220
f 2216/2772/2222 2137/2674/2143 2136/2673/2142 2217/2773/2223
f 2151/2689/2157 2184/2776/2190 2183/2777/2189 2218/2778/2224
f 587/645/583 588/644/584 2137/2674/2143 2216/2772/2222
f 2166/2704/2172 2136/2673/2142 2139/2676/2145 2219/2779/2225
f 2219/2779/2225 2139/2676/2145 32/34/28 2141/2678/2147
f 2112/2640/2118 2111/2639/2117 2220/2780/2226 2221/2781/2227
f 2135/2672/2141 2134/2671/2140 35/37/31 34/36/30
f 1247/1478/1245 527/2782/523 2184/2776/2190 2151/2689/2157
f 2141/2678/2147 32/34/28 35/37/31 2142/2679/2148
f 2142/2679/2148 35/37/31 2134/2671/2140 2222/2783/2228
f 2222/2783/2228 2134/2671/2140 2130/2665/2136 2223/2784/2229
f 2108/2785/2114 2112/2640/2118 2221/2781/2227 2224/2786/2230
f 2223/2784/2229 2130/2665/2136 2133/2668/2139 2225/2787/2231
f 2225/2787/2231 2133/2668/2139 1258/1498/1256 2226/2788/2232
f 2226/2788/2232 1258/1498/1256 1261/1501/1259 1444/1732/1442
f 2072/2595/2078 2089/2613/2095 2088/2612/2094 2073/2596/2079
f 2064/2587/2070 2063/2586/2069 2181/2723/2187 2182/2724/2188
f 1193/1398/1191 2112/2789/2118 2108/2632/2114 1194/1401/1192
f 2075/2598/2081 2108/2632/2114 2224/2790/2230 2227/2791/2233
f 1260/1500/1258 2115/2669/2121 2117/2670/2123 1261/1501/1259
f 532/578/528 2076/2599/2082 2115/2669/2121 562/614/558
f 2076/2647/2082 2075/2792/2081 2227/2793/2233 2116/2648/2122
f 2157/2695/2163 2156/2694/2162 2228/2794/2234 2229/2795/2235
f 2190/2796/2196 2038/2797/2042 2230/2798/2236 2231/2799/2237
f 2232/2800/2238 2233/2801/2239 2234/2802/2240 2102/2626/2108
f 2038/2803/2042 2041/2804/2045 2235/2805/2241 2230/2806/2236
f 2236/2807/2242 2237/2808/2243 2101/2809/2107 1356/1623/1354
f 1202/1413/1200 1949/2425/1947 90/92/86 163/165/159
f 2238/2810/2244 1335/1667/1333 1395/1670/1393 1419/1699/1417
f 1143/1346/1141 1142/1345/1140 1335/1602/1333 2238/2811/2244
f 2239/2812/2245 2084/2608/2090 2058/2581/2064 2057/2580/2063
f 2240/2813/2246 2241/2814/2247 2084/2608/2090 2239/2812/2245
f 1199/1408/1197 1299/1552/1297 1298/1551/1296 492/534/488
f 2110/2635/2116 2109/2634/2115 2242/2815/2248 2243/2816/2249
f 2244/2817/2250 2245/2818/2251 2241/2814/2247 2240/2813/2246
f 1925/2393/1923 2114/2643/2120 2246/2819/2252 2247/2820/2253
f 2090/2614/2096 2248/2821/2254 2249/2822/2255 2250/2823/2256
f 2251/2824/2257 2252/2825/2258 2245/2826/2251 2244/2827/2250
f 2102/2626/2108 2234/2802/2240 2253/2828/2259 2103/2627/2109
f 1239/1470/1237 231/1469/227 739/2829/735 133/135/129
f 2254/2830/2260 2255/2831/2261 2256/2832/2262 2257/2833/2263
f 2257/2833/2263 2256/2832/2262 2252/2825/2258 2251/2824/2257
f 2258/2834/2264 2259/2835/2265 2260/2836/2266 2261/2837/2267
f 2262/2838/2268 2263/2839/2269 2264/2840/2270 2265/2841/2271
f 2265/2842/2271 2264/2843/2270 2255/2831/2261 2254/2830/2260
f 2266/2844/2272 2267/2845/2273 2241/2814/2247 2245/2818/2251
f 2101/2625/2107 2237/2846/2243 2232/2800/2238 2102/2626/2108
f 2268/2847/2274 2095/2848/2101 2269/2849/2275 2270/2850/2276
f 2270/2850/2276 2269/2849/2275 2271/2851/2277 2272/2852/2278
f 2269/2853/2275 2171/2712/2177 2163/2701/2169 2271/2854/2277
f 2095/2619/2101 2094/2618/2100 2171/2712/2177 2269/2853/2275
f 2272/2855/2278 2273/2856/2279 2196/2857/2202 2198/2858/2204
f 2273/2859/2279 2274/2860/2280 2275/2861/2281 2196/2862/2202
f 2274/2860/2280 2276/2863/2282 2277/2864/2283 2278/2865/2284
f 2278/2865/2284 2277/2864/2283 2279/2866/2285 1528/2867/1526
f 2277/2864/2283 2280/2868/2286 2148/2685/2154 2279/2866/2285
f 2276/2863/2282 2165/2703/2171 2280/2868/2286 2277/2864/2283
f 2119/2651/2125 2281/2869/2287 1443/1731/1441 2069/2592/2075
f 2281/2869/2287 2226/2788/2232 1444/1732/1442 1443/1731/1441
f 2125/2659/2131 2282/2870/2288 2283/2871/2289 2123/2657/2129
f 2123/2657/2129 2283/2871/2289 2281/2869/2287 2119/2651/2125
f 2283/2871/2289 2225/2787/2231 2226/2788/2232 2281/2869/2287
f 2282/2870/2288 2223/2784/2229 2225/2787/2231 2283/2871/2289
f 2149/2686/2155 2143/2680/2149 2284/2872/2290 2285/2873/2291
f 2285/2873/2291 2284/2872/2290 2282/2870/2288 2125/2659/2131
f 2284/2872/2290 2222/2783/2228 2223/2784/2229 2282/2870/2288
f 2143/2680/2149 2142/2679/2148 2222/2783/2228 2284/2872/2290
f 2165/2703/2171 2164/2702/2170 2286/2874/2292 2280/2868/2286
f 2280/2868/2286 2286/2874/2292 2140/2677/2146 2148/2685/2154
f 2213/2875/2219 2172/2714/2178 2170/2710/2176 2169/2709/2175
f 2287/2876/2293 2288/2877/2294 2289/2878/2295 2290/2879/2296
f 2291/2880/2297 2292/2881/2298 2293/2882/2299 2294/2883/2300
f 2294/2883/2300 2293/2882/2299 2295/2884/2301 2296/2885/2302
f 2293/2882/2299 2211/2766/2217 2212/2767/2218 2295/2884/2301
f 2292/2881/2298 2210/2765/2216 2211/2766/2217 2293/2882/2299
f 2297/2886/2303 2208/2761/2214 2209/2762/2215 2298/2887/2304
f 2299/2888/2305 2298/2887/2304 2292/2881/2298 2291/2880/2297
f 2298/2887/2304 2209/2762/2215 2210/2765/2216 2292/2881/2298
f 2300/2889/2306 2301/2890/2307 2297/2886/2303 2302/2891/2308
f 2301/2890/2307 2207/2760/2213 2208/2761/2214 2297/2886/2303
f 2303/2892/2309 2206/2759/2212 2301/2890/2307 2300/2889/2306
f 2206/2759/2212 2204/2757/2210 2207/2760/2213 2301/2890/2307
f 1820/2238/1818 2205/2758/2211 2206/2759/2212 2303/2892/2309
f 2186/2730/2192 2185/2729/2191 2202/2753/2208 2205/2758/2211
f 1823/2241/1821 2186/2730/2192 2205/2758/2211 1820/2238/1818
f 2267/2845/2273 2085/2609/2091 2084/2608/2090 2241/2814/2247
f 2153/2755/2159 2152/2742/2158 2192/2743/2198 2193/2756/2199
f 2246/2893/2252 2114/2894/2120 2190/2895/2196 2231/2896/2237
f 2188/2732/2194 2192/2736/2198 2051/2567/2055 518/562/514
f 2235/2805/2241 2304/2897/2310 2236/2807/2242 2081/2605/2087
f 2041/2763/2045 2059/2582/2065 2304/2898/2310 2235/2899/2241
f 517/561/513 2185/2729/2191 2188/2732/2194 518/562/514
f 2201/2752/2207 2168/2708/2174 2170/2710/2176 2155/2693/2161
f 2215/2770/2221 2158/2705/2164 2168/2708/2174 2201/2752/2207
f 2215/2774/2221 2217/2773/2223 2159/2697/2165 2158/2696/2164
f 2217/2773/2223 2136/2673/2142 2166/2704/2172 2159/2697/2165
f 2218/2778/2224 2105/2629/2111 2097/2621/2103 2220/2780/2226
f 476/2900/472 2305/2901/2311 2306/2902/2312 2307/2903/2313
f 2218/2778/2224 2183/2777/2189 2152/2690/2158 2105/2629/2111
f 1527/1853/1525 1530/1856/1528 2308/2904/2314 2077/2905/2083
f 2220/2780/2226 2097/2621/2103 2100/2624/2106 2221/2781/2227
f 2221/2781/2227 2100/2624/2106 2091/2638/2097 2224/2786/2230
f 2309/2906/2315 2310/2907/2316 2307/2908/2313 2311/2909/2317
f 2224/2786/2230 2091/2638/2097 1958/2910/1956 2227/2911/2233
f 2312/2912/2318 2313/2913/2319 2314/2914/2320 2315/2915/2321
f 2116/2916/2122 1961/2438/1959 1445/1733/1443 2117/2670/2123
f 2227/2793/2233 1958/2917/1956 1961/2918/1959 2116/2648/2122
f 2249/2822/2255 2313/2913/2319 2312/2912/2318 2316/2919/2322
f 2040/2920/2044 1822/2921/1820 1821/2922/1819 2060/2923/2066
f 2317/2924/2323 2318/2925/2324 2319/2926/2325 2320/2927/2326
f 2072/2595/2078 2067/2590/2073 2321/2928/2327 2089/2613/2095
f 2066/2589/2072 2065/2588/2071 2322/2929/2328 2323/2930/2329
f 2324/2931/2330 2325/2932/2331 2308/2904/2314 1530/1856/1528
f 2045/2559/2049 2044/2558/2048 2326/2933/2332 2327/2934/2333
f 1199/1408/1197 492/534/488 495/537/491 530/576/526
f 2252/2825/2258 2256/2832/2262 2328/2935/2334 2329/2936/2335
f 1541/1875/1539 1985/2465/1983 478/2937/474 2330/2938/2336
f 2331/2939/2337 2332/2940/2338 2333/2941/2339 2334/2942/2340
f 2332/2940/2338 2335/2943/2341 2336/2944/2342 2333/2941/2339
f 2231/2799/2237 2230/2798/2236 2080/2945/2086 2337/2946/2343
f 2338/2947/2344 2339/2948/2345 2340/2949/2346 2341/2950/2347
f 2342/2951/2348 2146/2683/2152 2287/2876/2293 2290/2879/2296
f 2256/2832/2262 2255/2831/2261 2343/2952/2349 2328/2935/2334
f 2255/2831/2261 2264/2843/2270 2344/2953/2350 2343/2952/2349
f 2345/2954/2351 2346/2955/2352 2335/2943/2341 2332/2940/2338
f 2264/2956/2270 2263/2957/2269 2342/2958/2348 2344/2959/2350
f 2275/2861/2281 2079/2603/2085 2078/2602/2084 2347/2960/2353
f 2190/2734/2196 2189/2733/2195 2039/2961/2043 2038/2962/2042
f 2348/2963/2354 2349/2964/2355 2350/2965/2356 2351/2966/2357
f 85/87/81 1400/1676/1398 1252/1489/1250 86/88/82
f 1234/1455/1232 222/228/218 206/210/202 1209/1420/1207
f 2196/2862/2202 2275/2861/2281 2347/2960/2353 2197/2967/2203
f 2259/2835/2265 2352/2968/2358 2353/2969/2359 2260/2836/2266
f 2354/2970/2360 2290/2879/2296 2289/2878/2295 2355/2971/2361
f 2356/2972/2362 2354/2970/2360 2355/2971/2361 2357/2973/2363
f 2358/2974/2364 2356/2972/2362 2357/2973/2363 2359/2975/2365
f 2335/2943/2341 2325/2932/2331 2324/2931/2330 2336/2944/2342
f 2360/2976/2366 2317/2977/2323 2353/2969/2359 2352/2968/2358
f 2302/2891/2308 2297/2886/2303 2298/2887/2304 2299/2888/2305
f 2258/2978/2264 2261/2979/2267 2361/2980/2367 2362/2981/2368
f 2362/2981/2368 2361/2980/2367 2288/2877/2294 2287/2876/2293
f 2331/2939/2337 2334/2942/2340 2073/2596/2079 2088/2612/2094
f 2363/2982/2369 2364/2983/2370 2318/2925/2324 2365/2984/2371
f 2308/2904/2314 2325/2932/2331 2363/2982/2369 2365/2984/2371
f 2042/2556/2046 1355/1622/1353 1358/1625/1356 2043/2557/2047
f 2109/2634/2115 2150/2688/2156 2366/2985/2372 2242/2815/2248
f 2079/2603/2085 2278/2865/2284 1528/2867/1526 1527/2600/1525
f 2275/2861/2281 2274/2860/2280 2278/2865/2284 2079/2603/2085
f 2163/2701/2169 2162/2700/2168 2367/2986/2373 2271/2854/2277
f 2271/2987/2277 2367/2988/2373 2273/2856/2279 2272/2855/2278
f 2367/2986/2373 2276/2863/2282 2274/2860/2280 2273/2859/2279
f 2162/2700/2168 2165/2703/2171 2276/2863/2282 2367/2986/2373
f 2144/2747/2150 2270/2850/2276 2272/2852/2278 2198/2748/2204
f 2147/2989/2153 2268/2847/2274 2270/2850/2276 2144/2747/2150
f 2368/2990/2374 2369/2991/2375 2370/2992/2376 2296/2885/2302
f 2369/2991/2375 2265/2841/2271 2254/2993/2260 2370/2992/2376
f 2296/2885/2302 2370/2992/2376 2371/2994/2377 2294/2883/2300
f 2294/2883/2300 2371/2994/2377 2372/2995/2378 2291/2880/2297
f 2371/2994/2377 2257/2996/2263 2251/2997/2257 2372/2995/2378
f 2370/2992/2376 2254/2993/2260 2257/2996/2263 2371/2994/2377
f 2291/2880/2297 2372/2995/2378 2373/2998/2379 2299/2888/2305
f 2373/2998/2379 2244/2999/2250 2240/3000/2246 2374/3001/2380
f 2300/2889/2306 2302/2891/2308 2374/3001/2380 2375/3002/2381
f 2372/2995/2378 2251/2997/2257 2244/2999/2250 2373/2998/2379
f 2374/3001/2380 2240/3000/2246 2239/3003/2245 2375/3002/2381
f 2303/2892/2309 2300/2889/2306 2375/3002/2381 2376/3004/2382
f 2375/3005/2381 2239/2812/2245 2057/2580/2063 2376/3006/2382
f 2376/3006/2382 2057/2580/2063 2060/2583/2066 1821/3007/1819
f 1367/1637/1365 1370/1642/1368 1376/1648/1374 1375/1647/1373
f 2195/3008/2201 2191/2735/2197 1823/2241/1821 1822/2240/1820
f 510/554/506 166/168/162 165/167/161 76/78/72
f 2195/3008/2201 1822/2240/1820 2040/3009/2044 2039/3010/2043
f 1348/1615/1346 1371/2409/1369 64/66/60 63/65/59
f 2194/3011/2200 2189/2733/2195 2113/2642/2119 2377/3012/2383
f 2232/2800/2238 2085/2609/2091 2267/2845/2273 2233/2801/2239
f 1528/1854/1526 2279/3013/2285 2128/2663/2134 1529/1855/1527
f 2089/2613/2095 2321/2928/2327 2248/2821/2254 2090/2614/2096
f 2378/3014/2384 2358/2974/2364 2359/2975/2365 2379/3015/2385
f 2324/2931/2330 1530/1856/1528 1529/1855/1527 2127/2662/2133
f 2380/3016/2386 2378/3017/2384 2379/3018/2385 2381/3019/2387
f 2334/2942/2340 2333/2941/2339 2121/2654/2127 2120/2652/2126
f 2333/2941/2339 2336/2944/2342 2126/2660/2132 2121/2654/2127
f 2073/2596/2079 2334/2942/2340 2120/2652/2126 2074/2597/2080
f 263/271/259 1254/1492/1252 504/547/500 1195/1403/1193
f 2242/3020/2248 2366/3021/2372 1924/2392/1922 1923/2391/1921
f 1922/2390/1920 1925/2393/1923 2247/2820/2253 479/3022/475
f 2366/3021/2372 2377/3012/2383 2113/2642/2119 1924/2392/1922
f 2150/2688/2156 2203/2754/2209 2377/3023/2383 2366/2985/2372
f 2243/3024/2249 2242/3020/2248 1923/2391/1921 1984/2464/1982
f 282/290/278 281/289/277 1240/1471/1238 1190/1395/1188
f 1539/1873/1537 2322/3025/2328 2382/3026/2388 1540/1874/1538
f 2066/2589/2072 2323/2930/2329 2082/2644/2088 2070/2593/2076
f 2323/3027/2329 2068/2591/2074 2071/2594/2077 2082/2606/2088
f 2322/3025/2328 1539/1873/1537 2068/2591/2074 2323/3027/2329
f 2246/3028/2252 2231/2799/2237 2337/2946/2343 2383/3029/2389
f 2095/2848/2101 2268/2847/2274 2262/2838/2268 2096/3030/2102
f 2262/2838/2268 2268/2847/2274 2147/2989/2153 2263/2839/2269
f 2348/2963/2354 2351/2966/2357 2384/3031/2390 2385/3032/2391
f 2296/2885/2302 2295/2884/2301 2386/3033/2392 2368/2990/2374
f 2368/2990/2374 2386/3033/2392 2213/2875/2219 2093/3034/2099
f 2386/3033/2392 2387/3035/2393 2172/2714/2178 2213/2875/2219
f 2295/2884/2301 2212/2767/2218 2387/3035/2393 2386/3033/2392
f 2147/2684/2153 2146/2683/2152 2342/2951/2348 2263/3036/2269
f 2388/3037/2394 477/3038/473 2310/2907/2316 2314/2914/2320
f 2199/2749/2205 2193/2756/2199 2187/3039/2193 2191/2750/2197
f 2212/2767/2218 2176/2718/2182 2228/2794/2234 2387/3035/2393
f 2387/3035/2393 2228/2794/2234 2156/2694/2162 2172/2714/2178
f 2228/2794/2234 2176/2718/2182 2175/2717/2181 2229/2795/2235
f 2220/2780/2226 2111/2639/2117 2151/2689/2157 2218/2778/2224
f 2229/2795/2235 1091/1291/1087 1092/1292/1088 2157/2695/2163
f 2175/2717/2181 557/609/553 1091/1291/1087 2229/2795/2235
f 1440/3040/1438 2389/3041/2395 2390/3042/2396 1439/1726/1437
f 1439/1726/1437 2390/3042/2396 2391/3043/2397 1089/1288/1085
f 2390/3042/2396 591/1751/587 1454/1750/1452 2391/3043/2397
f 2389/3041/2395 128/3044/124 591/1751/587 2390/3042/2396
f 543/593/539 549/600/545 1092/1292/1088 1070/1268/1066
f 136/138/132 130/132/126 129/131/125 2392/3045/2398
f 1089/1288/1085 2391/3043/2397 2393/3046/2399 1088/1287/1084
f 1088/1287/1084 2393/3046/2399 2394/3047/2400 560/612/556
f 2393/3046/2399 589/646/585 124/126/120 2394/3047/2400
f 2391/3043/2397 1454/1750/1452 589/646/585 2393/3046/2399
f 2395/3048/2401 2396/3049/2402 2397/3050/2403 2398/3051/2404
f 1072/1270/1068 2394/3047/2400 124/126/120 123/125/119
f 545/596/541 560/612/556 2394/3047/2400 1072/1270/1068
f 1948/2424/1946 2399/3052/2405 2400/3053/2406 1944/2420/1942
f 513/557/509 2401/3054/2407 2402/3055/2408 323/342/319
f 2403/3056/2409 2404/3057/2410 2405/3058/2411 2406/3059/2412
f 2407/3060/2413 2408/3061/2414 2409/3062/2415 2410/3063/2416
f 2410/3063/2416 2409/3062/2415 2411/3064/2417 2412/3065/2418
f 2409/3062/2415 2413/3066/2419 2414/3067/2420 2411/3064/2417
f 2408/3061/2414 2415/3068/2421 2413/3066/2419 2409/3062/2415
f 2416/3069/2422 2417/3070/2423 2418/3071/2424 2419/3072/2425
f 2419/3072/2425 2418/3071/2424 2408/3061/2414 2407/3060/2413
f 2418/3071/2424 2420/3073/2426 2415/3068/2421 2408/3061/2414
f 2417/3070/2423 2421/3074/2427 2420/3073/2426 2418/3071/2424
f 2422/3075/2428 2423/3076/2429 2424/3077/2430 2425/3078/2431
f 2425/3078/2431 2424/3077/2430 2426/3079/2432 2427/3080/2433
f 2424/3077/2430 2428/3081/2434 2429/3082/2435 2426/3079/2432
f 2423/3076/2429 2430/3083/2436 2428/3081/2434 2424/3077/2430
f 2412/3065/2418 2411/3064/2417 2431/3084/2437 2432/3085/2438
f 2432/3085/2438 2431/3084/2437 2433/3086/2439 2434/3087/2440
f 2431/3084/2437 2435/3088/2441 2436/3089/2442 2433/3086/2439
f 2411/3064/2417 2414/3067/2420 2435/3088/2441 2431/3084/2437
f 2437/3090/2443 2438/3091/2444 2439/3092/2445 2440/3093/2446
f 2440/3093/2446 2439/3092/2445 2423/3076/2429 2422/3075/2428
f 2439/3092/2445 2441/3094/2447 2430/3083/2436 2423/3076/2429
f 2438/3091/2444 2442/3095/2448 2441/3094/2447 2439/3092/2445
f 1944/2420/1942 2400/3053/2406 2443/3096/2449 1945/2421/1943
f 323/342/319 2402/3055/2408 2444/3097/2450 324/343/320
f 2339/2948/2345 2445/3098/2451 2446/3099/2452 2340/2949/2346
f 2341/2950/2347 2340/2949/2346 1951/2428/1949 1950/2427/1948
f 2340/2949/2346 2446/3099/2452 2447/3100/2453 1951/2428/1949
f 752/1020/748 751/3101/747 2448/3102/2454 2449/3103/2455
f 2450/3104/2456 2451/3105/2457 2421/3074/2427 2417/3070/2423
f 842/3106/838 2452/3107/2458 2453/3108/2459 843/3109/839
f 2033/2538/2036 2032/2537/2035 2454/3110/2460 2455/3111/2461
f 2455/3111/2461 2454/3110/2460 2438/3091/2444 2437/3090/2443
f 2454/3110/2460 2456/3112/2462 2442/3095/2448 2438/3091/2444
f 2032/2537/2035 2457/3113/2463 2456/3112/2462 2454/3110/2460
f 2427/3080/2433 2426/3079/2432 2458/3114/2464 2459/3115/2465
f 2459/3115/2465 2458/3114/2464 2460/3116/2466 2461/3117/2467
f 2458/3114/2464 2462/3118/2468 2463/3119/2469 2460/3116/2466
f 2426/3079/2432 2429/3082/2435 2462/3118/2468 2458/3114/2464
f 2461/3117/2467 2460/3116/2466 2464/3120/2470 2465/3121/2471
f 2465/3121/2471 2464/3120/2470 2466/3122/2472 2467/3123/2473
f 2464/3120/2470 2468/3124/2474 2469/3125/2475 2466/3122/2472
f 2460/3116/2466 2463/3119/2469 2468/3124/2474 2464/3120/2470
f 1946/3126/1944 1945/3127/1943 2470/3128/2476 2471/3129/2477
f 2470/3128/2476 2472/3130/2478 2473/3131/2479 2031/2536/2034
f 1945/3132/1943 2443/3133/2449 2472/3134/2478 2470/3135/2476
f 2467/3123/2473 2466/3122/2472 2474/3136/2480 2475/3137/2481
f 2475/3137/2481 2474/3136/2480 2476/3138/2482 2477/3139/2483
f 2474/3136/2480 2478/3140/2484 2479/3141/2485 2476/3138/2482
f 2466/3122/2472 2469/3125/2475 2478/3140/2484 2474/3136/2480
f 2031/2536/2034 2473/3131/2479 2457/3113/2463 2032/2537/2035
f 463/505/459 2480/3142/2486 2481/3143/2487 464/506/460
f 2434/3087/2440 2433/3086/2439 2339/2948/2345 2338/2947/2344
f 2433/3086/2439 2436/3089/2442 2445/3098/2451 2339/2948/2345
f 1951/2428/1949 2447/3100/2453 2399/3052/2405 1948/2424/1946
f 512/556/508 2482/3144/2488 2401/3054/2407 513/557/509
f 2483/3145/2489 2398/3051/2404 2484/3146/2490 2485/3147/2491
f 2485/3147/2491 2484/3146/2490 2450/3104/2456 2486/3148/2492
f 2484/3146/2490 2487/3149/2493 2451/3105/2457 2450/3104/2456
f 2398/3051/2404 2397/3050/2403 2487/3149/2493 2484/3146/2490
f 863/996/859 2488/3150/2494 2489/3151/2495 864/997/860
f 864/997/860 2489/3151/2495 2452/3152/2458 842/967/838
f 2489/3153/2495 2485/3147/2491 2486/3148/2492 2452/3107/2458
f 2488/3154/2494 2483/3145/2489 2485/3147/2491 2489/3153/2495
f 2482/3144/2488 1950/2427/1948 1947/2423/1945 2401/3054/2407
f 891/3155/887 2490/3156/2496 2448/3102/2454 751/3101/747
f 2448/3102/2454 2338/2947/2344 2341/2950/2347 2449/3103/2455
f 2491/3157/2497 2492/3158/2498 2493/3159/2499 2494/3160/2500
f 2490/3156/2496 2434/3087/2440 2338/2947/2344 2448/3102/2454
f 2480/3142/2486 2030/2535/2033 2033/2538/2036 2481/3143/2487
f 2495/3161/2501 2496/3162/2502 2497/3163/2503 2498/3164/2504
f 905/3165/901 2499/3166/2505 2500/3167/2506 906/3168/902
f 906/3168/902 2500/3167/2506 2501/3169/2507 909/3170/905
f 2500/3167/2506 2475/3137/2481 2477/3139/2483 2501/3169/2507
f 2499/3166/2505 2467/3123/2473 2475/3137/2481 2500/3167/2506
f 324/1537/320 2444/3171/2450 2502/3172/2508 1290/1538/1288
f 1290/1538/1288 2502/3172/2508 2480/3142/2486 463/505/459
f 2502/3172/2508 2471/3129/2477 2030/2535/2033 2480/3142/2486
f 2444/3171/2450 1946/3126/1944 2471/3129/2477 2502/3172/2508
f 900/1045/896 2503/3173/2509 2504/3174/2510 901/1046/897
f 901/1046/897 2504/3174/2510 2499/3166/2505 905/3165/901
f 2504/3174/2510 2465/3121/2471 2467/3123/2473 2499/3166/2505
f 2503/3173/2509 2461/3117/2467 2465/3121/2471 2504/3174/2510
f 1017/1205/1013 2505/3175/2511 2506/3176/2512 1018/1206/1014
f 1018/1206/1014 2506/3176/2512 2503/3173/2509 900/1045/896
f 2506/3176/2512 2459/3115/2465 2461/3117/2467 2503/3173/2509
f 2505/3175/2511 2427/3080/2433 2459/3115/2465 2506/3176/2512
f 464/506/460 2481/3143/2487 2507/3177/2513 894/1035/890
f 894/1035/890 2507/3177/2513 2508/3178/2514 897/1040/893
f 2507/3177/2513 2455/3111/2461 2437/3090/2443 2508/3178/2514
f 2481/3143/2487 2033/2538/2036 2455/3111/2461 2507/3177/2513
f 2452/3107/2458 2486/3148/2492 2416/3069/2422 2453/3108/2459
f 2509/3179/2515 2510/3180/2516 2511/3181/2517 2512/3182/2518
f 752/1020/748 2449/3103/2455 2482/3144/2488 512/556/508
f 2449/3103/2455 2341/2950/2347 1950/2427/1948 2482/3144/2488
f 2402/3055/2408 1943/2419/1941 1946/2422/1944 2444/3097/2450
f 897/1040/893 2508/3178/2514 2513/3183/2519 1028/1220/1024
f 1028/1220/1024 2513/3183/2519 2514/3184/2520 871/1004/867
f 2513/3183/2519 2440/3093/2446 2422/3075/2428 2514/3184/2520
f 2508/3178/2514 2437/3090/2443 2440/3093/2446 2513/3183/2519
f 888/3185/884 2515/3186/2521 2490/3156/2496 891/3155/887
f 2515/3186/2521 2432/3085/2438 2434/3087/2440 2490/3156/2496
f 2516/3187/2522 2412/3065/2418 2432/3085/2438 2515/3186/2521
f 2514/3184/2520 2422/3075/2428 2425/3078/2431 2517/3188/2523
f 843/3109/839 2453/3108/2459 2518/3189/2524 939/3190/935
f 2518/3189/2524 2419/3072/2425 2407/3060/2413 2519/3191/2525
f 2453/3108/2459 2416/3069/2422 2419/3072/2425 2518/3189/2524
f 881/3192/877 2519/3191/2525 2520/3193/2526 882/3194/878
f 882/3194/878 2520/3193/2526 2516/3187/2522 887/3195/883
f 2520/3193/2526 2410/3063/2416 2412/3065/2418 2516/3187/2522
f 2519/3191/2525 2407/3060/2413 2410/3063/2416 2520/3193/2526
f 863/996/859 2521/3196/2527 2522/3197/2528 2488/3150/2494
f 2401/3054/2407 1947/2423/1945 1943/2419/1941 2402/3055/2408
f 1634/1977/1632 1635/1978/1633 1638/1981/1636 1882/2319/1880
f 1665/2009/1663 1664/2008/1662 2523/3198/2529 2524/3199/2530
f 2524/3199/2530 2523/3198/2529 1811/2228/1809 1735/2104/1733
f 2523/3198/2529 2005/2491/2003 1633/1976/1631 1811/2228/1809
f 1664/2008/1662 1666/2010/1664 2005/2491/2003 2523/3198/2529
f 2525/3200/2531 2526/3201/2532 1683/2033/1681 1685/2035/1683
f 2526/3201/2532 1782/2170/1780 1684/2034/1682 1683/2033/1681
f 2527/3202/2533 270/278/266 1782/2169/1780 2526/3203/2532
f 1629/1972/1627 1721/2082/1719 1682/2032/1680 1630/1973/1628
f 1631/1974/1629 1630/1973/1628 1783/2172/1781 1750/2124/1748
f 1630/1973/1628 1682/2032/1680 1684/2034/1682 1783/2172/1781
f 1721/2082/1719 1679/2027/1677 1681/2031/1679 1682/2032/1680
f 265/273/261 264/272/260 1145/1348/1143 1144/1347/1142
f 1145/1348/1143 1624/1967/1622 1623/1966/1621 1146/1349/1144
f 1460/1884/1458 1463/3204/1461 1595/1963/1593 1550/1885/1548
f 264/272/260 1639/1982/1637 1624/1967/1622 1145/1348/1143
f 1677/2058/1675 1598/1937/1596 1584/1921/1582 1650/1993/1648
f 1640/1983/1638 1639/1982/1637 268/276/264 2048/2563/2052
f 1737/2108/1735 2048/2563/2052 2527/3202/2533 1778/2161/1776
f 2048/2563/2052 268/276/264 270/278/266 2527/3202/2533
f 2528/3205/2534 1613/1952/1611 1612/1951/1610 2529/3206/2535
f 2530/3207/2536 1627/1970/1625 1613/2098/1611 2528/3208/2534
f 1547/1881/1545 1546/1880/1544 1627/3209/1625 2530/3210/2536
f 1807/2214/1805 1736/2107/1734 1738/2109/1736 1776/2501/1774
f 2531/3211/2537 2532/3212/2538 1763/2225/1761 1726/2224/1724
f 1637/2163/1635 1649/3213/1647 1597/3214/1595 1545/1879/1543
f 1593/1930/1591 1977/2454/1975 1729/2092/1727 1700/2056/1698
f 2533/3215/2539 1604/1943/1602 1597/1936/1595 1649/3216/1647
f 1688/2038/1686 1558/1893/1556 2037/3217/2041 1689/2039/1687
f 1795/2194/1793 1559/1894/1557 1558/1893/1556 1688/2038/1686
f 1740/2111/1738 2531/3218/2537 1726/2089/1724 1725/2088/1723
f 1806/2223/1804 1551/1886/1549 1703/2547/1701 2037/2546/2041
f 1665/2009/1663 2524/3199/2530 2534/3219/2540 2535/3220/2541
f 2535/3220/2541 2534/3219/2540 1622/3221/1620 1641/3222/1639
f 2534/3223/2540 1734/2106/1732 1623/1966/1621 1622/1965/1620
f 2524/3199/2530 1735/2104/1733 1734/2103/1732 2534/3219/2540
f 1665/2009/1663 2535/3220/2541 1667/2011/1665 1590/1927/1588
f 2535/3220/2541 1641/3222/1639 1668/2012/1666 1667/2011/1665
f 2536/3224/2542 2530/3210/2536 2528/3225/2534 2537/3226/2543
f 1557/1892/1555 1806/2213/1804 2037/3217/2041 1558/1893/1556
f 1975/2452/1973 2532/3212/2538 2538/3227/2544 1976/2453/1974
f 2539/3228/2545 1547/1881/1545 2530/3210/2536 2536/3224/2542
f 1803/2210/1801 1824/3229/1822 1601/1940/1599 1600/1939/1598
f 1989/2473/1987 1773/2151/1771 1771/2149/1769 1990/2474/1988
f 2537/3226/2543 2528/3225/2534 2529/3230/2535 2540/3231/2546
f 2541/3232/2547 1401/1677/1399 1404/1680/1402 1720/3233/1718
f 2542/3234/2548 1760/2136/1758 1582/1919/1580 1976/2453/1974
f 2107/2631/2113 2110/2635/2116 2243/2816/2249 2382/3235/2388
f 2382/3026/2388 2243/3024/2249 1984/2464/1982 1540/1874/1538
f 1540/1874/1538 1984/2464/1982 1985/2465/1983 1541/1875/1539
f 2543/3236/2549 2544/3237/2550 2364/2983/2370 2545/3238/2551
f 1787/2177/1785 1983/2460/1981 1982/2459/1980 1840/3239/1838
f 1771/2149/1769 1772/2150/1770 1977/2454/1975 1990/2474/1988
f 1461/1762/1459 1715/3240/1713 1714/2138/1712 1764/2141/1762
f 274/3241/270 1705/3242/1703 1706/3243/1704 275/3244/271
f 1791/2186/1789 1739/2185/1737 1725/3245/1723 1728/2204/1726
f 1462/1763/1460 1461/1762/1459 1764/2141/1762 1975/3246/1973
f 1706/3243/1704 1799/3247/1797 1713/3248/1711 275/3244/271
f 1799/3247/1797 1762/2139/1760 1714/2138/1712 1713/3248/1711
f 1764/2141/1762 1763/2140/1761 2532/3249/2538 1975/3246/1973
f 1743/2315/1741 1868/2295/1866 2546/3250/2552 2547/3251/2553
f 1740/3252/1738 1404/1680/1402 1403/1679/1401 2531/3211/2537
f 1255/1493/1253 1431/1715/1429 1340/1607/1338 83/85/79
f 2548/3253/2554 2549/3254/2555 2550/3255/2556 2551/3256/2557
f 2552/3257/2558 2553/3258/2559 2548/3259/2554 2554/3260/2560
f 263/271/259 262/270/258 280/288/276 1254/1492/1252
f 2307/3261/2313 2306/3262/2312 2555/3263/2561 2311/3264/2317
f 1298/1551/1296 219/2467/215 493/535/489 492/534/488
f 2556/3265/2562 2557/3266/2563 2553/3258/2559 2552/3257/2558
f 1402/1678/1400 2558/3267/2564 2538/3227/2544 1403/1679/1401
f 1403/1679/1401 2538/3227/2544 2532/3212/2538 2531/3211/2537
f 1744/2118/1742 2559/3268/2565 2560/3269/2566 2561/3270/2567
f 2559/3268/2565 2537/3226/2543 2540/3231/2546 2560/3269/2566
f 1744/2118/1742 1743/2117/1741 2547/3271/2553 2559/3268/2565
f 2547/3271/2553 2536/3224/2542 2537/3226/2543 2559/3268/2565
f 2546/3250/2552 1868/2295/1866 1871/2298/1869 2562/3272/2568
f 2546/3273/2552 2539/3228/2545 2536/3224/2542 2547/3271/2553
f 2562/3274/2568 1871/2342/1869 1842/2266/1840 1883/2320/1881
f 2563/3275/2569 2562/3274/2568 1883/2320/1881 1882/2319/1880
f 2563/3276/2569 1882/3277/1880 1638/2162/1636 1548/1882/1546
f 2539/3228/2545 2546/3273/2552 2562/3278/2568 2563/3276/2569
f 1547/1881/1545 2539/3228/2545 2563/3276/2569 1548/1882/1546
f 2498/3164/2504 2497/3163/2503 2564/3279/2570 2565/3280/2571
f 2565/3280/2571 2564/3279/2570 2566/3281/2572 2567/3282/2573
f 2564/3279/2570 2568/3283/2574 2569/3284/2575 2566/3281/2572
f 2497/3163/2503 2570/3285/2576 2568/3283/2574 2564/3279/2570
f 847/973/843 846/972/842 2571/3286/2577 2572/3287/2578
f 2572/3287/2578 2571/3286/2577 2510/3180/2516 2509/3179/2515
f 2571/3286/2577 2573/3288/2579 2574/3289/2580 2510/3180/2516
f 846/972/842 2405/3290/2411 2573/3288/2579 2571/3286/2577
f 2575/3291/2581 2576/3292/2582 2577/3293/2583 2578/3294/2584
f 2578/3294/2584 2577/3293/2583 2579/3295/2585 2580/3296/2586
f 2577/3293/2583 2581/3297/2587 2582/3298/2588 2579/3295/2585
f 2576/3292/2582 2583/3299/2589 2581/3297/2587 2577/3293/2583
f 2512/3182/2518 2511/3181/2517 2584/3300/2590 2585/3301/2591
f 2585/3301/2591 2584/3300/2590 2586/3302/2592 2587/3303/2593
f 2584/3304/2590 2588/3305/2594 2589/3306/2595 2586/3307/2592
f 2511/3308/2517 2590/3309/2596 2588/3305/2594 2584/3304/2590
f 2580/3296/2586 2579/3295/2585 2591/3310/2597 2592/3311/2598
f 2592/3311/2598 2591/3310/2597 2593/3312/2599 2594/3313/2600
f 2591/3310/2597 2595/3314/2601 2596/3315/2602 2593/3312/2599
f 2579/3295/2585 2582/3298/2588 2595/3314/2601 2591/3310/2597
f 2567/3282/2573 2566/3281/2572 2597/3316/2603 2598/3317/2604
f 2598/3317/2604 2597/3316/2603 2599/3318/2605 2600/3319/2606
f 2597/3316/2603 2601/3320/2607 2602/3321/2608 2599/3318/2605
f 2566/3281/2572 2569/3284/2575 2601/3320/2607 2597/3316/2603
f 2492/3158/2498 2603/3322/2609 2604/3323/2610 2493/3159/2499
f 2494/3160/2500 2493/3159/2499 2557/3266/2563 2556/3265/2562
f 2493/3159/2499 2604/3323/2610 2605/3324/2611 2557/3266/2563
f 2446/3099/2452 2445/3098/2451 2606/3325/2612 2607/3326/2613
f 2608/3327/2614 2609/3328/2615 2610/3329/2616 2611/3330/2617
f 2612/3331/2618 2613/3332/2619 2492/3333/2498 2491/3334/2497
f 2613/3335/2619 2614/3336/2620 2603/3322/2609 2492/3158/2498
f 2557/3266/2563 2605/3324/2611 2615/3337/2621 2553/3258/2559
f 2556/3338/2562 2552/3339/2558 2616/3340/2622 2617/3341/2623
f 2587/3303/2593 2586/3302/2592 2618/3342/2624 2619/3343/2625
f 2619/3343/2625 2618/3342/2624 2620/3344/2626 2621/3345/2627
f 2618/3346/2624 2622/3347/2628 2623/3348/2629 2620/3349/2626
f 2586/3307/2592 2589/3306/2595 2622/3347/2628 2618/3346/2624
f 2553/3258/2559 2615/3337/2621 2549/3350/2555 2548/3259/2554
f 2552/3339/2558 2554/3351/2560 2624/3352/2630 2616/3340/2622
f 2496/3162/2502 2625/3353/2631 2570/3285/2576 2497/3163/2503
f 2457/3354/2463 2473/3355/2479 2626/3356/2632 2627/3357/2633
f 2621/3345/2627 2620/3344/2626 2628/3358/2634 2629/3359/2635
f 2629/3359/2635 2628/3358/2634 2613/3332/2619 2612/3331/2618
f 2628/3360/2634 2630/3361/2636 2614/3336/2620 2613/3335/2619
f 2620/3349/2626 2623/3348/2629 2630/3361/2636 2628/3360/2634
f 2631/3362/2637 2632/3363/2638 2496/3162/2502 2495/3161/2501
f 2632/3363/2638 2633/3364/2639 2625/3353/2631 2496/3162/2502
f 2551/3365/2557 2550/3366/2556 2633/3364/2639 2632/3363/2638
f 2600/3319/2606 2599/3318/2605 2634/3367/2640 2635/3368/2641
f 2635/3368/2641 2634/3367/2640 2636/3369/2642 2637/3370/2643
f 2634/3367/2640 2638/3371/2644 2639/3372/2645 2636/3369/2642
f 2599/3318/2605 2602/3321/2608 2638/3371/2644 2634/3367/2640
f 2549/3254/2555 2640/3373/2646 2641/3374/2647 2550/3255/2556
f 2642/3375/2648 2643/3376/2649 2644/3377/2650 2645/3378/2651
f 2637/3370/2643 2636/3369/2642 2646/3379/2652 2647/3380/2653
f 2647/3380/2653 2646/3379/2652 2576/3292/2582 2575/3291/2581
f 2646/3379/2652 2648/3381/2654 2583/3299/2589 2576/3292/2582
f 2636/3369/2642 2639/3372/2645 2648/3381/2654 2646/3379/2652
f 2510/3382/2516 2574/3383/2580 2590/3309/2596 2511/3308/2517
f 2512/3182/2518 2649/3384/2655 2650/3385/2656 2509/3179/2515
f 2651/3386/2657 2436/3089/2442 2435/3088/2441 2652/3387/2658
f 2590/3309/2596 2574/3383/2580 2653/3388/2659 2654/3389/2660
f 2429/3390/2435 2655/3391/2661 2656/3392/2662 2462/3393/2468
f 2462/3393/2468 2656/3392/2662 2657/3394/2663 2463/3395/2469
f 2656/3392/2662 2647/3380/2653 2575/3291/2581 2657/3394/2663
f 2655/3391/2661 2637/3370/2643 2647/3380/2653 2656/3392/2662
f 2430/3083/2436 2658/3396/2664 2659/3397/2665 2428/3081/2434
f 2428/3398/2434 2659/3399/2665 2655/3391/2661 2429/3390/2435
f 2659/3399/2665 2635/3368/2641 2637/3370/2643 2655/3391/2661
f 2658/3400/2664 2600/3319/2606 2635/3368/2641 2659/3399/2665
f 2549/3350/2555 2615/3337/2621 2660/3401/2666 2640/3402/2646
f 2652/3387/2658 2661/3403/2667 2621/3345/2627 2629/3359/2635
f 2626/3356/2632 2495/3161/2501 2498/3164/2504 2627/3357/2633
f 2570/3285/2576 2625/3353/2631 2662/3404/2668 2663/3405/2669
f 2661/3403/2667 2664/3406/2670 2619/3343/2625 2621/3345/2627
f 2615/3337/2621 2605/3324/2611 2665/3407/2671 2660/3401/2666
f 2664/3406/2670 2666/3408/2672 2587/3303/2593 2619/3343/2625
f 2494/3409/2500 2607/3326/2613 2606/3325/2612 2491/3334/2497
f 2667/3410/2673 2395/3048/2401 2398/3051/2404 2483/3145/2489
f 2606/3325/2612 2651/3386/2657 2612/3331/2618 2491/3334/2497
f 2617/3341/2623 2607/3326/2613 2494/3409/2500 2556/3338/2562
f 2666/3408/2672 2668/3411/2674 2585/3301/2591 2587/3303/2593
f 2603/3322/2609 2669/3412/2675 2670/3413/2676 2604/3323/2610
f 2442/3095/2448 2671/3414/2677 2672/3415/2678 2441/3094/2447
f 2441/3094/2447 2672/3415/2678 2658/3396/2664 2430/3083/2436
f 2672/3416/2678 2598/3317/2604 2600/3319/2606 2658/3400/2664
f 2671/3417/2677 2567/3282/2573 2598/3317/2604 2672/3416/2678
f 2469/3418/2475 2673/3419/2679 2674/3420/2680 2478/3421/2484
f 2478/3140/2484 2674/3422/2680 2675/3423/2681 2479/3141/2485
f 2674/3420/2680 2592/3311/2598 2594/3313/2600 2675/3424/2681
f 2673/3419/2679 2580/3296/2586 2592/3311/2598 2674/3420/2680
f 2650/3385/2656 2676/3425/2682 2572/3287/2578 2509/3179/2515
f 2668/3411/2674 2649/3384/2655 2512/3182/2518 2585/3301/2591
f 2463/3395/2469 2657/3394/2663 2677/3426/2683 2468/3427/2474
f 2468/3427/2474 2677/3426/2683 2673/3419/2679 2469/3418/2475
f 2677/3426/2683 2578/3294/2584 2580/3296/2586 2673/3419/2679
f 2657/3394/2663 2575/3291/2581 2578/3294/2584 2677/3426/2683
f 2676/3425/2682 2678/3428/2684 847/973/843 2572/3287/2578
f 2457/3354/2463 2627/3357/2633 2679/3429/2685 2456/3430/2462
f 2456/3430/2462 2679/3429/2685 2671/3417/2677 2442/3431/2448
f 2679/3429/2685 2565/3280/2571 2567/3282/2573 2671/3417/2677
f 2627/3357/2633 2498/3164/2504 2565/3280/2571 2679/3429/2685
f 2582/3298/2588 2680/3432/2686 2681/3433/2687 2595/3314/2601
f 2595/3314/2601 2681/3433/2687 2682/3434/2688 2596/3315/2602
f 2681/3435/2687 2683/3436/2689 2684/3437/2690 2682/3438/2688
f 2680/3439/2686 2685/3440/2691 2683/3436/2689 2681/3435/2687
f 2569/3441/2575 2686/3442/2692 2687/3443/2693 2601/3444/2607
f 2601/3444/2607 2687/3443/2693 2688/3445/2694 2602/3446/2608
f 2687/3443/2693 2689/3447/2695 2690/3448/2696 2688/3445/2694
f 2686/3442/2692 2691/3449/2697 2689/3447/2695 2687/3443/2693
f 2692/3450/2698 2693/3451/2699 2694/3452/2700 2669/3412/2675 2695/3453/2701 2696/3454/2702
f 2604/3323/2610 2670/3413/2676 2665/3407/2671 2605/3324/2611
f 2697/3455/2703 2698/3456/2704 2699/3457/2705 2700/3458/2706
f 2701/3459/2707 2702/3460/2708 2693/3451/2699 2692/3450/2698 2703/3461/2709
f 2704/3462/2710 2610/3329/2616 2705/3463/2711 2706/3464/2712
f 2614/3336/2620 2695/3453/2701 2669/3412/2675 2603/3322/2609
f 2707/3465/2713 2694/3452/2700 2698/3456/2704 2697/3455/2703
f 2665/3407/2671 2707/3465/2713 2708/3466/2714 2660/3401/2666
f 2708/3466/2714 2707/3465/2713 2697/3455/2703 2709/3467/2715
f 2589/3306/2595 2701/3459/2707 2703/3461/2709 2622/3347/2628
f 2622/3347/2628 2703/3461/2709 2692/3450/2698 2623/3348/2629
f 2660/3468/2666 2708/3469/2714 2710/3470/2716 2640/3373/2646
f 2710/3470/2716 2708/3469/2714 2709/3471/2715 2642/3375/2648
f 2662/3472/2668 2711/3473/2717 2712/3474/2718 2663/3475/2669
f 2712/3474/2718 2711/3473/2717 2713/3476/2719 2714/3477/2720 2715/3478/2721
f 2623/3348/2629 2692/3450/2698 2696/3454/2702 2630/3361/2636
f 2630/3361/2636 2696/3454/2702 2695/3453/2701 2614/3336/2620
f 2716/3479/2722 2717/3480/2723 2718/3481/2724 2654/3389/2660 2653/3388/2659
f 2550/3366/2556 2641/3482/2647 2719/3483/2725 2633/3364/2639
f 2633/3364/2639 2719/3483/2725 2662/3404/2668 2625/3353/2631
f 2719/3484/2725 2720/3485/2726 2711/3473/2717 2662/3472/2668
f 2641/3374/2647 2721/3486/2727 2720/3487/2726 2719/3488/2725
f 2638/3489/2644 2722/3490/2728 2723/3491/2729 2639/3492/2645
f 2722/3490/2728 2724/3493/2730 2725/3494/2731 2723/3491/2729
f 2639/3492/2645 2723/3491/2729 2726/3495/2732 2648/3496/2654
f 2648/3496/2654 2726/3495/2732 2727/3497/2733 2583/3498/2589
f 2726/3495/2732 2728/3499/2734 2729/3500/2735 2727/3497/2733
f 2723/3491/2729 2725/3494/2731 2728/3499/2734 2726/3495/2732
f 2654/3389/2660 2718/3481/2724 2702/3460/2708 2701/3459/2707 2730/3501/2736
f 2718/3481/2724 2731/3502/2737 2732/3503/2738 2702/3460/2708
f 2568/3504/2574 2733/3505/2739 2686/3442/2692 2569/3441/2575
f 2733/3505/2739 2734/3506/2740 2691/3449/2697 2686/3442/2692
f 2663/3475/2669 2712/3474/2718 2734/3506/2740 2733/3505/2739
f 2405/3058/2411 2404/3057/2410 2716/3479/2722 2573/3507/2579
f 2573/3507/2579 2716/3479/2722 2653/3388/2659 2574/3383/2580
f 2583/3498/2589 2727/3497/2733 2735/3508/2741 2581/3509/2587
f 2581/3509/2587 2735/3508/2741 2680/3439/2686 2582/3510/2588
f 2735/3508/2741 2736/3511/2742 2685/3440/2691 2680/3439/2686
f 2727/3497/2733 2729/3500/2735 2736/3511/2742 2735/3508/2741
f 2590/3309/2596 2654/3389/2660 2730/3501/2736 2588/3305/2594
f 2588/3305/2594 2730/3501/2736 2701/3459/2707 2589/3306/2595
f 2717/3480/2723 2737/3512/2743 2738/3513/2744 2739/3514/2745
f 2714/3477/2720 2740/3515/2746 2741/3516/2747 2742/3517/2748
f 2742/3517/2748 2741/3516/2747 2743/3518/2749 2744/3519/2750
f 2745/3520/2751 2746/3521/2752 2747/3522/2753 2748/3523/2754
f 2740/3515/2746 2749/3524/2755 2750/3525/2756 2741/3516/2747
f 2738/3513/2744 2751/3526/2757 2609/3328/2615 2739/3514/2745
f 2685/3440/2691 2736/3511/2742 2747/3522/2753 2752/3527/2758
f 2746/3521/2752 2753/3528/2759 2754/3529/2760 2755/3530/2761
f 2745/3520/2751 2756/3531/2762 2753/3528/2759 2746/3521/2752
f 2690/3448/2696 2757/3532/2763 2758/3533/2764 2724/3493/2730
f 2759/3534/2765 2608/3327/2614 2699/3457/2705 2698/3456/2704
f 2755/3530/2761 2754/3529/2760 2760/3535/2766 2761/3536/2767
f 2744/3519/2750 2743/3518/2749 2762/3537/2768 2763/3538/2769
f 2764/3539/2770 2758/3533/2764 2763/3538/2769 2745/3520/2751
f 2765/3540/2771 2766/3541/2772 2767/3542/2773 2768/3543/2774
f 848/974/844 847/973/843 2678/3428/2684 2769/3544/2775
f 2766/3541/2772 2699/3457/2705 2608/3327/2614 2611/3330/2617
f 2700/3458/2706 2699/3457/2705 2766/3541/2772 2765/3540/2771
f 2697/3545/2703 2700/3546/2706 2770/3547/2776 2709/3471/2715
f 2770/3547/2776 2700/3546/2706 2765/3548/2771 2771/3549/2777
f 2709/3471/2715 2770/3547/2776 2643/3376/2649 2642/3375/2648
f 2643/3376/2649 2770/3547/2776 2771/3549/2777 2772/3550/2778
f 1185/1390/1183 1184/1389/1182 2034/2539/2037 2773/3551/2779
f 2713/3476/2719 2774/3552/2780 2740/3515/2746 2714/3477/2720
f 2610/3329/2616 2704/3462/2710 2775/3553/2781 2611/3330/2617
f 2721/3486/2727 2645/3378/2651 2776/3554/2782 2720/3487/2726
f 2720/3487/2726 2776/3554/2782 2713/3555/2719 2711/3556/2717
f 2776/3554/2782 2777/3557/2783 2774/3558/2780 2713/3555/2719
f 2645/3378/2651 2644/3377/2650 2777/3557/2783 2776/3554/2782
f 2763/3538/2769 2762/3537/2768 2756/3531/2762 2745/3520/2751
f 2778/3559/2784 2779/3560/2785 2780/3561/2786 2749/3562/2755
f 2643/3376/2649 2772/3550/2778 2781/3563/2787 2644/3377/2650
f 2772/3550/2778 2782/3564/2788 2783/3565/2789 2781/3563/2787
f 2704/3566/2710 2784/3567/2790 2785/3568/2791 2775/3569/2781
f 2786/3570/2792 2787/3571/2793 2788/3572/2794 2789/3573/2795
f 2787/3571/2793 2790/3574/2796 2791/3575/2797 2788/3572/2794
f 2787/3571/2793 2792/3576/2798 2793/3577/2799 2790/3574/2796
f 2741/3516/2747 2750/3525/2756 2794/3578/2800 2743/3518/2749
f 2609/3328/2615 2751/3526/2757 2705/3463/2711 2610/3329/2616
f 2795/3579/2801 2796/3580/2802 2797/3581/2803 2784/3567/2790
f 2798/3582/2804 2799/3583/2805 2800/3584/2806 2801/3585/2807
f 2750/3586/2756 2801/3585/2807 2792/3576/2798 2794/3587/2800
f 2799/3583/2805 2802/3588/2808 2803/3589/2809 2800/3584/2806
f 2804/3590/2810 2786/3570/2792 2789/3573/2795 2805/3591/2811
f 2611/3330/2617 2775/3553/2781 2767/3542/2773 2766/3541/2772
f 2754/3592/2760 2789/3573/2795 2806/3593/2812 2760/3594/2766
f 2804/3590/2810 2756/3595/2762 2762/3596/2768 2807/3597/2813
f 2801/3585/2807 2800/3584/2806 2793/3577/2799 2792/3576/2798
f 2739/3514/2745 2731/3502/2737 2718/3481/2724 2717/3480/2723
f 2808/3598/2814 2809/3599/2815 2810/3600/2816 2811/3601/2817
f 2785/3568/2791 2812/3602/2818 2809/3599/2815 2808/3598/2814
f 2765/3548/2771 2768/3603/2774 2813/3604/2819 2771/3549/2777
f 2813/3604/2819 2768/3603/2774 2811/3605/2817 2814/3606/2820
f 2785/3568/2791 2808/3598/2814 2767/3607/2773 2775/3569/2781
f 2771/3549/2777 2813/3604/2819 2782/3564/2788 2772/3550/2778
f 2782/3564/2788 2813/3604/2819 2814/3606/2820 2815/3608/2821
f 2774/3552/2780 2778/3609/2784 2749/3524/2755 2740/3515/2746
f 2728/3499/2734 2745/3520/2751 2748/3523/2754 2729/3500/2735
f 2693/3451/2699 2816/3610/2822 2698/3456/2704 2694/3452/2700
f 2644/3377/2650 2781/3563/2787 2817/3611/2823 2777/3557/2783
f 2777/3557/2783 2817/3611/2823 2778/3559/2784 2774/3558/2780
f 2798/3612/2804 2783/3565/2789 2818/3613/2824 2799/3614/2805
f 2779/3615/2785 2798/3582/2804 2801/3585/2807 2780/3616/2786
f 2782/3564/2788 2815/3608/2821 2818/3613/2824 2783/3565/2789
f 2815/3608/2821 2819/3617/2825 2820/3618/2826 2818/3613/2824
f 2704/3566/2710 2706/3619/2712 2795/3579/2801 2784/3567/2790
f 2811/3605/2817 2810/3620/2816 2821/3621/2827 2814/3606/2820
f 2816/3610/2822 2693/3451/2699 2702/3460/2708 2732/3503/2738
f 2731/3502/2737 2739/3514/2745 2759/3534/2765 2732/3503/2738
f 552/604/548 1442/1730/1440 1441/1729/1439 991/1171/987
f 2768/3622/2774 2767/3607/2773 2808/3598/2814 2811/3601/2817
f 2784/3567/2790 2797/3581/2803 2812/3602/2818 2785/3568/2791
f 2793/3577/2799 2822/3623/2828 2823/3624/2829 2790/3574/2796
f 2743/3625/2749 2794/3587/2800 2807/3597/2813 2762/3596/2768
f 2800/3584/2806 2803/3589/2809 2822/3623/2828 2793/3577/2799
f 2790/3574/2796 2823/3624/2829 2824/3626/2830 2791/3575/2797
f 2794/3587/2800 2792/3576/2798 2787/3571/2793 2786/3570/2792
f 2791/3575/2797 2824/3626/2830 2825/3627/2831 2826/3628/2832
f 2698/3456/2704 2816/3610/2822 2732/3503/2738 2759/3534/2765
f 2794/3587/2800 2786/3570/2792 2804/3590/2810 2807/3597/2813
f 2781/3563/2787 2783/3565/2789 2827/3629/2833 2817/3611/2823
f 2650/3385/2656 2649/3384/2655 2421/3074/2427 2451/3105/2457
f 2789/3573/2795 2754/3592/2760 2753/3630/2759 2805/3591/2811
f 2714/3477/2720 2742/3517/2748 2828/3631/2834 2715/3478/2721
f 2818/3613/2824 2820/3618/2826 2802/3632/2808 2799/3614/2805
f 2779/3560/2785 2778/3559/2784 2817/3611/2823 2827/3629/2833
f 2759/3534/2765 2739/3514/2745 2609/3328/2615 2608/3327/2614
f 2783/3565/2789 2798/3612/2804 2779/3560/2785 2827/3629/2833
f 2670/3413/2676 2669/3412/2675 2694/3452/2700 2707/3465/2713 2665/3407/2671
f 2752/3527/2758 2755/3530/2761 2683/3436/2689 2685/3440/2691
f 2801/3585/2807 2750/3586/2756 2749/3633/2755 2780/3616/2786
f 2814/3606/2820 2821/3621/2827 2819/3617/2825 2815/3608/2821
f 195/197/191 969/1142/965 106/108/102 109/111/105
f 1420/1700/1418 1395/1670/1393 1394/1669/1392 1939/2414/1937
f 2399/3052/2405 2447/3100/2453 2617/3341/2623 2616/3340/2622
f 2400/3053/2406 2399/3052/2405 2616/3340/2622 2624/3352/2630
f 2829/3634/2835 2443/3096/2449 2400/3053/2406 2624/3352/2630
f 2830/3635/2836 2554/3351/2560 2548/3636/2554 2551/3637/2557
f 2831/3638/2837 2472/3134/2478 2443/3133/2449 2829/3639/2835
f 2829/3634/2835 2624/3352/2630 2554/3351/2560 2830/3635/2836
f 2710/3470/2716 2642/3375/2648 2645/3378/2651 2721/3486/2727
f 2487/3149/2493 2397/3050/2403 2678/3428/2684 2676/3425/2682
f 2420/3073/2426 2421/3074/2427 2649/3384/2655 2668/3411/2674
f 2451/3105/2457 2487/3149/2493 2676/3425/2682 2650/3385/2656
f 2415/3068/2421 2420/3073/2426 2668/3411/2674 2666/3408/2672
f 2447/3100/2453 2446/3099/2452 2607/3326/2613 2617/3341/2623
f 2445/3098/2451 2436/3089/2442 2651/3386/2657 2606/3325/2612
f 2413/3066/2419 2415/3068/2421 2666/3408/2672 2664/3406/2670
f 2414/3067/2420 2413/3066/2419 2664/3406/2670 2661/3403/2667
f 2435/3088/2441 2414/3067/2420 2661/3403/2667 2652/3387/2658
f 2612/3331/2618 2651/3386/2657 2652/3387/2658 2629/3359/2635
f 2626/3356/2632 2831/3638/2837 2631/3362/2637 2495/3161/2501
f 2473/3355/2479 2472/3134/2478 2831/3638/2837 2626/3356/2632
f 2640/3373/2646 2710/3470/2716 2721/3486/2727 2641/3374/2647
f 2631/3362/2637 2830/3640/2836 2551/3365/2557 2632/3363/2638
f 1078/1277/1074 985/1164/981 103/105/99 102/104/98
f 254/334/250 363/392/359 364/393/360 316/335/312
f 942/1103/938 886/1027/882 331/350/327 330/349/326
f 886/1027/882 326/345/322 318/337/314 331/350/327
f 367/397/363 374/404/370 372/402/368 368/398/364
f 862/995/858 855/988/851 578/633/574 579/634/575
f 461/3641/457 416/453/412 414/451/410 413/450/409
f 2087/2611/2093 2090/2614/2096 2250/2823/2256 2384/3031/2390
f 1442/1730/1440 552/604/548 555/607/551 2832/3642/2838
f 583/638/579 994/1174/990 755/831/751 113/115/109
f 989/1168/985 762/838/758 759/835/755 758/834/754
f 759/835/755 107/109/103 106/108/102 760/836/756
f 945/1106/941 783/873/779 782/872/778 781/871/777
f 823/930/819 822/929/818 1504/1821/1502 828/940/824
f 822/929/818 815/3643/811 820/1819/816 1504/1821/1502
f 375/405/371 855/988/851 862/995/858 293/301/289
f 872/1005/868 1017/1205/1013 875/1208/871 873/1006/869
f 884/1025/880 883/1024/879 886/1027/882 942/1103/938
f 807/951/803 915/1063/911 912/1060/908 833/947/829
f 951/1117/947 950/1116/946 783/873/779 945/1106/941
f 633/697/629 628/692/624 955/1122/951 953/1120/949
f 868/1081/864 915/3644/911 960/1127/956 922/1075/918
f 915/1063/911 807/951/803 806/3645/802 960/3646/956
f 998/1178/994 1062/1259/1058 1061/1258/1057 1266/1506/1264
f 1015/1204/1011 428/469/424 371/401/367 1008/1191/1004
f 1027/1217/1023 1026/1216/1022 1014/1197/1010 1013/1196/1009
f 461/503/457 460/502/456 2833/3647/2839 416/3648/412
f 416/3648/412 2833/3647/2839 1235/1459/1233 417/1458/413
f 2832/3642/2838 555/607/551 964/1136/960 1069/1267/1065
f 129/131/125 2053/2569/2057 2054/2570/2058 2392/3045/2398
f 1059/1256/1055 1062/1259/1058 1053/1248/1049 603/1247/599
f 223/229/219 222/228/218 1234/1455/1232 1263/1503/1261
f 253/261/249 1292/1542/1290 363/3649/359 254/262/250
f 488/530/484 491/533/487 1211/1423/1209 1189/1394/1187
f 1392/1665/1390 1339/1606/1337 1425/1705/1423 1423/1703/1421
f 1938/2550/1936 1933/2404/1931 1369/1641/1367 1372/1644/1370
f 2832/3642/2838 1069/1267/1065 2834/3650/2840 2835/3651/2841
f 2835/3651/2841 2834/3650/2840 986/1165/982 985/1164/981
f 2834/3650/2840 1450/1742/1448 989/1168/985 986/1165/982
f 1069/1267/1065 586/641/582 1450/1742/1448 2834/3650/2840
f 1085/1284/1081 2835/3651/2841 985/1164/981 1078/1277/1074
f 1442/1730/1440 2832/3642/2838 2835/3651/2841 1085/1284/1081
f 938/1098/934 1494/1807/1492 1480/1782/1478 936/1096/932
f 1509/1832/1507 1511/1834/1509 1513/1836/1511 1510/1833/1508
f 1511/1834/1509 348/375/344 346/373/342 1513/1836/1511
f 1238/1467/1236 1239/1470/1237 1304/1558/1302 1412/1692/1410
f 1250/1483/1248 1543/1877/1541 453/2516/449 456/1480/452
f 1456/1755/1454 2016/2513/2018 1544/1878/1542 1387/1660/1385
f 1660/2003/1658 1663/2007/1661 1733/2230/1731 1662/2005/1660
f 1691/2043/1689 1957/2434/1955 1711/2072/1709 1692/2044/1690
f 1723/2085/1721 1724/2087/1722 1733/2101/1731 1663/2086/1661
f 1690/2069/1688 1685/2035/1683 1680/2030/1678 1709/2070/1707
f 1800/2206/1798 1791/2186/1789 1728/2204/1726 1797/2197/1795
f 1610/1949/1608 1890/2328/1888 1899/2344/1897 1741/2113/1739
f 1201/2389/1199 1434/1718/1432 1253/1490/1251 1252/1489/1250
f 68/70/64 67/69/63 188/190/184 1953/2430/1951
f 1385/1658/1383 1167/1372/1165 1168/1373/1166 1983/2460/1981
f 2836/3652/2842 2010/3653/2011 2009/3654/2010 2837/3655/2843
f 1284/1529/1282 2838/3656/2844 2009/2504/2010 1280/1523/1278
f 1997/2481/1995 2023/2523/2025 2021/2520/2023 1998/2482/1996
f 1957/2560/1955 1691/2068/1689 1710/2071/1708 2046/2561/2050
f 1685/2035/1683 1690/2069/1688 1693/3657/1691 2525/3200/2531
f 2525/3658/2531 1693/2045/1691 1708/2067/1706 1778/2161/1776
f 2245/2818/2251 2252/3659/2258 2329/3660/2335 2266/2844/2272
f 2126/2660/2132 2127/2662/2133 2129/2664/2135 2124/2661/2130
f 2124/2658/2130 2129/3661/2135 2285/2873/2291 2125/2659/2131
f 2129/3661/2135 2128/3662/2134 2149/2686/2155 2285/2873/2291
f 2106/2687/2112 2153/2755/2159 2203/2754/2209 2150/2688/2156
f 2161/2699/2167 2163/2701/2169 2171/2712/2177 2167/2711/2173
f 1197/1405/1195 505/548/501 504/547/500 1254/1492/1252
f 2286/2874/2292 2219/2779/2225 2141/2678/2147 2140/2677/2146
f 2164/2702/2170 2166/2704/2172 2219/2779/2225 2286/2874/2292
f 2305/3663/2311 2383/3029/2389 2327/3664/2333 2306/3262/2312
f 2093/3034/2099 2096/3030/2102 2369/2991/2375 2368/2990/2374
f 2096/3030/2102 2262/2838/2268 2265/2841/2271 2369/2991/2375
f 2336/2944/2342 2324/2931/2330 2127/2662/2133 2126/2660/2132
f 845/971/841 672/740/668 674/742/670 2839/3665/2845
f 2471/3129/2477 2470/3128/2476 2031/2536/2034 2030/2535/2033
f 887/3195/883 2516/3187/2522 2515/3186/2521 888/3185/884
f 871/1004/867 2514/3184/2520 2517/3188/2523 872/1005/868
f 872/1005/868 2517/3188/2523 2505/3175/2511 1017/1205/1013
f 2517/3188/2523 2425/3078/2431 2427/3080/2433 2505/3175/2511
f 939/3190/935 2518/3189/2524 2519/3191/2525 881/3192/877
f 1778/2161/1776 2527/3202/2533 2526/3203/2532 2525/3658/2531
f 2602/3446/2608 2688/3445/2694 2722/3490/2728 2638/3489/2644
f 2688/3445/2694 2690/3448/2696 2724/3493/2730 2722/3490/2728
f 2570/3666/2576 2663/3475/2669 2733/3505/2739 2568/3504/2574
f 2683/3436/2689 2755/3530/2761 2761/3536/2767 2684/3437/2690
f 2789/3573/2795 2788/3572/2794 2840/3667/2846 2806/3593/2812
f 2788/3572/2794 2791/3575/2797 2826/3628/2832 2840/3667/2846
f 2747/3522/2753 2746/3521/2752 2755/3530/2761 2752/3527/2758
f 2747/3522/2753 2736/3511/2742 2729/3500/2735 2748/3523/2754
f 2831/3638/2837 2829/3639/2835 2830/3640/2836 2631/3362/2637
f 757/3668/753 134/136/130 133/135/129 739/2829/735
f 682/750/678 839/960/835 672/740/668 845/971/841
f 128/130/124 2389/3669/2395 2053/2569/2057 129/131/125
f 589/646/585 1454/1750/1452 593/1753/589 590/647/586
f 72/74/68 71/73/67 66/68/62 69/71/65
f 2389/3669/2395 1440/1727/1438 1093/1293/1089 2053/2569/2057
f 1941/2416/1939 1359/1626/1357 70/72/66 73/75/69
f 1418/1698/1416 1420/1700/1418 1940/2415/1938 1942/2417/1940
f 2841/3670/2847 2773/3551/2779 2034/2539/2037 2036/2543/2040
f 1560/1895/1558 1932/2402/1930 1972/2449/1970 1561/1896/1559
f 1413/1693/1411 2842/3671/2848 1491/1804/1489 1414/1694/1412
f 228/1468/224 1238/1467/1236 1414/1694/1412 978/1156/974
f 997/1177/993 232/238/228 235/241/231 1053/1248/1049
f 1130/1333/1128 1129/1332/1127 1132/1457/1130 1137/3672/1135
f 1440/1727/1438 1436/1720/1434 910/1058/906 1093/1293/1089
f 1436/1720/1434 1435/1719/1433 38/40/34 910/1058/906
f 853/986/849 855/988/851 375/405/371 289/297/285
f 717/790/713 2843/3673/2849 480/984/476 718/791/714
f 2844/3674/2850 677/970/673 845/971/841 2839/3665/2845
f 636/700/632 635/699/631 718/791/714 643/711/639
f 690/761/686 609/670/605 608/669/604 691/762/687
f 687/758/683 686/757/682 691/762/687 715/788/711
f 639/703/635 689/760/685 686/757/682 640/704/636
f 288/3675/284 287/3676/283 677/970/673 2844/3674/2850
f 839/960/835 638/702/634 637/701/633 672/740/668
f 673/741/669 637/701/633 640/704/636 688/759/684
f 2845/3677/2851 716/789/712 635/699/631 611/672/607
f 2846/3678/2852 2845/3677/2851 611/672/607 610/671/606
f 2847/3679/2853 714/787/710 608/669/604 481/523/477
f 2843/3680/2849 2847/3679/2853 481/523/477 480/522/476
f 488/530/484 892/1033/888 1188/1393/1186 489/531/485
f 862/995/858 861/994/857 224/230/220 293/301/289
f 858/991/854 675/743/671 287/295/283 225/231/221
f 861/994/857 858/991/854 225/231/221 224/230/220
f 259/362/255 236/242/232 238/244/234 260/409/256
f 258/266/254 398/435/394 1226/1440/1224 449/490/445
f 121/3681/117 1452/3682/1450 135/137/131 138/140/134
f 1452/3682/1450 127/129/123 130/132/126 135/137/131
f 863/996/859 866/999/862 2848/3683/2854 2521/3196/2527
f 2522/3197/2528 2667/3684/2673 2483/3685/2489 2488/3150/2494
f 2349/2964/2355 2543/3236/2549 2545/3238/2551 2350/2965/2356
f 1430/1713/1428 1786/2176/1784 1785/2175/1783 2849/3686/2855
f 1785/2175/1783 1178/3687/1176 2055/3688/2059 2849/3686/2855
f 1813/2231/1811 2055/2572/2059 1178/1383/1176 1177/1382/1175
f 2055/3688/2059 1573/1908/1571 2850/3689/2856 2849/3686/2855
f 1573/1908/1571 1572/1907/1570 1427/1710/1425 2850/3689/2856
f 1427/1710/1425 1430/1713/1428 2849/3686/2855 2850/3689/2856
f 2008/2497/2008 2851/3690/2857 2852/3691/2858 1575/1910/1573
f 1572/1907/1570 1575/1910/1573 2852/3691/2858 1427/1710/1425
f 1427/1710/1425 2852/3691/2858 2851/3690/2857 1560/1895/1558
f 2851/3690/2857 2008/2497/2008 1929/2399/1927 2853/3692/2859
f 1929/2399/1927 1928/2398/1926 1932/2402/1930 2853/3692/2859
f 2853/3692/2859 1932/2402/1930 1560/1895/1558 2851/3690/2857
f 1766/2148/1764 1981/2458/1979 1168/1373/1166 1154/1359/1152
f 2299/2888/2305 2373/2998/2379 2374/3001/2380 2302/2891/2308
f 2854/3693/2860 2388/3037/2394 2314/2914/2320 2313/2913/2319
f 2337/3694/2343 2080/2604/2086 2042/2556/2046 2045/2559/2049
f 2855/3695/2861 2345/2954/2351 2332/2940/2338 2331/2939/2337
f 2234/2802/2240 2381/3019/2387 2856/3696/2862 2253/2828/2259
f 2360/3697/2366 2365/2984/2371 2318/2925/2324 2317/2924/2323
f 2045/3698/2049 2327/3664/2333 2383/3029/2389 2337/2946/2343
f 2248/2821/2254 2854/3693/2860 2313/2913/2319 2249/2822/2255
f 2078/2602/2084 2077/2601/2083 2360/2976/2366 2352/2968/2358
f 2247/3699/2253 2246/3700/2252 2383/3701/2389 2305/3702/2311
f 2289/2878/2295 2288/2877/2294 2857/3703/2863 2858/3704/2864
f 2855/3695/2861 2331/2939/2337 2088/2612/2094 2087/2611/2093
f 2322/2929/2328 2065/2588/2071 2107/2631/2113 2382/3235/2388
f 2330/2938/2336 478/2937/474 477/3038/473 2388/3037/2394
f 2307/2908/2313 2310/2907/2316 477/3038/473 476/3705/472
f 2266/2844/2272 2329/3660/2335 2378/3017/2384 2380/3016/2386
f 2486/3148/2492 2450/3104/2456 2417/3070/2423 2416/3069/2422
f 2329/2936/2335 2328/2935/2334 2358/2974/2364 2378/3014/2384
f 2384/3031/2390 2250/2823/2256 2859/3706/2865 2385/3032/2391
f 1939/2414/1937 1394/1669/1392 1377/1682/1375 1410/2410/1408
f 1820/3707/1818 2303/3708/2309 2376/3006/2382 1821/3007/1819
f 1356/1623/1354 2101/2809/2107 2104/3709/2110 1357/1624/1355
f 2346/2955/2352 2363/2982/2369 2325/2932/2331 2335/2943/2341
f 2146/2683/2152 2145/2682/2151 2362/2981/2368 2287/2876/2293
f 2145/2682/2151 2197/3710/2203 2258/2978/2264 2362/2981/2368
f 2233/2801/2239 2267/2845/2273 2266/2844/2272 2380/3016/2386
f 2328/2935/2334 2343/2952/2349 2356/2972/2362 2358/2974/2364
f 2236/3711/2242 2304/2898/2310 2086/2610/2092 2237/2846/2243
f 2059/2582/2065 2058/2581/2064 2086/2610/2092 2304/2898/2310
f 2343/2952/2349 2344/2953/2350 2354/2970/2360 2356/2972/2362
f 2344/2953/2350 2342/2951/2348 2290/2879/2296 2354/2970/2360
f 2347/2960/2353 2078/2602/2084 2352/2968/2358 2259/2835/2265
f 2854/3693/2860 2860/3712/2866 2330/2938/2336 2388/3037/2394
f 2230/2806/2236 2235/2805/2241 2081/2605/2087 2080/2604/2086
f 2360/3697/2366 2077/2905/2083 2308/2904/2314 2365/2984/2371
f 2248/2821/2254 2321/2928/2327 2860/3712/2866 2854/3693/2860
f 2261/2979/2267 2260/3713/2266 2861/3714/2867 2862/3715/2868
f 2067/2590/2073 1538/1872/1536 2860/3712/2866 2321/2928/2327
f 2199/2749/2205 2194/2739/2200 2377/3023/2383 2203/2754/2209
f 2279/2866/2285 2148/2685/2154 2149/2686/2155 2128/3662/2134
f 2250/2823/2256 2249/2822/2255 2316/2919/2322 2859/3706/2865
f 2306/3262/2312 2327/3664/2333 2326/3716/2332 2555/3263/2561
f 476/518/472 479/521/475 2247/3717/2253 2305/3718/2311
f 2233/2801/2239 2380/3016/2386 2381/3019/2387 2234/2802/2240
f 2330/2938/2336 2860/3712/2866 1538/1872/1536 1541/1875/1539
f 2355/2971/2361 2289/2878/2295 2858/3704/2864 2863/3719/2869
f 2197/2967/2203 2347/2960/2353 2259/2835/2265 2258/2834/2264
f 2357/2973/2363 2355/2971/2361 2863/3719/2869 2864/3720/2870
f 2359/2975/2365 2357/2973/2363 2864/3720/2870 2865/3721/2871
f 2086/2610/2092 2085/2609/2091 2232/2800/2238 2237/2846/2243
f 2379/3015/2385 2359/2975/2365 2865/3721/2871 2866/3722/2872
f 2381/3723/2387 2379/3015/2385 2866/3722/2872 2856/3724/2862
f 2317/3725/2323 2320/3726/2326 2867/3727/2873 2353/3728/2359
f 2361/2980/2367 2868/3729/2874 2857/3703/2863 2288/2877/2294
f 2261/2979/2267 2862/3715/2868 2868/3729/2874 2361/2980/2367
f 2364/2983/2370 2544/3237/2550 2319/2926/2325 2318/2925/2324
f 1985/2465/1983 1922/2390/1920 479/3022/475 478/2937/474
f 2314/2914/2320 2310/2907/2316 2309/2906/2315 2315/2915/2321
f 2260/3713/2266 2353/3728/2359 2867/3727/2873 2861/3714/2867
f 2350/2965/2356 2545/3238/2551 2346/2955/2352 2345/2954/2351
f 2351/2966/2357 2350/2965/2356 2345/2954/2351 2855/3695/2861
f 2545/3238/2551 2364/2983/2370 2363/2982/2369 2346/2955/2352
f 2351/2966/2357 2855/3695/2861 2087/2611/2093 2384/3031/2390
f 2081/2605/2087 2236/2807/2242 1356/1623/1354 1355/1622/1353
f 107/109/103 763/839/759 970/1737/966 108/110/104
f 155/369/151 525/570/521 45/3730/41 44/370/40
f 1248/1527/1246 456/498/452 455/497/451 458/500/454
f 121/3681/117 138/140/134 134/136/130 757/3668/753
f 196/198/192 742/818/738 969/1142/965 195/197/191
f 1190/1395/1188 1240/1471/1238 1241/1472/1239 1265/1505/1263
f 207/211/203 1255/1493/1253 83/85/79 82/84/78
f 78/80/74 84/86/80 1949/2425/1947 1202/1413/1200
f 519/1402/515 521/3731/517 202/204/198 1195/1403/1193
f 84/86/80 87/89/83 1196/1404/1194 1949/2425/1947
f 52/54/48 53/55/49 205/1559/201 80/82/76
f 567/619/563 97/99/93 1068/1266/1064 568/620/564
f 1082/1281/1078 1245/1476/1243 1265/1505/1263 1079/1278/1075
f 79/81/75 78/80/74 1202/1413/1200 162/164/158
f 87/89/83 502/545/498 505/548/501 1196/1404/1194
f 1083/1282/1079 105/107/101 999/1179/995 1068/1266/1064
f 105/107/101 104/106/100 189/191/185 999/1179/995
f 761/837/757 760/836/756 968/1141/964 174/176/170
f 760/836/756 106/108/102 969/1142/965 968/1141/964
f 119/121/115 118/120/114 756/832/752 192/1140/188
f 118/120/114 121/123/117 757/833/753 756/832/752
f 217/553/213 205/208/201 160/162/156 510/554/506
f 521/566/517 92/94/88 96/98/92 202/3732/198
f 109/111/105 973/1148/969 191/193/187 195/197/191
f 973/1149/969 119/121/115 192/1140/188 191/3733/187
f 104/106/100 988/1167/984 173/175/169 189/191/185
f 988/1167/984 761/837/757 174/176/170 173/175/169
f 510/554/506 160/162/156 162/164/158 166/168/162
f 139/141/135 131/133/127 134/136/130 138/140/134
f 203/3734/199 96/98/92 97/99/93 567/619/563
f 52/54/48 80/82/76 83/85/79 1340/1607/1338
f 1435/1719/1433 1431/1715/1429 1255/1493/1253 38/40/34
f 846/972/842 849/975/845 2406/3735/2412 2405/3290/2411
f 2769/3544/2775 2678/3428/2684 2397/3050/2403 2396/3049/2402
f 866/999/862 292/300/288 291/299/287 2848/3683/2854
f 853/986/849 289/297/285 292/300/288 866/999/862
f 2404/3057/2410 2403/3056/2409 2737/3512/2743 2717/3480/2723 2716/3479/2722
f 2691/3449/2697 2734/3506/2740 2828/3631/2834 2869/3736/2875
f 2725/3494/2731 2764/3539/2770 2745/3520/2751 2728/3499/2734
f 2764/3539/2770 2725/3494/2731 2724/3493/2730 2758/3533/2764
f 2757/3532/2763 2744/3519/2750 2763/3538/2769 2758/3533/2764
f 2690/3448/2696 2689/3447/2695 2744/3519/2750 2757/3532/2763
f 2828/3631/2834 2742/3517/2748 2744/3519/2750 2869/3736/2875
f 2869/3736/2875 2744/3519/2750 2689/3447/2695 2691/3449/2697
f 2828/3631/2834 2734/3506/2740 2712/3474/2718 2715/3478/2721
f 1996/2480/1994 2019/2518/2021 2870/3737/2876 2018/2545/2020
f 356/383/352 1163/1368/1161 1166/1371/1164 357/384/353
f 1165/1370/1163 1964/2441/1962 2871/3738/2877 1166/1371/1164
f 1964/2441/1962 1966/2443/1964 2872/3739/2878 2871/3738/2877
f 2870/3737/2876 2019/2518/2021 1164/1369/1162 1163/1368/1161
f 469/511/465 2871/3738/2877 2872/3739/2878 475/517/471
f 357/384/353 1166/1371/1164 2871/3738/2877 469/511/465
f 454/496/450 2870/3737/2876 1163/1368/1161 356/383/352
f 453/495/449 2018/2545/2020 2870/3737/2876 454/496/450
f 1994/2478/1992 1993/2477/1991 2000/2484/1998 1999/2483/1997
f 1544/3740/1542 2023/2523/2025 1997/2481/1995 1542/3741/1540
f 2016/2513/2018 2024/2528/2026 2023/3742/2025 1544/1878/1542
f 2015/2512/2017 2025/2527/2028 2024/2528/2026 2016/2513/2018
f 2012/2507/2013 2013/2510/2015 2025/2527/2028 2015/2512/2017
f 2011/2506/2012 2014/2511/2016 2013/2510/2015 2012/2507/2013
f 2838/3743/2844 2873/3744/2879 2837/3655/2843 2009/3654/2010
f 2836/3652/2842 2014/3745/2016 2011/3746/2012 2010/3653/2011
f 2014/3745/2016 2836/3652/2842 30/30/24 6/33/27
f 2873/3744/2879 5/32/26 31/31/25 2837/3655/2843
f 2837/3655/2843 31/31/25 30/30/24 2836/3652/2842
f 877/1011/873 1063/1260/1059 256/264/252 255/263/251
f 1739/2185/1737 1151/1354/1149 1718/3747/1716 1717/3748/1715
f 1789/2183/1787 1148/1351/1146 1151/1354/1149 1739/2185/1737
f 1715/3749/1713 1461/3750/1459 1460/1884/1458 1549/1883/1547
f 1794/2192/1792 1852/2278/1850 1592/2277/1590 1591/2193/1589
f 1788/2178/1786 1787/2177/1785 1840/3239/1838 1179/3751/1177
f 1178/3687/1176 1785/2175/1783 1788/2178/1786 1179/3751/1177
f 267/275/263 268/276/264 1639/1982/1637 264/272/260
f 1919/2386/1917 1896/2339/1894 2874/3752/2880 1918/2385/1916
f 1917/2382/1915 1918/2385/1916 2874/3752/2880 1916/2381/1914
f 2874/3752/2880 1856/2282/1854 1855/2281/1853 1916/2381/1914
f 1896/2339/1894 1891/2338/1889 1856/2282/1854 2874/3752/2880
f 1857/2324/1855 1856/3753/1854 1891/2332/1889 1554/1889/1552
f 1175/1380/1173 1592/1929/1590 1854/3754/1852 2047/2562/2051
f 1833/2252/1831 2875/3755/2881 2876/3756/2882 1845/2269/1843
f 2875/3755/2881 2877/3757/2883 1838/3758/1836 2876/3756/2882
f 1838/3758/1836 1837/3759/1835 1848/3760/1846 2876/3756/2882
f 1847/2272/1845 2875/3755/2881 1833/2252/1831 1832/2251/1830
f 1846/2271/1844 2877/3757/2883 2875/3755/2881 1847/2272/1845
f 2878/3761/2884 1794/2192/1792 1621/2061/1619 1594/3762/1592
f 2877/3757/2883 1849/3763/1847 1836/3764/1834 1838/3758/1836
f 1621/1962/1619 1703/2547/1701 1551/1886/1549 1550/1885/1548
f 1814/2232/1812 2878/3761/2884 1761/3765/1759 1815/2233/1813
f 2878/3766/2884 1594/1931/1592 1583/1920/1581 1761/2137/1759
f 1814/2232/1812 1852/2278/1850 1794/2192/1792 2878/3761/2884
f 1851/2276/1849 1814/2232/1812 1817/2235/1815 1836/2255/1834
f 1852/2278/1850 1814/2232/1812 1851/2276/1849 1853/2279/1851
f 1854/3754/1852 1853/3767/1851 2879/3768/2885 2047/2562/2051
f 1851/3769/1849 1850/3770/1848 2879/3768/2885 1853/3767/1851
f 1647/1990/1645 2047/2562/2051 2879/3768/2885 1648/1991/1646
f 1649/1992/1647 1648/1991/1646 2880/3771/2886 2533/3772/2539
f 1850/3770/1848 2880/3771/2886 1648/1991/1646 2879/3768/2885
f 2880/3771/2886 1841/2263/1839 1604/2262/1602 2533/3772/2539
f 1849/3773/1847 1841/2263/1839 2880/3771/2886 1850/3770/1848
f 2877/3757/2883 1846/2271/1844 1841/2270/1839 1849/3763/1847
f 1561/1896/1559 178/180/174 1577/1912/1575 1428/1711/1426
f 1972/2449/1970 179/181/175 178/180/174 1561/1896/1559
f 1578/1913/1576 1429/1712/1427 1428/1711/1426 1577/1912/1575
f 1819/2237/1817 1926/2394/1924 1429/1712/1427 1578/1913/1576
f 1971/2448/1969 184/186/180 179/181/175 1972/2449/1970
f 1974/2451/1972 1954/2431/1952 184/186/180 1971/2448/1969
f 2007/2495/2007 1965/2442/1963 1954/2431/1952 1974/2451/1972
f 1828/2246/1826 1966/2443/1964 1965/2442/1963 2007/2495/2007
f 1830/2249/1828 2872/3739/2878 1966/2443/1964 1828/2246/1826
f 1818/2236/1816 1927/2395/1925 1926/2394/1924 1819/2237/1817
f 1386/1659/1384 1385/1658/1383 1927/2395/1925 1818/2236/1816
f 1306/1562/1304 1305/1561/1303 1332/1596/1330 1313/1572/1311
f 1331/1595/1329 1108/1309/1104 1111/1312/1107 1332/1596/1330
f 1115/1318/1113 1155/1360/1153 1167/1372/1165 1383/1656/1381
f 1114/1317/1112 1156/1361/1154 1155/1360/1153 1115/1318/1113
f 1123/1326/1121 1422/1702/1420 1156/1361/1154 1114/1317/1112
f 1103/1304/1099 1102/1303/1098 1330/1594/1328 1305/1561/1303
f 1424/1704/1422 1987/2471/1985 1421/1701/1419 1126/1329/1124
f 1968/2445/1966 1986/2470/1984 1423/1703/1421 1425/1705/1423
f 1970/2447/1968 2881/3774/2887 1986/2470/1984 1968/2445/1966
f 475/517/471 2872/3739/2878 1830/2249/1828 2882/3775/2888
f 219/225/215 218/224/214 501/544/497 493/3776/489
f 2561/3270/2567 1643/1986/1641 1645/1988/1643 1744/2118/1742
f 1976/2453/1974 2538/3227/2544 2558/3267/2564 2542/3234/2548
f 1246/1477/1244 1967/2444/1965 1973/2450/1971 1970/2447/1968
f 1082/1281/1078 1081/1280/1077 1967/2444/1965 1246/1477/1244
f 282/290/278 410/447/406 412/449/408 280/288/276
f 1242/1473/1240 2049/2564/2053 1080/1279/1076 1079/1278/1075
f 2882/3775/2888 2049/2564/2053 1242/1473/1240 475/517/471
f 1830/2249/1828 2050/2565/2054 2049/2564/2053 2882/3775/2888
f 1987/2471/1985 1978/2455/1976 1969/2446/1967 1421/1701/1419
f 1102/1303/1098 1101/1302/1097 1393/1666/1391 1125/1328/1123
f 1317/1576/1315 1104/1305/1100 1326/1587/1324 1324/1585/1322
f 1324/1585/1322 1326/1587/1324 1310/1566/1308 1256/1494/1254
f 1312/1569/1310 1106/1307/1102 1122/1325/1120 1310/3777/1308
f 1134/1337/1132 1122/1325/1120 1095/1295/1091 1135/1338/1133
f 1316/1575/1314 1101/1302/1097 1104/1305/1100 1317/1576/1315
f 1135/1338/1133 1095/1295/1091 1098/1298/1094 1136/1339/1134
f 1986/2470/1984 2881/3774/2887 1978/2455/1976 1987/2471/1985
f 2881/3774/2887 2883/3778/2889 1979/2456/1977 1978/2455/1976
f 1970/2447/1968 1973/2450/1971 2883/3778/2889 2881/3774/2887
f 2884/3779/2890 1719/2468/1717 1979/2456/1977 2883/3778/2889
f 1779/2166/1777 1643/1986/1641 2541/3232/2547 2884/3779/2890
f 1973/2450/1971 1779/2166/1777 2884/3779/2890 2883/3778/2889
f 2541/3232/2547 1720/3233/1718 1719/2468/1717 2884/3779/2890
f 2561/3270/2567 1401/1677/1399 2541/3232/2547 1643/1986/1641
f 2560/3269/2566 1402/1678/1400 1401/1677/1399 2561/3270/2567
f 2540/3231/2546 2558/3267/2564 1402/1678/1400 2560/3269/2566
f 2529/3230/2535 2542/3234/2548 2558/3267/2564 2540/3231/2546
f 1612/3780/1610 1760/2136/1758 2542/3234/2548 2529/3230/2535
f 1611/3781/1609 1761/2137/1759 1760/2136/1758 1612/3780/1610
f 1615/3782/1613 1815/2233/1813 1761/3765/1759 1611/3783/1609
f 1835/3784/1833 1816/2234/1814 1815/2233/1813 1615/3782/1613
f 1845/2269/1843 1848/3760/1846 1816/3785/1814 1835/2254/1833
f 1845/2269/1843 2876/3756/2882 1848/3760/1846
f 730/805/726 729/804/725 777/3786/773 732/807/728
f 2842/3671/2848 2846/3678/2852 610/671/606 1491/1804/1489
f 1228/1445/1226 1027/1217/1023 1013/1196/1009 1023/3787/1019
f 1537/1869/1535 1478/1871/1476 1522/1867/1520 1534/1864/1532
f 1524/1850/1522 1537/1869/1535 1534/1864/1532 1526/1852/1524
f 880/1017/876 1004/1184/1000 1526/1852/1524 1525/1851/1523
f 1477/1779/1475 1520/1844/1518 1522/1846/1520 1478/1780/1476
f 1479/1781/1477 1496/1809/1494 1520/1844/1518 1477/1779/1475
f 1493/1806/1491 1498/1811/1496 1496/1809/1494 1495/1808/1493
f 1494/1807/1492 1493/1806/1491 1495/1808/1493 1483/1785/1481
f 1486/1795/1484 1488/1797/1486 1490/1803/1488 1489/1800/1487
f 1489/1801/1487 1490/1802/1488 613/674/609 612/673/608
f 1467/1792/1465 1484/1789/1482 1487/1799/1485 1485/1793/1483
f 1485/1794/1483 1487/1796/1485 1488/1797/1486 1486/1795/1484
f 1466/3788/1464 1482/1786/1480 1484/1789/1482 1467/1792/1465
f 1494/1807/1492 1483/1785/1481 1481/1783/1479 1480/1782/1478
f 1480/1782/1478 1481/1783/1479 1482/1784/1480 1466/1768/1464
f 459/501/455 1037/1229/1033 1067/1265/1063 460/502/456
f 1235/1459/1233 1066/1264/1062 1064/1461/1060 1054/1251/1050
f 460/502/456 1067/1265/1063 1065/1263/1061 2833/3647/2839
f 2833/3647/2839 1065/1263/1061 1066/1264/1062 1235/1459/1233
f 1054/1251/1050 1064/1461/1060 246/252/242 245/251/241
f 1047/3789/1043 1025/1215/1021 1024/1214/1020 1048/1242/1044
f 1041/1233/1037 1047/3789/1043 1048/1242/1044 1042/1234/1038
f 1045/1238/1041 1040/1232/1036 1042/1234/1038 1046/1239/1042
f 443/484/439 1038/1230/1034 1040/1232/1036 1045/1238/1041
f 1034/1226/1030 1038/1230/1034 1036/1228/1032 1035/1227/1031
f 1035/1227/1031 1036/1228/1032 1037/1229/1033 459/501/455
f 1050/1244/1046 1024/1214/1020 1027/1217/1023 1228/1445/1226
f 1022/1212/1018 1016/1200/1012 1009/1192/1005 403/440/399
f 1023/1213/1019 1013/3790/1009 1016/1200/1012 1022/1212/1018
f 1007/3791/1003 1012/3792/1008 1011/1194/1007 1010/1193/1006
f 1008/1202/1004 1007/3791/1003 1010/1193/1006 1009/1192/1005
f 879/1189/875 244/250/240 243/249/239 1001/3793/997
f 879/1016/875 1001/1181/997 1004/1184/1000 880/1017/876
f 1491/1804/1489 610/671/606 613/674/609 979/1157/975
f 1000/1180/996 243/1187/239 246/1262/242 605/664/601
f 1775/2154/1773 1774/2153/1772 2885/3794/2891 1673/3795/1671
f 2885/3794/2891 1829/3796/1827 1674/3797/1672 1673/3795/1671
f 1759/2135/1757 1774/3798/1772 1768/2145/1766 1756/2132/1754
f 1759/2135/1757 2886/3799/2892 2885/3800/2891 1774/3798/1772
f 1758/2134/1756 2887/3801/2893 2886/3799/2892 1759/2135/1757
f 1829/3796/1827 2885/3794/2891 2886/3802/2892 2888/3803/2894
f 2888/3804/2894 2886/3805/2892 2887/3806/2893 2889/3807/2895
f 1830/2249/1828 1829/2248/1827 2888/3808/2894 2050/2565/2054
f 2887/3806/2893 1758/2164/1756 1656/1999/1654 2889/3807/2895
f 2889/3809/2895 1793/2191/1791 2050/2565/2054 2888/3808/2894
f 1656/2052/1654 1696/2051/1694 1793/2191/1791 2889/3809/2895
f 2035/2542/2039 15/3810/2061 24/3811/2896 2036/2543/2040
f 126/128/122 543/593/539 1070/1268/1066 123/125/119
f 298/322/294 297/307/293 301/310/297 309/321/305
f 24/3811/2896 14/3812/2897 2841/3670/2847 2036/2543/2040
f 2753/3630/2759 2756/3595/2762 2804/3590/2810 2805/3591/2811
f 2890/3813/2898 2891/3814/2899 2892/3815/2900 2893/3816/2901
f 2823/3624/2829 2822/3623/2828 2894/3817/2902 2895/3818/2903
f 2896/3819/2904 2897/3820/2905 2898/3821/2906 2894/3817/2902
f 2899/3822/2907 2825/3627/2831 2824/3626/2830 2900/3823/2908
f 2901/3824/2909 2902/3825/2910 2897/3826/2905 2896/3827/2904
f 2821/3621/2827 2903/3828/2911 2901/3824/2909 2819/3617/2825
f 2796/3580/2802 2904/3829/2912 2890/3813/2898 2797/3581/2803
f 2893/3830/2901 2892/3831/2900 2905/3832/2913 2903/3828/2911
f 2906/3833/2914 2907/3834/2915 2810/3600/2816 2809/3599/2815
f 2908/3835/2916 2802/3632/2808 2820/3618/2826 2909/3836/2917
f 2910/3837/2918 2911/3838/2919 2912/3839/2920 2913/3840/2921
f 2907/3841/2915 2906/3842/2914 2893/3830/2901 2903/3828/2911
f 2903/3828/2911 2905/3832/2913 2902/3825/2910 2901/3824/2909
f 2914/3843/2922 2915/3844/2923 2911/3845/2919 2910/3846/2918
f 2916/3847/2924 2917/3848/2925 2918/3849/2926 2919/3850/2927
f 2919/3851/2927 2918/3852/2926 2920/3853/2928 2921/3854/2929
f 2921/3854/2929 2920/3853/2928 2922/3855/2930 2923/3856/2931
f 2904/3829/2912 2924/3857/2932 2891/3814/2899 2890/3813/2898
f 2901/3824/2909 2896/3827/2904 2908/3835/2916 2909/3836/2917
f 2918/3849/2926 2917/3848/2925 2925/3858/2933 2926/3859/2934
f 2824/3626/2830 2823/3624/2829 2895/3818/2903 2900/3823/2908
f 2918/3852/2926 2926/3860/2934 2927/3861/2935 2920/3853/2928
f 2915/3844/2923 2928/3862/2936 2929/3863/2937 2911/3845/2919
f 2920/3853/2928 2927/3861/2935 2930/3864/2938 2922/3855/2930
f 2931/3865/2939 2932/3866/2940 2915/3844/2923 2914/3843/2922
f 2894/3817/2902 2822/3623/2828 2803/3589/2809 2933/3867/2941
f 2911/3838/2919 2929/3868/2937 2934/3869/2942 2912/3839/2920
f 2906/3833/2914 2809/3599/2815 2812/3602/2818 2935/3870/2943
f 2913/3840/2921 2912/3839/2920 2917/3848/2925 2916/3847/2924
f 2802/3588/2808 2908/3871/2916 2933/3867/2941 2803/3589/2809
f 2894/3817/2902 2899/3822/2907 2900/3823/2908 2895/3818/2903
f 2932/3866/2940 2936/3872/2944 2928/3862/2936 2915/3844/2923
f 2820/3618/2826 2819/3617/2825 2901/3824/2909 2909/3836/2917
f 2890/3813/2898 2893/3816/2901 2906/3833/2914 2935/3870/2943
f 2912/3839/2920 2934/3869/2942 2925/3858/2933 2917/3848/2925
f 2810/3620/2816 2907/3841/2915 2903/3828/2911 2821/3621/2827
f 2894/3817/2902 2898/3821/2906 2937/3873/2945 2899/3822/2907
f 2908/3871/2916 2896/3819/2904 2894/3817/2902 2933/3867/2941
f 2797/3581/2803 2890/3813/2898 2935/3870/2943 2812/3602/2818
f 2905/3832/2913 2913/3840/2921 2916/3847/2924 2902/3825/2910
f 2924/3857/2932 2931/3865/2939 2914/3843/2922 2891/3814/2899
f 2898/3821/2906 2921/3854/2929 2923/3856/2931 2937/3873/2945
f 2897/3820/2905 2919/3851/2927 2921/3854/2929 2898/3821/2906
f 2902/3825/2910 2916/3847/2924 2919/3850/2927 2897/3826/2905
f 2891/3814/2899 2914/3843/2922 2910/3846/2918 2892/3815/2900
f 2892/3831/2900 2910/3837/2918 2913/3840/2921 2905/3832/2913
f 2938/3874/2946 1/3875/2947 3/3876/2948 2939/3877/2949
f 2940/3878/2950 2941/3879/2951 2942/3880/2952 2943/3881/2953
f 36/38/32 2944/3882/2954 2945/3883/2955 37/39/33
f 2946/3884/2956 2947/3885/2957 2948/3886/2958 2949/3887/2959
f 2950/3888/2960 2951/3889/2961 2952/3890/2962 2953/3891/2963
f 2954/3892/2964 2955/3893/2965 2956/3894/2966 2957/3895/2967
f 2958/3896/2968 2959/3897/2969 2955/3893/2965 2954/3892/2964
f 2960/3898/2970 2961/3899/2971 2962/3900/2972 2963/3901/2973
f 2964/3902/2974 2965/3903/2975 2966/3904/2976 2967/3905/2977
f 2968/3906/2978 2969/3907/2979 2970/3908/2980 2971/3909/2981
f 2972/3910/2982 69/71/65 68/70/64 2973/3911/2983
f 2974/3912/2984 73/75/69 72/74/68 2975/3913/2985
f 2976/3914/2986 2977/3915/2987 2978/3916/2988 2979/3917/2989
f 2963/3901/2973 2980/3918/2990 2981/3919/2991 2960/3898/2970
f 2982/3920/2992 2983/3921/2993 2984/3922/2994 2985/3923/2995
f 2986/3924/2996 2987/3925/2997 2988/3926/2998 2989/3927/2999
f 2990/3928/3000 2991/3929/3001 2992/3930/3002 2993/3931/3003
f 2994/3932/3004 2995/3933/3005 2996/3934/3006 2997/3935/3007
f 2998/3936/3008 2999/3937/3009 2995/3933/3005 2994/3932/3004
f 3000/3938/3010 3001/3939/3011 3002/3940/3012 3003/3941/3013
f 3004/3942/3014 3005/3943/3015 3006/3944/3016 3007/3945/3017
f 3008/3946/3018 3009/3947/3019 3010/3948/3020 3011/3949/3021
f 3012/3950/3022 3013/3951/3023 3014/3952/3024 3015/3953/3025
f 3016/3954/3026 3017/3955/3027 3018/3956/3028 3019/3957/3029
f 3017/3955/3027 3020/3958/3030 3021/3959/3031 3018/3956/3028
f 3018/3956/3028 3021/3959/3031 3022/3960/3032 3023/3961/3033
f 3019/3957/3029 3018/3956/3028 3023/3961/3033 3024/3962/3034
f 3025/3963/3035 3026/3964/3036 3027/3965/3037 3028/3966/3038
f 3029/3967/3039 3030/3968/3040 3031/3969/3041 3032/3970/3042
f 131/133/127 3033/3971/3043 3034/3972/3044 132/134/128
f 3035/3973/3045 137/139/133 136/138/132 3030/3968/3040
f 3036/3974/3046 139/141/135 137/139/133 3035/3973/3045
f 3037/3975/3047 3038/3976/3048 3039/3977/3049 3040/3978/3050
f 2997/3935/3007 2996/3934/3006 3041/3979/3051 3042/3980/3052
f 3043/3981/3053 3044/3982/3054 3045/3983/3055 3046/3984/3056
f 3044/3982/3054 3047/3985/3057 3048/3986/3058 3045/3983/3055
f 3045/3983/3055 3048/3986/3058 3049/3987/3059 3050/3988/3060
f 3046/3984/3056 3045/3983/3055 3050/3988/3060 3051/3989/3061
f 3052/3990/3062 3053/3991/3063 3054/3992/3064 3055/3993/3065
f 2956/3894/2966 3056/3994/3066 3038/3976/3048 3037/3975/3047
f 3057/3995/3067 3058/3996/3068 2980/3918/2990 3059/3997/3069
f 3060/3998/3070 3061/3999/3071 3062/4000/3072 3063/4001/3073
f 3064/4002/3074 3065/4003/3075 3066/4004/3076 3067/4005/3077
f 3068/4006/3078 2976/3914/2986 2979/3917/2989 3069/4007/3079
f 3070/4008/3080 3071/4009/3081 3072/4010/3082 3073/4011/3083
f 3074/4012/3084 3075/4013/3085 3076/4014/3086 3077/4015/3087
f 3078/4016/3088 3079/4017/3089 3080/4018/3090 3075/4013/3085
f 3075/4013/3085 3080/4018/3090 3081/4019/3091 3076/4014/3086
f 3082/4020/3092 3083/4021/3093 3084/4022/3094 3085/4023/3095
f 3086/4024/3096 3087/4025/3097 3071/4009/3081 3070/4008/3080
f 3088/4026/3098 3089/4027/3099 3090/4028/3100 3091/4029/3101
f 3092/4030/3102 3093/4031/3103 3089/4027/3099 3088/4026/3098
f 2951/3889/2961 3094/4032/3104 3095/4033/3105 3096/4034/3106
f 3097/4035/3107 3098/4036/3108 3054/3992/3064 3053/3991/3063
f 3099/4037/3109 3100/4038/3110 3101/4039/3111 2998/4040/3008
f 3102/4041/3112 3057/3995/3067 3059/3997/3069 2959/4042/2969
f 3103/4043/3113 3104/4044/3114 2984/3922/2994 3105/4045/3115
f 3106/4046/3116 3107/4047/3117 3108/4048/3118 3109/4049/3119
f 3110/4050/3120 3111/4051/3121 3112/4052/3122 3113/4053/3123
f 2979/4054/2989 3114/4055/3124 2985/3923/2995 3069/4056/3079
f 3115/4057/3125 3116/4058/3126 3117/4059/3127 3118/4060/3128
f 3105/4045/3115 2944/3882/2954 3119/4061/3129 3103/4043/3113
f 223/229/219 3119/4061/3129 2944/3882/2954 36/38/32
f 3120/4062/3130 227/233/223 226/232/222 3121/4063/3131
f 3122/4064/3132 3123/4065/3133 3124/4066/3134 3125/4067/3135
f 3126/4068/3136 3127/4069/3137 3128/4070/3138 3129/4071/3139
f 3130/4072/3140 3131/4073/3141 3108/4048/3118 3132/4074/3142
f 3133/4075/3143 3134/4076/3144 3135/4077/3145 3136/4078/3146
f 3137/4079/3147 3138/4080/3148 3139/4081/3149 3140/4082/3150
f 3003/3941/3013 3002/3940/3012 3129/4083/3139 3128/4084/3138
f 3141/4085/3151 3142/4086/3152 3143/4087/3153 3144/4088/3154
f 3145/4089/3155 3146/4090/3156 3147/4091/3157 3148/4092/3158
f 3149/4093/3159 3150/4094/3160 3151/4095/3161 3152/4096/3162
f 3140/4082/3150 3139/4081/3149 3153/4097/3163 3154/4098/3164
f 3155/4099/3165 3100/4038/3110 3156/4100/3166 3157/4101/3167
f 3158/4102/3168 3159/4103/3169 3160/4104/3170 3161/4105/3171
f 3162/4106/3172 3163/4107/3173 3164/4108/3174 3159/4103/3169
f 3159/4103/3169 3164/4108/3174 3165/4109/3175 3160/4104/3170
f 3166/4110/3176 3167/4111/3177 3168/4112/3178 3169/4113/3179
f 3170/4114/3180 3171/4115/3181 3172/4116/3182 3173/4117/3183
f 3174/4118/3184 3175/4119/3185 3176/4120/3186 3157/4101/3167
f 3177/4121/3187 3178/4122/3188 3179/4123/3189 3180/4124/3190
f 3121/4063/3131 226/232/222 288/296/284 3181/4125/3191
f 3182/4126/3192 3183/4127/3193 291/299/287 290/298/286
f 3184/4128/3194 294/302/290 227/233/223 3120/4062/3130
f 3185/4129/3195 3186/4130/3196 3187/4131/3197 3188/4132/3198
f 3187/4133/3197 3189/4134/3199 300/309/296 299/308/295
f 3190/4135/3200 3191/4136/3201 3192/4137/3202 3193/4138/3203
f 3188/4132/3198 3187/4131/3197 299/316/295 306/315/302
f 3194/4139/3204 3192/4140/3202 3191/4141/3201 3195/4142/3205
f 3196/4143/3206 3186/4144/3196 3191/4136/3201 3190/4135/3200
f 3197/4145/3207 3198/4146/3208 3142/4086/3152 3199/4147/3209
f 3195/4142/3205 3191/4141/3201 3186/4130/3196 3185/4129/3195
f 3143/4148/3153 3142/4149/3152 3198/4150/3208 3200/4151/3210
f 3201/4152/3211 3202/4153/3212 3198/4150/3208 3197/4154/3207
f 3145/4155/3155 3106/4046/3116 3203/4156/3213 3146/4157/3156
f 3200/4151/3210 3198/4150/3208 3202/4153/3212 3204/4158/3214
f 3205/4159/3215 3206/4160/3216 3207/4161/3217 3208/4162/3218
f 3209/4163/3219 3210/4164/3220 3211/4165/3221 3212/4166/3222
f 3213/4167/3223 3205/4159/3215 3208/4162/3218 3214/4168/3224
f 3208/4162/3218 3207/4161/3217 3215/4169/3225 3216/4170/3226
f 3217/4171/3227 3218/4172/3228 3219/4173/3229 3220/4174/3230
f 3214/4168/3224 3208/4162/3218 3216/4170/3226 3221/4175/3231
f 3222/4176/3232 3223/4177/3233 3224/4178/3234 3177/4121/3187
f 3134/4076/3144 3225/4179/3235 3226/4180/3236 3135/4077/3145
f 3227/4181/3237 3228/4182/3238 3222/4176/3232 3229/4183/3239
f 3135/4077/3145 3226/4180/3236 3154/4184/3164 3130/4072/3140
f 3136/4078/3146 3135/4077/3145 3130/4072/3140 3132/4074/3142
f 3145/4155/3155 3178/4122/3188 3107/4047/3117 3106/4046/3116
f 3224/4178/3234 3107/4047/3117 3178/4122/3188 3177/4121/3187
f 3229/4185/3239 3222/4186/3232 3177/4187/3187 3180/4188/3190
f 3220/4174/3230 3219/4173/3229 3206/4160/3216 3205/4159/3215
f 3108/4048/3118 3107/4047/3117 3224/4178/3234 3132/4074/3142
f 3230/4189/3240 3133/4075/3143 3136/4078/3146 3223/4177/3233
f 3055/4190/3065 3231/4191/3241 2950/4192/2960 3052/4193/3062
f 3223/4177/3233 3136/4078/3146 3132/4074/3142 3224/4178/3234
f 3206/4160/3216 3232/4194/3242 3233/4195/3243 3207/4161/3217
f 3207/4161/3217 3233/4195/3243 3234/4196/3244 3215/4169/3225
f 3218/4172/3228 3235/4197/3245 3236/4198/3246 3219/4173/3229
f 3219/4173/3229 3236/4198/3246 3232/4194/3242 3206/4160/3216
f 3141/4085/3151 3237/4199/3247 3199/4147/3209 3142/4086/3152
f 3238/4200/3248 3239/4201/3249 3240/4202/3250 3241/4203/3251
f 3242/4204/3252 3243/4205/3253 3244/4206/3254 3245/4207/3255
f 3246/4208/3256 3240/4202/3250 3239/4201/3249 3247/4209/3257
f 3248/4210/3258 3249/4211/3259 3239/4212/3249 3238/4213/3248
f 3250/4214/3260 3251/4215/3261 3237/4199/3247 3141/4085/3151
f 3247/4216/3257 3239/4212/3249 3249/4211/3259 3252/4217/3262
f 3253/4218/3263 3254/4219/3264 3255/4220/3265 3256/4221/3266
f 3254/4219/3264 3257/4222/3267 3258/4223/3268 3255/4220/3265
f 3255/4220/3265 3258/4223/3268 373/403/369 372/402/368
f 3196/4143/3206 3253/4218/3263 3256/4221/3266 3189/4134/3199
f 3189/4134/3199 3256/4221/3266 374/404/370 300/309/296
f 3259/4224/3269 376/406/372 294/302/290 3184/4128/3194
f 3260/4225/3270 3131/4073/3141 3153/4226/3163 3261/4227/3271
f 3262/4228/3272 3237/4199/3247 3251/4215/3261 3263/4229/3273
f 3264/4230/3274 3265/4231/3275 3241/4203/3251 3240/4202/3250
f 3263/4229/3273 3251/4215/3261 3203/4156/3213 3266/4232/3276
f 3267/4233/3277 3201/4152/3211 3197/4154/3207 3268/4234/3278
f 3268/4234/3278 3197/4154/3207 3199/4235/3209 3269/4236/3279
f 3270/4237/3280 3241/4203/3251 3265/4231/3275 3271/4238/3281
f 3202/4239/3212 3201/4240/3211 3265/4231/3275 3264/4230/3274
f 3272/4241/3282 3273/4242/3283 3249/4211/3259 3248/4210/3258
f 3271/4243/3281 3265/4244/3275 3201/4152/3211 3267/4233/3277
f 3252/4217/3262 3249/4211/3259 3273/4242/3283 3274/4245/3284
f 3193/4246/3203 3192/4140/3202 3273/4242/3283 3272/4241/3282
f 3275/4247/3285 3276/4248/3286 3277/4249/3287 3278/4250/3288
f 3274/4245/3284 3273/4242/3283 3192/4140/3202 3194/4139/3204
f 3253/4218/3263 3196/4143/3206 3190/4135/3200 3279/4251/3289
f 3279/4251/3289 3190/4135/3200 3193/4138/3203 3047/3985/3057
f 3151/4095/3161 3150/4094/3160 3280/4252/3290 3281/4253/3291
f 3282/4254/3292 3283/4255/3293 3284/4256/3294 3285/4257/3295
f 3286/4258/3296 3287/4259/3297 3288/4260/3298 3289/4261/3299
f 3287/4259/3297 3282/4254/3292 3285/4257/3295 3288/4260/3298
f 3288/4260/3298 3285/4257/3295 408/445/404 407/444/403
f 3289/4261/3299 3288/4260/3298 407/444/403 409/446/405
f 3109/4049/3119 3108/4048/3118 3131/4073/3141 3260/4225/3270
f 3290/4262/3300 3291/4263/3301 2990/3928/3000 3292/4264/3302
f 3293/4265/3303 3262/4228/3272 3263/4229/3273 3294/4266/3304
f 3294/4266/3304 3263/4229/3273 3266/4232/3276 3295/4267/3305
f 3296/4268/3306 3294/4266/3304 3295/4267/3305 3297/4269/3307
f 3298/4270/3308 3299/4271/3309 3300/4272/3310 3301/4273/3311
f 3299/4271/3309 3267/4233/3277 3268/4234/3278 3300/4272/3310
f 3300/4272/3310 3268/4234/3278 3269/4236/3279 3302/4274/3312
f 3301/4273/3311 3300/4272/3310 3302/4274/3312 3303/4275/3313
f 3304/4276/3314 3305/4277/3315 3306/4278/3316 3307/4279/3317
f 3305/4277/3315 3270/4237/3280 3271/4238/3281 3306/4278/3316
f 3306/4280/3316 3271/4243/3281 3267/4233/3277 3299/4271/3309
f 3307/4281/3317 3306/4280/3316 3299/4271/3309 3298/4270/3308
f 3047/3985/3057 3193/4138/3203 3272/4282/3282 3048/3986/3058
f 3048/3986/3058 3272/4282/3282 3248/4283/3258 3049/3987/3059
f 3257/4222/3267 3254/4219/3264 3308/4284/3318 3309/4285/3319
f 3254/4219/3264 3253/4218/3263 3279/4251/3289 3308/4284/3318
f 3308/4284/3318 3279/4251/3289 3047/3985/3057 3044/3982/3054
f 3309/4285/3319 3308/4284/3318 3044/3982/3054 3043/3981/3053
f 3285/4257/3295 3284/4256/3294 430/471/426 408/445/404
f 3281/4253/3291 3280/4252/3290 3310/4286/3320 3311/4287/3321
f 3311/4287/3321 3310/4286/3320 3312/4288/3322 3313/4289/3323
f 3312/4288/3322 3314/4290/3324 3315/4291/3325 3313/4289/3323
f 3315/4291/3325 3314/4290/3324 3316/4292/3326 3317/4293/3327
f 3318/4294/3328 3319/4295/3329 3320/4296/3330 3321/4297/3331
f 3322/4298/3332 3323/4299/3333 3324/4300/3334 3325/4301/3335
f 3323/4299/3333 3326/4302/3336 3327/4303/3337 3324/4300/3334
f 3324/4300/3334 3327/4303/3337 3152/4096/3162 3151/4095/3161
f 3325/4301/3335 3324/4300/3334 3151/4095/3161 3281/4253/3291
f 3149/4093/3159 3328/4304/3338 3329/4305/3339 3150/4094/3160
f 3124/4066/3134 3330/4306/3340 3090/4307/3100 3331/4308/3341
f 3332/4309/3342 3333/4310/3343 3334/4311/3344 3335/4312/3345
f 3334/4311/3344 3336/4313/3346 3337/4314/3347 3242/4204/3252
f 3303/4275/3313 3338/4315/3348 3339/4316/3349 3340/4317/3350
f 3335/4312/3345 3334/4311/3344 3242/4204/3252 3245/4207/3255
f 3341/4318/3351 3342/4319/3352 3343/4320/3353 3344/4321/3354
f 3243/4205/3253 3345/4322/3355 3346/4323/3356 3347/4324/3357
f 3244/4206/3254 3243/4205/3253 3347/4324/3357 3348/4325/3358
f 3347/4324/3357 3346/4323/3356 3113/4053/3123 3349/4326/3359
f 3350/4327/3360 3351/4328/3361 3352/4329/3362 3353/4330/3363
f 3348/4325/3358 3347/4324/3357 3349/4326/3359 3354/4331/3364
f 3355/4332/3365 3356/4333/3366 3357/4334/3367 3358/4335/3368
f 3359/4336/3369 3360/4337/3370 3361/4338/3371 3362/4339/3372
f 3363/4340/3373 3364/4341/3374 3365/4342/3375 3366/4343/3376
f 3367/4344/3377 3368/4345/3378 3369/4346/3379 3370/4347/3380
f 3371/4348/3381 3372/4349/3382 3373/4350/3383 3374/4351/3384
f 3375/4352/3385 3376/4353/3386 3377/4354/3387 3378/4355/3388
f 3379/4356/3389 3115/4057/3125 3380/4357/3390 3363/4358/3373
f 3381/4359/3391 3382/4360/3392 3383/4361/3393 3384/4362/3394
f 3365/4342/3375 3385/4363/3395 3386/4364/3396 3366/4343/3376
f 3055/3993/3065 3054/3992/3064 3387/4365/3397 3388/4366/3398
f 2978/3916/2988 3389/4367/3399 3114/4368/3124 2979/3917/2989
f 3390/4369/3400 3391/4370/3401 3392/4371/3402 3393/4372/3403
f 3394/4373/3404 3395/4374/3405 3396/4375/3406 3397/4376/3407
f 3376/4353/3386 3384/4377/3394 3398/4378/3408 3377/4354/3387
f 3377/4354/3387 3398/4378/3408 3399/4379/3409 3400/4380/3410
f 3378/4355/3388 3377/4354/3387 3400/4380/3410 3401/4381/3411
f 3173/4117/3183 3172/4116/3182 3402/4382/3412 3403/4383/3413
f 3404/4384/3414 3040/3978/3050 3053/4385/3063 3052/4193/3062
f 3385/4363/3395 3365/4342/3375 3405/4386/3415 3406/4387/3416
f 3407/4388/3417 3408/4389/3418 3366/4343/3376 3386/4364/3396
f 3409/4390/3419 3410/4391/3420 3411/4392/3421 3412/4393/3422
f 3413/4394/3423 3414/4395/3424 3415/4396/3425 3416/4397/3426
f 2950/4192/2960 3231/4191/3241 3094/4398/3104 2951/4399/2961
f 3094/4032/3104 3231/4400/3241 3417/4401/3427 3418/4402/3428
f 3419/4403/3429 3420/4404/3430 3171/4115/3181 3170/4114/3180
f 3095/4033/3105 3094/4032/3104 3418/4402/3428 3421/4405/3431
f 2949/4406/2959 2948/4407/2958 3026/3964/3036 3422/4408/3432
f 3423/4409/3433 3424/4410/3434 3425/4411/3435 3426/4412/3436
f 2949/4406/2959 3422/4408/3432 3427/4413/3437 3428/4414/3438
f 2946/4415/2956 2949/4406/2959 3428/4414/3438 3429/4416/3439
f 3054/3992/3064 3098/4036/3108 3430/4417/3440 3387/4365/3397
f 3096/4034/3106 3095/4033/3105 3424/4410/3434 3423/4409/3433
f 3431/4418/3441 3432/4419/3442 3433/4420/3443 3434/4421/3444
f 3424/4410/3434 3095/4033/3105 3421/4405/3431 3435/4422/3445
f 3425/4411/3435 3424/4410/3434 3435/4422/3445 3436/4423/3446
f 3437/4424/3447 3096/4034/3106 3423/4409/3433 3438/4425/3448
f 3438/4425/3448 3423/4409/3433 3426/4412/3436 3439/4426/3449
f 3440/4427/3450 3434/4421/3444 3441/4428/3451 3442/4429/3452
f 2946/3884/2956 3443/4430/3453 3444/4431/3454 2947/3885/2957
f 3434/4421/3444 3433/4420/3443 3445/4432/3455 3441/4428/3451
f 3002/3940/3012 3446/4433/3456 3447/4434/3457 3129/4083/3139
f 3448/4435/3458 3449/4436/3459 3444/4431/3454 3450/4437/3460
f 3449/4436/3459 3451/4438/3461 2947/3885/2957 3444/4431/3454
f 3444/4439/3454 3443/4440/3453 3452/4441/3462 3450/4442/3460
f 3015/3953/3025 3453/4443/3463 3454/4444/3464 3012/3950/3022
f 3012/3950/3022 3454/4444/3464 3455/4445/3465 3456/4446/3466
f 3457/4447/3467 3458/4448/3468 3278/4250/3288 3277/4249/3287
f 3459/4449/3469 3015/3953/3025 3014/3952/3024 3460/4450/3470
f 3014/3952/3024 3013/3951/3023 3461/4451/3471 3462/4452/3472
f 3463/4453/3473 3464/4454/3474 3454/4444/3464 3453/4443/3463
f 3460/4450/3470 3014/3952/3024 3462/4452/3472 3465/4455/3475
f 3443/4430/3453 2946/3884/2956 3429/4456/3439 3466/4457/3476
f 3452/4441/3462 3443/4440/3453 3466/4458/3476 3467/4459/3477
f 3027/3965/3037 3468/4460/3478 3469/4461/3479 3028/3966/3038
f 3470/4462/3480 3471/4463/3481 3029/3967/3039 3032/3970/3042
f 3472/4464/3482 3468/4465/3478 3473/4466/3483 3474/4467/3484
f 3468/4465/3478 3027/4468/3037 3475/4469/3485 3473/4466/3483
f 3473/4466/3483 3475/4469/3485 3451/4438/3461 3476/4470/3486
f 3474/4467/3484 3473/4466/3483 3476/4470/3486 3024/3962/3034
f 3477/4471/3487 3478/4472/3488 3479/4473/3489 3480/4474/3490
f 3481/4475/3491 3482/4476/3492 3483/4477/3493 3484/4478/3494
f 3485/4479/3495 3477/4471/3487 3480/4474/3490 3486/4480/3496
f 3480/4474/3490 3479/4473/3489 2953/3891/2963 2952/3890/2962
f 3385/4481/3395 3172/4116/3182 3171/4115/3181 3386/4482/3396
f 3486/4480/3496 3480/4474/3490 2952/3890/2962 3437/4424/3447
f 3362/4339/3372 3361/4338/3371 3487/4483/3497 3488/4484/3498
f 3489/4485/3499 3490/4486/3500 3491/4487/3501 3492/4488/3502
f 3493/4489/3503 3494/4490/3504 3495/4491/3505 3496/4492/3506
f 3494/4490/3504 3497/4493/3507 3498/4494/3508 3495/4491/3505
f 3495/4495/3505 3498/4496/3508 3499/4497/3509 3500/4498/3510
f 3496/4492/3506 3495/4491/3505 3500/4499/3510 3501/4500/3511
f 3502/4501/3512 3503/4502/3513 3275/4247/3285 3278/4250/3288
f 3504/4503/3514 3505/4504/3515 3506/4505/3516 3507/4506/3517
f 3507/4506/3517 3506/4505/3516 3503/4502/3513 3502/4501/3512
f 3277/4249/3287 3276/4248/3286 3508/4507/3518 3509/4508/3519
f 3510/4509/3520 3511/4510/3521 3512/4511/3522 3513/4512/3523
f 3492/4488/3502 3491/4487/3501 3514/4513/3524 3515/4514/3525
f 3516/4515/3526 3517/4516/3527 3518/4517/3528 3519/4518/3529
f 3493/4489/3503 3520/4519/3530 3521/4520/3531 3494/4490/3504
f 3520/4519/3530 3360/4521/3370 3522/4522/3532 3521/4520/3531
f 3521/4523/3531 3522/4524/3532 3514/4513/3524 3523/4525/3533
f 3494/4490/3504 3521/4520/3531 3523/4526/3533 3497/4493/3507
f 3524/4527/3534 3525/4528/3535 3526/4529/3536 3527/4530/3537
f 3525/4528/3535 3528/4531/3538 3529/4532/3539 3526/4529/3536
f 3526/4529/3536 3529/4532/3539 3530/4533/3540 3531/4534/3541
f 3527/4530/3537 3526/4529/3536 3531/4534/3541 3532/4535/3542
f 3533/4536/3543 3534/4537/3544 3535/4538/3545 3536/4539/3546
f 3534/4537/3544 3537/4540/3547 3538/4541/3548 3535/4538/3545
f 3538/4541/3548 3539/4542/3549 3540/4543/3550 3535/4538/3545
f 3541/4544/3551 3542/4545/3552 3543/4546/3553 3544/4547/3554
f 3533/4536/3543 3536/4539/3546 3541/4544/3551 3545/4548/3555
f 3546/4549/3556 3547/4550/3557 3548/4551/3558 3549/4552/3559
f 3545/4548/3555 3541/4544/3551 3544/4547/3554 3550/4553/3560
f 3551/4554/3561 674/742/670 673/741/669 3516/4515/3526
f 3181/4125/3191 3552/4555/3562 3553/4556/3563 3554/4557/3564
f 3513/4512/3523 3512/4511/3522 3505/4504/3515 3504/4503/3514
f 3555/4558/3565 3556/4559/3566 3557/4560/3567 3558/4561/3568
f 3559/4562/3569 3560/4563/3570 3561/4564/3571 3553/4565/3563
f 3560/4566/3570 3510/4509/3520 3513/4512/3523 3561/4567/3571
f 3561/4567/3571 3513/4512/3523 3504/4503/3514 3562/4568/3572
f 3553/4556/3563 3561/4567/3571 3562/4568/3572 3554/4557/3564
f 3517/4516/3527 688/759/684 687/758/683 3563/4569/3573
f 3563/4569/3573 3564/4570/3574 3565/4571/3575 3566/4572/3576
f 3537/4540/3547 3567/4573/3577 3568/4574/3578 3538/4541/3548
f 3569/4575/3579 3570/4576/3580 3571/4577/3581 3572/4578/3582
f 3573/4579/3583 3574/4580/3584 3569/4575/3579 3575/4581/3585
f 3544/4582/3554 3543/4583/3553 3576/4584/3586 3577/4585/3587
f 3574/4580/3584 3578/4586/3588 3570/4576/3580 3569/4575/3579
f 3575/4581/3585 3569/4575/3579 3572/4578/3582 3579/4587/3589
f 3580/4588/3590 3581/4589/3591 3582/4590/3592 3583/4591/3593
f 3581/4589/3591 3555/4558/3565 3558/4561/3568 3582/4590/3592
f 3558/4561/3568 3584/4592/3594 3585/4593/3595 3582/4590/3592
f 3586/4594/3596 3587/4595/3597 3568/4574/3578 3588/4596/3598
f 3564/4570/3574 715/788/711 714/787/710 3488/4484/3498
f 3515/4514/3525 3589/4597/3599 717/790/713 716/789/712
f 3590/4598/3600 3591/4599/3601 3546/4549/3556 3549/4552/3559
f 3591/4599/3601 3592/4600/3602 3593/4601/3603 3546/4549/3556
f 3593/4601/3603 3594/4602/3604 3547/4550/3557 3546/4549/3556
f 3536/4539/3546 3595/4603/3605 3542/4545/3552 3541/4544/3551
f 3556/4604/3566 3596/4605/3606 3597/4606/3607 3557/4607/3567
f 3596/4605/3606 3579/4587/3589 3572/4578/3582 3597/4606/3607
f 3571/4577/3581 3598/4608/3608 3597/4606/3607 3572/4578/3582
f 3535/4538/3545 3540/4543/3550 3595/4603/3605 3536/4539/3546
f 3599/4609/3609 3600/4610/3610 3601/4611/3611 3602/4612/3612
f 3600/4610/3610 3590/4598/3600 3549/4552/3559 3601/4611/3611
f 3549/4552/3559 3548/4551/3558 3603/4613/3613 3601/4611/3611
f 3597/4606/3607 3598/4608/3608 3604/4614/3614 3557/4607/3567
f 3500/4499/3510 3605/4615/3615 3606/4616/3616 3501/4500/3511
f 3577/4585/3587 3576/4584/3586 3578/4586/3588 3574/4580/3584
f 3499/4617/3509 3607/4618/3617 3605/4615/3615 3500/4499/3510
f 3608/4619/3618 3087/4025/3097 3609/4620/3619 3001/3939/3011
f 3610/4621/3620 3330/4306/3340 3124/4066/3134 3123/4065/3133
f 3611/4622/3621 3093/4031/3103 3612/4623/3622 3613/4624/3623
f 3614/4625/3624 3615/4626/3625 3616/4627/3626 3617/4628/3627
f 3618/4629/3628 3619/4630/3629 3072/4010/3082 3620/4631/3630
f 3612/4623/3622 3619/4630/3629 3618/4629/3628 3613/4624/3623
f 3621/4632/3631 3089/4027/3099 3093/4031/3103 3611/4622/3621
f 3622/4633/3632 3623/4634/3633 3624/4635/3634 3625/4636/3635
f 3013/3951/3023 3012/3950/3022 3456/4446/3466 3626/4637/3636
f 3627/4638/3637 3330/4306/3340 3610/4621/3620 3628/4639/3638
f 3629/4640/3639 3630/4641/3640 3631/4642/3641 3632/4643/3642
f 3633/4644/3643 3632/4643/3642 3011/3949/3021 3634/4645/3644
f 3617/4628/3627 3616/4627/3626 3567/4646/3577 3537/4647/3547
f 3635/4648/3645 3636/4649/3646 3637/4650/3647 3638/4651/3648
f 3639/4652/3649 3640/4653/3650 3641/4654/3651 3642/4655/3652
f 3640/4653/3650 3528/4531/3538 3643/4656/3653 3641/4654/3651
f 3641/4654/3651 3643/4656/3653 3590/4657/3600 3600/4658/3610
f 3642/4655/3652 3641/4654/3651 3600/4658/3610 3599/4659/3609
f 3636/4649/3646 3644/4660/3654 3645/4661/3655 3637/4650/3647
f 3644/4662/3654 3519/4663/3529 3646/4664/3656 3645/4665/3655
f 3645/4665/3655 3646/4664/3656 3579/4587/3589 3596/4605/3606
f 3637/4650/3647 3645/4661/3655 3596/4666/3606 3556/4559/3566
f 3550/4667/3560 3544/4582/3554 3577/4585/3587 3647/4668/3657
f 3538/4541/3548 3568/4574/3578 3587/4595/3597 3539/4542/3549
f 3602/4669/3612 3648/4670/3658 3586/4594/3596 3588/4596/3598
f 3647/4668/3657 3577/4585/3587 3574/4580/3584 3573/4579/3583
f 3487/4671/3497 3649/4672/3659 3650/4673/3660 3565/4674/3575
f 3649/4672/3659 3550/4667/3560 3647/4668/3657 3650/4673/3660
f 3650/4673/3660 3647/4668/3657 3573/4579/3583 3651/4675/3661
f 3565/4674/3575 3650/4673/3660 3651/4675/3661 3566/4676/3576
f 3652/4677/3662 3635/4648/3645 3638/4651/3648 3653/4678/3663
f 3653/4678/3663 3638/4651/3648 3555/4558/3565 3581/4589/3591
f 3654/4679/3664 3653/4678/3663 3581/4589/3591 3580/4588/3590
f 3566/4676/3576 3651/4675/3661 3655/4680/3665 3518/4681/3528
f 3651/4675/3661 3573/4579/3583 3575/4581/3585 3655/4680/3665
f 3655/4680/3665 3575/4581/3585 3579/4587/3589 3646/4664/3656
f 3518/4681/3528 3655/4680/3665 3646/4664/3656 3519/4663/3529
f 3638/4651/3648 3637/4650/3647 3556/4559/3566 3555/4558/3565
f 3656/4682/3666 3657/4683/3667 3658/4684/3668 3659/4685/3669
f 3660/4686/3670 3661/4687/3671 3662/4688/3672 3663/4689/3673
f 3661/4687/3671 3533/4690/3543 3545/4691/3555 3662/4688/3672
f 3662/4692/3672 3545/4548/3555 3550/4553/3560 3649/4693/3659
f 3663/4689/3673 3662/4688/3672 3649/4694/3659 3487/4483/3497
f 3660/4686/3670 3664/4695/3674 3665/4696/3675 3661/4687/3671
f 3664/4695/3674 3614/4625/3624 3617/4628/3627 3665/4696/3675
f 3665/4696/3675 3617/4628/3627 3537/4647/3547 3534/4697/3544
f 3661/4687/3671 3665/4696/3675 3534/4697/3544 3533/4690/3543
f 3648/4670/3658 3603/4698/3613 3666/4699/3676 3667/4700/3677
f 3668/4701/3678 3669/4702/3679 3670/4703/3680 3671/4704/3681
f 3528/4531/3538 3525/4528/3535 3672/4705/3682 3643/4656/3653
f 3525/4528/3535 3524/4527/3534 3673/4706/3683 3672/4705/3682
f 3672/4707/3682 3673/4708/3683 3592/4600/3602 3591/4599/3601
f 3643/4709/3653 3672/4707/3682 3591/4599/3601 3590/4598/3600
f 3603/4613/3613 3548/4551/3558 3674/4710/3684 3666/4711/3676
f 3595/4603/3605 3540/4543/3550 3675/4712/3685 3676/4713/3686
f 3666/4711/3676 3674/4710/3684 3677/4714/3687 3678/4715/3688
f 3667/4700/3677 3666/4699/3676 3678/4716/3688 3679/4717/3689
f 3540/4543/3550 3539/4542/3549 3668/4701/3678 3675/4712/3685
f 3680/4718/3690 3585/4593/3595 3681/4719/3691 3682/4720/3692
f 3675/4712/3685 3668/4701/3678 3671/4704/3681 3683/4721/3693
f 3676/4713/3686 3675/4712/3685 3683/4721/3693 3684/4722/3694
f 3585/4593/3595 3584/4592/3594 3656/4723/3666 3681/4719/3691
f 3578/4586/3588 3685/4724/3695 3686/4725/3696 3570/4576/3580
f 3681/4719/3691 3656/4723/3666 3659/4726/3669 3687/4727/3697
f 3682/4720/3692 3681/4719/3691 3687/4727/3697 3688/4728/3698
f 3570/4576/3580 3686/4725/3696 3689/4729/3699 3571/4577/3581
f 3685/4724/3695 3690/4730/3700 3691/4731/3701 3686/4725/3696
f 3686/4725/3696 3691/4731/3701 3692/4732/3702 3689/4729/3699
f 3543/4733/3553 3693/4734/3703 3694/4735/3704 3576/4736/3586
f 3576/4584/3586 3694/4737/3704 3685/4724/3695 3578/4586/3588
f 3584/4592/3594 3604/4738/3614 3657/4739/3667 3656/4723/3666
f 3604/4614/3614 3598/4608/3608 3695/4740/3705 3657/4683/3667
f 3587/4595/3597 3669/4702/3679 3668/4701/3678 3539/4542/3549
f 3598/4608/3608 3571/4577/3581 3689/4729/3699 3695/4740/3705
f 3595/4603/3605 3676/4713/3686 3696/4741/3706 3542/4545/3552
f 3695/4740/3705 3689/4729/3699 3692/4732/3702 3697/4742/3707
f 3657/4683/3667 3695/4740/3705 3697/4742/3707 3658/4684/3668
f 3542/4743/3552 3696/4744/3706 3693/4734/3703 3543/4733/3553
f 3676/4713/3686 3684/4722/3694 3698/4745/3708 3696/4741/3706
f 3696/4744/3706 3698/4746/3708 3699/4747/3709 3693/4734/3703
f 3700/4748/3710 3701/4749/3711 3615/4626/3625 3614/4625/3624
f 3548/4551/3558 3547/4550/3557 3702/4750/3712 3674/4710/3684
f 3547/4550/3557 3594/4602/3604 3703/4751/3713 3702/4750/3712
f 3702/4752/3712 3703/4753/3713 3704/4754/3714 3705/4755/3715
f 3674/4756/3684 3702/4752/3712 3705/4755/3715 3677/4757/3687
f 3582/4590/3592 3585/4593/3595 3680/4718/3690 3583/4591/3593
f 3706/4758/3716 3594/4759/3604 3593/4760/3603 3707/4761/3717
f 3501/4762/3511 3606/4763/3616 3701/4749/3711 3700/4748/3710
f 3635/4648/3645 3708/4764/3718 3709/4765/3719 3636/4649/3646
f 3519/4518/3529 3644/4766/3654 3710/4767/3720 3711/4768/3721
f 3644/4766/3654 3636/4769/3646 3709/4770/3719 3710/4767/3720
f 3710/4767/3720 3709/4770/3719 3510/4771/3520 3560/4563/3570
f 3711/4768/3721 3710/4767/3720 3560/4563/3570 3559/4562/3569
f 3709/4765/3719 3708/4764/3718 3511/4510/3521 3510/4509/3520
f 3712/4772/3722 3713/4773/3723 3714/4774/3724 3715/4775/3725
f 3552/4776/3562 3716/4777/3726 3559/4562/3569 3553/4565/3563
f 3717/4778/3727 849/975/845 848/974/844 3718/4779/3728
f 3660/4686/3670 3663/4689/3673 3719/4780/3729 3720/4781/3730
f 3663/4689/3673 3487/4483/3497 3361/4338/3371 3719/4780/3729
f 3719/4780/3729 3361/4338/3371 3360/4337/3370 3520/4782/3530
f 3720/4783/3730 3719/4784/3729 3520/4519/3530 3493/4489/3503
f 3660/4686/3670 3720/4781/3730 3721/4785/3731 3664/4695/3674
f 3720/4781/3730 3493/4786/3503 3496/4787/3506 3721/4785/3731
f 3721/4785/3731 3496/4787/3506 3501/4762/3511 3700/4748/3710
f 3664/4695/3674 3721/4785/3731 3700/4748/3710 3614/4625/3624
f 3589/4597/3599 3522/4524/3532 3360/4788/3370 3359/4789/3369
f 3182/4126/3192 290/298/286 376/406/372 3259/4224/3269
f 3722/4790/3732 3723/4791/3733 3457/4447/3467 3724/4792/3734
f 3276/4248/3286 3275/4247/3285 3725/4793/3735 3726/4794/3736
f 3724/4792/3734 3457/4447/3467 3277/4249/3287 3509/4508/3519
f 3554/4557/3564 3562/4568/3572 3727/4795/3737 3728/4796/3738
f 3562/4568/3572 3504/4503/3514 3507/4506/3517 3727/4795/3737
f 3727/4795/3737 3507/4506/3517 3502/4501/3512 3729/4797/3739
f 3728/4796/3738 3727/4795/3737 3729/4797/3739 3730/4798/3740
f 3731/4799/3741 3730/4798/3740 3729/4797/3739 3458/4448/3468
f 3458/4448/3468 3729/4797/3739 3502/4501/3512 3278/4250/3288
f 3732/4800/3742 3733/4801/3743 3734/4802/3744 3735/4803/3745
f 3733/4801/3743 3722/4790/3732 3724/4792/3734 3734/4802/3744
f 3734/4802/3744 3724/4792/3734 3509/4508/3519 3712/4772/3722
f 3735/4803/3745 3734/4802/3744 3712/4772/3722 3715/4775/3725
f 3509/4508/3519 3508/4507/3518 3713/4773/3723 3712/4772/3722
f 3736/4804/3746 3737/4805/3747 3738/4806/3748 3739/4807/3749
f 3740/4808/3750 3741/4809/3751 3742/4810/3752 3743/4811/3753
f 3741/4809/3751 3246/4208/3256 3247/4209/3257 3742/4810/3752
f 3742/4812/3752 3247/4216/3257 3252/4217/3262 3744/4813/3754
f 3144/4088/3154 3143/4087/3153 3342/4319/3352 3341/4318/3351
f 3745/4814/3755 3328/4304/3338 3149/4093/3159 3746/4815/3756
f 3180/4816/3190 3179/4817/3189 3391/4370/3401 3390/4369/3400
f 3127/4818/3137 3483/4477/3493 3747/4819/3757 3128/4084/3138
f 3623/4634/3633 3227/4181/3237 3229/4183/3239 3624/4635/3634
f 3226/4180/3236 3225/4179/3235 3748/4820/3758 3749/4821/3759
f 3624/4822/3634 3229/4185/3239 3180/4188/3190 3390/4823/3400
f 3625/4824/3635 3624/4825/3634 3390/4369/3400 3393/4372/3403
f 3750/4826/3760 3751/4827/3761 3752/4828/3762 3753/4829/3763
f 3752/4828/3762 3754/4830/3764 3213/4167/3223 3755/4831/3765
f 3753/4829/3763 3752/4828/3762 3755/4831/3765 3756/4832/3766
f 3756/4832/3766 3755/4831/3765 3757/4833/3767 3758/4834/3768
f 3755/4831/3765 3213/4167/3223 3214/4168/3224 3757/4833/3767
f 3757/4833/3767 3214/4168/3224 3221/4175/3231 3759/4835/3769
f 3758/4834/3768 3757/4833/3767 3759/4835/3769 3760/4836/3770
f 3148/4092/3158 3147/4091/3157 3210/4164/3220 3209/4163/3219
f 3063/4001/3073 3062/4000/3072 3761/4837/3771 3762/4838/3772
f 3343/4320/3353 3342/4319/3352 3763/4839/3773 3764/4840/3774
f 3342/4319/3352 3143/4087/3153 3200/4841/3210 3763/4839/3773
f 3763/4839/3773 3200/4841/3210 3204/4842/3214 3765/4843/3775
f 3764/4840/3774 3763/4839/3773 3765/4843/3775 3766/4844/3776
f 3321/4297/3331 3320/4296/3330 3317/4845/3327 3316/4846/3326
f 3282/4254/3292 3767/4847/3777 3768/4848/3778 3283/4255/3293
f 3769/4849/3779 3770/4850/3780 3771/4851/3781 3772/4852/3782
f 3770/4853/3780 3194/4139/3204 3195/4142/3205 3771/4854/3781
f 3771/4854/3781 3195/4142/3205 3185/4129/3195 3773/4855/3783
f 3772/4856/3782 3771/4854/3781 3773/4855/3783 3774/4857/3784
f 3774/4857/3784 3773/4855/3783 3775/4858/3785 3776/4859/3786
f 3773/4855/3783 3185/4129/3195 3188/4132/3198 3775/4858/3785
f 3775/4858/3785 3188/4132/3198 306/315/302 908/1056/904
f 3776/4859/3786 3775/4858/3785 908/1056/904 909/1057/905
f 3777/4860/3787 911/1059/907 37/39/33 2945/3883/2955
f 3705/4755/3715 3704/4754/3714 3778/4861/3788 3779/4862/3789
f 3779/4862/3789 3778/4861/3788 3780/4863/3790 3736/4804/3746
f 3781/4864/3791 3779/4862/3789 3736/4804/3746 3739/4807/3749
f 3780/4863/3790 3782/4865/3792 3737/4805/3747 3736/4804/3746
f 3658/4866/3668 3783/4867/3793 3784/4868/3794 3659/4869/3669
f 3658/4684/3668 3697/4742/3707 3785/4870/3795 3783/4871/3793
f 3697/4742/3707 3692/4732/3702 3691/4731/3701 3785/4870/3795
f 3785/4870/3795 3691/4731/3701 3690/4730/3700 3786/4872/3796
f 3783/4867/3793 3785/4873/3795 3786/4874/3796 3782/4865/3792
f 3784/4868/3794 3783/4867/3793 3782/4865/3792 3780/4863/3790
f 3670/4703/3680 3787/4875/3797 3788/4876/3798 3671/4704/3681
f 3684/4722/3694 3683/4721/3693 3789/4877/3799 3698/4745/3708
f 3683/4721/3693 3671/4704/3681 3788/4876/3798 3789/4877/3799
f 3789/4877/3799 3788/4876/3798 3738/4878/3748 3790/4879/3800
f 3698/4746/3708 3789/4880/3799 3790/4881/3800 3699/4747/3709
f 3788/4876/3798 3787/4875/3797 3739/4882/3749 3738/4878/3748
f 3459/4449/3469 3791/4883/3801 3453/4443/3463 3015/3953/3025
f 3615/4626/3625 3701/4749/3711 3792/4884/3802 3793/4885/3803
f 3701/4749/3711 3606/4763/3616 3794/4886/3804 3792/4884/3802
f 3792/4884/3802 3794/4886/3804 3795/4887/3805 3796/4888/3806
f 3793/4885/3803 3792/4884/3802 3796/4888/3806 3639/4652/3649
f 3667/4700/3677 3797/4889/3807 3586/4594/3596 3648/4670/3658
f 3586/4594/3596 3797/4889/3807 3669/4702/3679 3587/4595/3597
f 3558/4561/3568 3557/4560/3567 3604/4738/3614 3584/4592/3594
f 3797/4889/3807 3667/4700/3677 3679/4717/3689 3798/4890/3808
f 3669/4702/3679 3797/4889/3807 3798/4890/3808 3670/4703/3680
f 3615/4626/3625 3793/4885/3803 3799/4891/3809 3616/4627/3626
f 3793/4885/3803 3639/4652/3649 3642/4655/3652 3799/4891/3809
f 3799/4891/3809 3642/4655/3652 3599/4659/3609 3800/4892/3810
f 3616/4627/3626 3799/4891/3809 3800/4892/3810 3567/4646/3577
f 3567/4573/3577 3800/4893/3810 3588/4596/3598 3568/4574/3578
f 3800/4893/3810 3599/4894/3609 3602/4669/3612 3588/4596/3598
f 3707/4761/3717 3583/4591/3593 3680/4718/3690 3706/4758/3716
f 3606/4616/3616 3605/4615/3615 3801/4895/3811 3794/4896/3804
f 3605/4615/3615 3607/4618/3617 3802/4897/3812 3801/4895/3811
f 3801/4895/3811 3802/4897/3812 3803/4898/3813 3804/4899/3814
f 3794/4896/3804 3801/4895/3811 3804/4899/3814 3795/4900/3805
f 3714/4774/3724 3713/4773/3723 3805/4901/3815 3806/4902/3816
f 3713/4773/3723 3508/4507/3518 3807/4903/3817 3805/4901/3815
f 3805/4901/3815 3807/4903/3817 3808/4904/3818 3751/4827/3761
f 3806/4902/3816 3805/4901/3815 3751/4827/3761 3750/4826/3760
f 3635/4648/3645 3652/4677/3662 3809/4905/3819 3708/4764/3718
f 3652/4677/3662 3810/4906/3820 3811/4907/3821 3809/4905/3819
f 3809/4905/3819 3811/4907/3821 3812/4908/3822 3813/4909/3823
f 3708/4764/3718 3809/4905/3819 3813/4909/3823 3511/4510/3521
f 3682/4720/3692 3814/4910/3824 3706/4758/3716 3680/4718/3690
f 3706/4758/3716 3814/4910/3824 3703/4911/3713 3594/4759/3604
f 3814/4910/3824 3682/4720/3692 3688/4728/3698 3815/4912/3825
f 3703/4753/3713 3814/4913/3824 3815/4914/3825 3704/4754/3714
f 3524/4915/3534 3816/4916/3826 3817/4917/3827 3673/4918/3683
f 3817/4917/3827 3654/4679/3664 3580/4588/3590 3818/4919/3828
f 3673/4918/3683 3817/4917/3827 3818/4919/3828 3592/4920/3602
f 3592/4920/3602 3818/4919/3828 3707/4761/3717 3593/4760/3603
f 3818/4919/3828 3580/4588/3590 3583/4591/3593 3707/4761/3717
f 3511/4510/3521 3813/4909/3823 3819/4921/3829 3512/4511/3522
f 3813/4909/3823 3812/4908/3822 3820/4922/3830 3819/4921/3829
f 3819/4921/3829 3820/4922/3830 3821/4923/3831 3822/4924/3832
f 3726/4794/3736 3725/4793/3735 3218/4172/3228 3217/4171/3227
f 3275/4247/3285 3503/4502/3513 3823/4925/3833 3725/4793/3735
f 3725/4793/3735 3823/4925/3833 3235/4197/3245 3218/4172/3228
f 3216/4170/3226 3215/4169/3225 3230/4189/3240 3228/4182/3238
f 3505/4504/3515 3822/4924/3832 3824/4926/3834 3506/4505/3516
f 3822/4924/3832 3821/4923/3831 3825/4927/3835 3824/4926/3834
f 3824/4926/3834 3825/4927/3835 3235/4197/3245 3823/4925/3833
f 3506/4505/3516 3824/4926/3834 3823/4925/3833 3503/4502/3513
f 3508/4507/3518 3276/4248/3286 3726/4794/3736 3807/4903/3817
f 3807/4903/3817 3726/4794/3736 3217/4171/3227 3808/4904/3818
f 3787/4875/3797 3670/4703/3680 3798/4890/3808 3826/4928/3836
f 3826/4928/3836 3798/4890/3808 3679/4717/3689 3678/4716/3688
f 3659/4869/3669 3784/4868/3794 3827/4929/3837 3687/4930/3697
f 3784/4868/3794 3780/4863/3790 3778/4861/3788 3827/4929/3837
f 3827/4929/3837 3778/4861/3788 3704/4754/3714 3815/4914/3825
f 3687/4930/3697 3827/4929/3837 3815/4914/3825 3688/4931/3698
f 3621/4932/3631 3331/4308/3341 3090/4307/3100 3089/4933/3099
f 3828/4934/3838 3071/4009/3081 3087/4025/3097 3608/4619/3618
f 2948/3886/2958 2947/3885/2957 3451/4438/3461 3475/4469/3485
f 3026/3964/3036 2948/4407/2958 3475/4935/3485 3027/3965/3037
f 3450/4442/3460 3452/4441/3462 3464/4454/3474 3463/4453/3473
f 3432/4419/3442 3829/4936/3839 3830/4937/3840 3433/4420/3443
f 3464/4454/3474 3452/4441/3462 3467/4459/3477 3831/4938/3841
f 3454/4444/3464 3464/4454/3474 3831/4938/3841 3455/4445/3465
f 3621/4932/3631 3832/4939/3842 3833/4940/3843 3331/4308/3341
f 3091/4941/3101 3090/4307/3100 3330/4306/3340 3627/4638/3637
f 3834/4942/3844 3619/4630/3629 3612/4623/3622 3835/4943/3845
f 3836/4944/3846 3010/4945/3020 3837/4946/3847 3838/4947/3848
f 3010/3948/3020 3009/3947/3019 3839/4948/3849 3837/4949/3847
f 3837/4946/3847 3839/4950/3849 3020/3958/3030 3017/3955/3027
f 3838/4947/3848 3837/4946/3847 3017/3955/3027 3016/3954/3026
f 3840/4951/3850 3841/4952/3851 3842/4953/3852 3843/4954/3853
f 3841/4955/3851 3844/4956/3854 3845/4957/3855 3842/4958/3852
f 3842/4953/3852 3845/4959/3855 3122/4064/3132 3125/4067/3135
f 3843/4954/3853 3842/4953/3852 3125/4067/3135 3833/4940/3843
f 3846/4960/3856 3847/4961/3857 3848/4962/3858 3849/4963/3859
f 3847/4961/3857 3840/4951/3850 3843/4954/3853 3848/4962/3858
f 3848/4962/3858 3843/4954/3853 3833/4940/3843 3832/4939/3842
f 3849/4963/3859 3848/4962/3858 3832/4939/3842 3850/4964/3860
f 3851/4965/3861 3007/3945/3017 3852/4966/3862 3853/4967/3863
f 3007/3945/3017 3006/3944/3016 3854/4968/3864 3852/4966/3862
f 3852/4966/3862 3854/4968/3864 3630/4641/3640 3629/4640/3639
f 3853/4967/3863 3852/4966/3862 3629/4640/3639 3855/4969/3865
f 3448/4970/3458 3450/4442/3460 3463/4453/3473 3856/4971/3866
f 3856/4971/3866 3463/4453/3473 3453/4443/3463 3791/4883/3801
f 3829/4936/3839 3462/4452/3472 3461/4451/3471 3830/4937/3840
f 3857/4972/3867 3440/4427/3450 3410/4391/3420 3858/4973/3868
f 3830/4937/3840 3461/4451/3471 3859/4974/3869 3860/4975/3870
f 3433/4420/3443 3830/4937/3840 3860/4975/3870 3445/4432/3455
f 3620/4631/3630 3072/4010/3082 3071/4009/3081 3828/4934/3838
f 3861/4976/3871 3862/4977/3872 3863/4978/3873 3864/4979/3874
f 3073/4011/3083 3072/4010/3082 3619/4630/3629 3834/4942/3844
f 3865/4980/3875 3609/4620/3619 3087/4025/3097 3086/4024/3096
f 3747/4819/3757 3483/4477/3493 3482/4476/3492 3866/4981/3876
f 3867/4982/3877 3868/4983/3878 3869/4984/3879 3870/4985/3880
f 3870/4985/3880 3869/4984/3879 3871/4986/3881 3872/4987/3882
f 3867/4982/3877 3870/4985/3880 3866/4981/3876 3137/4988/3147
f 3226/4989/3236 3749/4990/3759 3140/4082/3150 3154/4098/3164
f 3257/4222/3267 3873/4991/3883 3874/4992/3884 3258/4223/3268
f 3875/4993/3885 3286/4258/3296 3289/4261/3299 3876/4994/3886
f 3876/4994/3886 3289/4261/3299 409/446/405 1011/1194/1007
f 3258/4223/3268 3874/4992/3884 1012/1195/1008 373/403/369
f 3877/4995/3887 3878/4996/3888 3879/4997/3889 3880/4998/3890
f 3878/4999/3888 3875/4993/3885 3873/5000/3883 3879/5001/3889
f 3880/5002/3890 3879/5003/3889 3309/4285/3319 3043/3981/3053
f 3881/5004/3891 3744/5005/3754 3882/5006/3892 3883/5007/3893
f 3744/4813/3754 3252/4217/3262 3274/4245/3284 3882/5008/3892
f 3882/5008/3892 3274/4245/3284 3194/4139/3204 3770/4853/3780
f 3883/5007/3893 3882/5006/3892 3770/4850/3780 3769/4849/3779
f 3319/4295/3329 3767/4847/3777 3884/5009/3894 3885/5010/3895
f 3767/4847/3777 3282/4254/3292 3287/4259/3297 3884/5009/3894
f 3884/5009/3894 3287/4259/3297 3286/4258/3296 3886/5011/3896
f 3885/5010/3895 3884/5009/3894 3886/5011/3896 3887/5012/3897
f 3888/5013/3898 3889/5014/3899 3890/5015/3900 3891/5016/3901
f 3890/5017/3900 3880/5002/3890 3043/3981/3053 3046/3984/3056
f 3891/5018/3901 3890/5017/3900 3046/3984/3056 3051/3989/3061
f 3766/4844/3776 3765/4843/3775 3892/5019/3902 3893/5020/3903
f 3765/4843/3775 3204/4842/3214 3894/5021/3904 3892/5019/3902
f 3892/5019/3902 3894/5021/3904 3246/4208/3256 3741/4809/3751
f 3893/5020/3903 3892/5019/3902 3741/4809/3751 3740/4808/3750
f 3051/3989/3061 3050/3988/3060 3895/5022/3905 3896/5023/3906
f 3050/3988/3060 3049/3987/3059 3897/5024/3907 3895/5022/3905
f 3895/5022/3905 3897/5024/3907 3270/4237/3280 3305/4277/3315
f 3896/5023/3906 3895/5022/3905 3305/4277/3315 3304/4276/3314
f 3049/3987/3059 3248/4283/3258 3238/4200/3248 3897/5024/3907
f 3897/5024/3907 3238/4200/3248 3241/4203/3251 3270/4237/3280
f 3204/4842/3214 3202/4239/3212 3264/4230/3274 3894/5021/3904
f 3894/5021/3904 3264/4230/3274 3240/4202/3250 3246/4208/3256
f 3298/4270/3308 3301/4273/3311 3898/5025/3908 3899/5026/3909
f 3301/4273/3311 3303/4275/3313 3340/4317/3350 3898/5025/3908
f 3900/5027/3910 3901/5028/3911 3326/4302/3336 3323/4299/3333
f 3902/5029/3912 3900/5027/3910 3323/4299/3333 3322/4298/3332
f 3902/5029/3912 3903/5030/3913 3904/5031/3914 3899/5026/3909
f 3903/5030/3913 3905/5032/3915 3906/5033/3916 3904/5031/3914
f 3904/5031/3914 3906/5033/3916 3304/5034/3314 3307/4281/3317
f 3899/5026/3909 3904/5031/3914 3307/4281/3317 3298/4270/3308
f 3281/4253/3291 3311/4287/3321 3907/5035/3917 3325/4301/3335
f 3311/4287/3321 3313/4289/3323 3908/5036/3918 3907/5035/3917
f 3907/5035/3917 3908/5036/3918 3909/5037/3919 3910/5038/3920
f 3325/4301/3335 3907/5035/3917 3910/5038/3920 3322/4298/3332
f 3304/4276/3314 3906/5039/3916 3911/5040/3921 3896/5023/3906
f 3905/5032/3915 3909/5037/3919 3912/5041/3922 3913/5042/3923
f 3913/5042/3923 3912/5041/3922 3914/5043/3924 3888/5013/3898
f 3896/5023/3906 3911/5040/3921 3891/5018/3901 3051/3989/3061
f 3317/4293/3327 3915/5044/3925 3916/5045/3926 3315/4291/3325
f 3915/5044/3925 3914/5043/3924 3912/5041/3922 3916/5045/3926
f 3916/5045/3926 3912/5041/3922 3909/5037/3919 3908/5036/3918
f 3315/4291/3325 3916/5045/3926 3908/5036/3918 3313/4289/3323
f 3484/5046/3494 3483/5047/3493 3127/4069/3137 3917/5048/3927
f 3261/5049/3271 3153/4097/3163 3139/4081/3149 3918/5050/3928
f 3919/5051/3929 3920/5052/3930 3921/5053/3931 3922/5054/3932
f 3920/5052/3930 3923/5055/3933 3924/5056/3934 3921/5053/3931
f 3921/5053/3931 3924/5056/3934 3925/5057/3935 3926/5058/3936
f 3922/5054/3932 3921/5053/3931 3926/5058/3936 3927/5059/3937
f 3928/5060/3938 3138/5061/3148 3482/4476/3492 3481/4475/3491
f 3929/5062/3939 3930/5063/3940 3923/5055/3933 3920/5052/3930
f 3931/5064/3941 3929/5062/3939 3920/5052/3930 3919/5051/3929
f 3128/4084/3138 3747/4819/3757 3872/4987/3882 3003/3941/3013
f 3747/4819/3757 3866/4981/3876 3870/4985/3880 3872/4987/3882
f 3872/4987/3882 3871/4986/3881 3000/3938/3010 3003/3941/3013
f 3932/5065/3942 3446/4433/3456 3609/4620/3619 3865/4980/3875
f 3760/4836/3770 3759/4835/3769 3623/4634/3633 3622/4633/3632
f 3759/4835/3769 3221/4175/3231 3227/4181/3237 3623/4634/3633
f 3933/5066/3943 3465/4455/3475 3462/4452/3472 3829/4936/3839
f 3025/3963/3035 3934/5067/3944 3935/5068/3945 3936/5069/3946
f 3410/4391/3420 3440/4427/3450 3442/4429/3452 3411/4392/3421
f 3230/4189/3240 3223/4177/3233 3222/4176/3232 3228/4182/3238
f 3215/4169/3225 3234/4196/3244 3133/4075/3143 3230/4189/3240
f 3221/4175/3231 3216/4170/3226 3228/4182/3238 3227/4181/3237
f 3234/4196/3244 3937/5070/3947 3134/4076/3144 3133/4075/3143
f 3937/5070/3947 3938/5071/3948 3225/4179/3235 3134/4076/3144
f 3611/5072/3621 3850/4964/3860 3832/4939/3842 3621/4932/3631
f 3939/5073/3949 3608/4619/3618 3001/3939/3011 3000/3938/3010
f 3004/3942/3014 3940/5074/3950 3941/5075/3951 3942/5076/3952
f 3943/5077/3953 3944/5078/3954 3945/5079/3955 3946/5080/3956
f 3041/3979/3051 2996/3934/3006 3942/5076/3952 3941/5075/3951
f 2996/3934/3006 2995/3933/3005 3947/5081/3957 3942/5076/3952
f 3941/5075/3951 3940/5074/3950 3948/5082/3958 3949/5083/3959
f 3485/4479/3495 3486/4480/3496 3950/5084/3960 3951/5085/3961
f 3486/4480/3496 3437/4424/3447 3438/4425/3448 3950/5084/3960
f 3950/5084/3960 3438/4425/3448 3439/4426/3449 3952/5086/3962
f 3951/5085/3961 3950/5084/3960 3952/5086/3962 3953/5087/3963
f 3935/5068/3945 3934/5067/3944 3426/4412/3436 3425/4411/3435
f 3373/4350/3383 3954/5088/3964 3380/5089/3390 3374/4351/3384
f 3935/5068/3945 3425/4411/3435 3436/4423/3446 3955/5090/3965
f 3936/5069/3946 3935/5068/3945 3955/5090/3965 3956/5091/3966
f 3957/5092/3967 1094/1294/1090 911/1059/907 3777/4860/3787
f 3958/5093/3968 1098/1298/1094 1097/1297/1093 3959/5094/3969
f 3039/5095/3049 3419/4403/3429 3170/4114/3180 3097/4035/3107
f 3098/4036/3108 3173/4117/3183 3403/4383/3413 3430/4417/3440
f 3350/4327/3360 3353/4330/3363 3960/5096/3970 3961/5097/3971
f 3962/5098/3972 3963/5099/3973 3964/5100/3974 3965/5101/3975
f 3966/5102/3976 3967/5103/3977 3968/5104/3978 3959/5094/3969
f 3969/5105/3979 3970/5106/3980 3971/5107/3981 3972/5108/3982
f 22/5109/3983 19/5110/3984 3973/5111/3985 3974/5112/3986
f 3975/5113/3987 3976/5114/3988 3977/5115/3989 3978/5116/3990
f 3979/5117/3991 3980/5118/3992 3981/5119/3993 3982/5120/3994
f 3983/5121/3995 3958/5093/3968 3959/5094/3969 3968/5104/3978
f 3984/5122/3996 3985/5123/3997 3986/5124/3998 3987/5125/3999
f 3988/5126/4000 3989/5127/4001 3990/5128/4002 3064/4002/3074
f 3988/5126/4000 1131/1334/1129 1130/1333/1128 3989/5127/4001
f 3991/5129/4003 3992/5130/4004 3993/5131/4005 3994/5132/4006
f 3991/5129/4003 1137/1340/1135 1136/1339/1134 3992/5130/4004
f 3995/5133/4007 1141/1344/1139 1140/1343/1138 3996/5134/4008
f 3996/5134/4008 1140/1343/1138 1143/1346/1141 3997/5135/4009
f 3998/5136/4010 3999/5137/4011 4000/5138/4012 4001/5139/4013
f 4002/5140/4014 4003/5141/4015 4004/5142/4016 4005/5143/4017
f 4005/5144/4017 4004/5145/4016 4006/5146/4018 4007/5147/4019
f 4007/5147/4019 4008/5148/4020 4009/5149/4021 4010/5150/4022
f 4011/5151/4023 1158/1363/1156 1141/1344/1139 3995/5133/4007
f 4012/5152/4024 4013/5153/4025 4014/5154/4026 4015/5155/4027
f 4016/5156/4028 4017/5157/4029 4018/5158/4030 4019/5159/4031
f 4020/5160/4032 4021/5161/4033 4010/5150/4022 4009/5149/4021
f 4022/5162/4034 4023/5163/4035 4024/5164/4036 4025/5165/4037
f 4026/5166/4038 4027/5167/4039 4028/5168/4040 4029/5169/4041
f 4030/5170/4042 4031/5171/4043 4032/5172/4044 4033/5173/4045
f 3084/4022/3094 1183/1388/1181 1182/1387/1180 4034/5174/4046
f 4034/5174/4046 1182/1387/1180 1185/1390/1183 4035/5175/4047
f 3942/5076/3952 3947/5081/3957 3005/3943/3015 3004/3942/3014
f 3369/4346/3379 3368/4345/3378 4036/5176/4048 4037/5177/4049
f 3063/4001/3073 3762/4838/3772 4038/5178/4050 2993/3931/3003
f 3761/4837/3771 2977/3915/2987 3351/4328/3361 4039/5179/4051
f 4040/5180/4052 3175/4119/3185 3290/4262/3300 4041/5181/4053
f 3954/5088/3964 3373/4350/3383 4042/5182/4054 4043/5183/4055
f 3380/4357/3390 3954/5184/3964 3364/5185/3374 3363/4358/3373
f 3373/4350/3383 3372/4349/3382 4044/5186/4056 4042/5182/4054
f 3384/4362/3394 3383/4361/3393 4045/5187/4057 3398/5188/3408
f 4046/5189/4058 2991/3929/3001 4047/5190/4059 3382/4360/3392
f 3056/5191/3066 4048/5192/4060 2963/3901/2973 2962/3900/2972
f 4049/5193/4061 3858/4973/3868 3410/4391/3420 3409/4390/3419
f 4050/5194/4062 4051/5195/4063 3408/5196/3418 3407/5197/3417
f 3058/3996/3068 3061/3999/3071 3060/3998/3070 4052/5198/4064
f 3291/4263/3301 4047/5190/4059 2991/3929/3001 2990/3928/3000
f 2963/3901/2973 4048/5192/4060 3059/3997/3069 2980/3918/2990
f 2977/3915/2987 3761/4837/3771 3062/4000/3072 2978/3916/2988
f 4053/5199/4065 4054/5200/4066 4055/5201/4067 4056/5202/4068
f 4057/5203/4069 4058/5204/4070 3328/4304/3338 3745/4814/3755
f 4059/5205/4071 4060/5206/4072 3104/4044/3114 3103/4043/3113
f 3768/4848/3778 3767/4847/3777 3319/4295/3329 3318/4294/3328
f 3053/4385/3063 3040/3978/3050 3039/3977/3049 3097/5207/3107
f 4061/5208/4073 3350/4327/3360 3961/5097/3971 4062/5209/4074
f 3316/4846/3326 4063/5210/4075 4064/5211/4076 3321/4297/3331
f 4059/5205/4071 3067/4005/3077 3066/4004/3076 4060/5206/4072
f 3284/4256/3294 4065/5212/4077 4066/5213/4078 430/471/426
f 4067/5214/4079 4068/5215/4080 3414/4395/3424 3413/4394/3423
f 4065/5212/4077 4069/5216/4081 4070/5217/4082 4066/5213/4078
f 3416/4397/3426 3415/4396/3425 4069/5216/4081 4065/5212/4077
f 3111/4051/3121 3864/4979/3874 4071/5218/4083 4072/5219/4084
f 3283/4255/3293 3416/4397/3426 4065/5212/4077 3284/4256/3294
f 3768/4848/3778 3413/4394/3423 3416/4397/3426 3283/4255/3293
f 3318/4294/3328 4067/5214/4079 3413/4394/3423 3768/4848/3778
f 3314/5220/3324 4073/5221/4085 4063/5210/4075 3316/4846/3326
f 3312/4288/3322 4074/5222/4086 4073/5223/4085 3314/4290/3324
f 3280/4252/3290 4075/5224/4087 4076/5225/4088 3310/4286/3320
f 3310/4286/3320 4076/5225/4088 4074/5222/4086 3312/4288/3322
f 3864/4979/3874 3863/4978/3873 3126/4068/3136 4071/5218/4083
f 3317/4293/3327 3320/5226/3330 4077/5227/4089 3915/5044/3925
f 3320/4296/3330 3319/4295/3329 3885/5010/3895 4077/5228/4089
f 4077/5228/4089 3885/5010/3895 3887/5012/3897 4078/5229/4090
f 3915/5044/3925 4077/5227/4089 4078/5230/4090 3914/5043/3924
f 3068/5231/3078 4060/5206/4072 3066/4004/3076 4079/5232/4091
f 3064/4002/3074 3067/4005/3077 4080/5233/4092 3988/5126/4000
f 4081/5234/4093 3065/5235/3075 4082/5236/4094 4083/5237/4095
f 3762/4838/3772 3761/4837/3771 4039/5179/4051 3367/4344/3377
f 4081/5234/4093 3353/4330/3363 3352/4329/3362 4079/5238/4091
f 3065/4003/3075 3064/4002/3074 3990/5128/4002 4082/5239/4094
f 4059/5205/4071 4084/5240/4096 4080/5233/4092 3067/4005/3077
f 3368/4345/3378 4061/5208/4073 4062/5209/4074 4036/5176/4048
f 3994/5241/4006 3990/5128/4002 3989/5127/4001 3991/5242/4003
f 3297/5243/3307 3261/5049/3271 3918/5050/3928 4085/5244/4097
f 3125/4067/3135 3124/4066/3134 3331/4308/3341 3833/4940/3843
f 3391/4370/3401 3209/4163/3219 3212/4166/3222 3392/4371/3402
f 3930/5063/3940 3928/5245/3938 3481/5246/3491 3923/5055/3933
f 3481/5246/3491 3484/5046/3494 3924/5056/3934 3923/5055/3933
f 3295/5247/3305 3260/5248/3270 3261/5049/3271 3297/5243/3307
f 3179/4817/3189 3148/4092/3158 3209/4163/3219 3391/4370/3401
f 3178/4122/3188 3145/4155/3155 3148/5249/3158 3179/4123/3189
f 3266/4232/3276 3109/4049/3119 3260/4225/3270 3295/4267/3305
f 3203/4156/3213 3106/4046/3116 3109/4049/3119 3266/4232/3276
f 3961/5097/3971 3960/5096/3970 4086/5250/4098 4087/5251/4099
f 3864/4979/3874 3111/4051/3121 3110/4050/3120 3861/4976/3871
f 4088/5252/4100 4089/5253/4101 3123/5254/3133 3122/5255/3132
f 4090/5256/4102 4091/5257/4103 3349/4326/3359 3113/4053/3123
f 4091/5257/4103 4092/5258/4104 3354/4331/3364 3349/4326/3359
f 4093/5259/4105 4094/5260/4106 4041/5181/4053 4095/5261/4107
f 3176/4120/3186 3112/4052/3122 3155/4099/3165 3157/4101/3167
f 4093/5259/4105 4096/5262/4108 3944/5078/3954 4094/5260/4106
f 3364/5185/3374 3954/5184/3964 4043/5263/4055 4097/5264/4109
f 3333/5265/3343 4098/5266/4110 4099/5267/4111 4100/5268/4112
f 3337/4314/3347 3345/4322/3355 3243/4205/3253 3242/4204/3252
f 3408/5269/3418 3379/4356/3389 3363/4358/3373 3366/5270/3376
f 3173/4117/3183 3098/4036/3108 3097/4035/3107 3170/4114/3180
f 3381/4359/3391 3384/4362/3394 3376/5271/3386 4101/5272/4113
f 3365/4342/3375 3364/4341/3374 4097/5273/4109 3405/4386/3415
f 4102/5274/4114 2988/3926/2998 4101/5272/4113 4103/5275/4115
f 2988/3926/2998 2987/3925/2997 3381/4359/3391 4101/5272/4113
f 4101/5272/4113 3376/5271/3386 3375/5276/3385 4103/5275/4115
f 3174/4118/3184 4104/5277/4116 4047/5190/4059 3291/4263/3301
f 2945/3883/2955 2944/3882/2954 3105/4045/3115 4105/5278/4117
f 4106/5279/4118 4107/5280/4119 3994/5281/4006 3993/5282/4005
f 4108/5283/4120 4109/5284/4121 4110/5285/4122 4111/5286/4123
f 1262/1502/1260 4080/5233/4092 4084/5240/4096 1263/1503/1261
f 4022/5162/4034 4112/5287/4124 3967/5103/3977 4023/5163/4035
f 4041/5181/4053 4094/5260/4106 4113/5288/4125 4040/5180/4052
f 3400/4380/3410 2997/3935/3007 3042/3980/3052 3401/4381/3411
f 4092/5258/4104 4091/5257/4103 4113/5288/4125 3943/5077/3953
f 2999/3937/3009 3932/5065/3942 3947/5081/3957 2995/3933/3005
f 3113/4053/3123 3112/4052/3122 3176/4120/3186 4090/5256/4102
f 3111/4051/3121 4072/5219/4084 3155/4099/3165 3112/4052/3122
f 3926/5058/3936 4114/5289/4126 3746/4815/3756 3927/5059/3937
f 4115/5290/4127 4116/5291/4128 3791/4883/3801 3459/4449/3469
f 3372/4349/3382 3409/4390/3419 3412/4393/3422 4044/5186/4056
f 4072/5219/4084 3101/4039/3111 3100/4038/3110 3155/4099/3165
f 3609/4620/3619 3446/4433/3456 3002/3940/3012 3001/3939/3011
f 2994/3932/3004 2997/3935/3007 3400/4380/3410 3399/4379/3409
f 4117/5292/4129 4099/5267/4111 4118/5293/4130 4119/5294/4131
f 4120/5295/4132 4075/5224/4087 3329/4305/3339 4121/5296/4133
f 4058/5204/4070 4121/5296/4133 3329/4305/3339 3328/4304/3338
f 4073/5221/4085 4122/5297/4134 4123/5298/4135 4063/5210/4075
f 4074/5299/4086 4119/5294/4131 4122/5297/4134 4073/5221/4085
f 4120/5295/4132 4117/5300/4129 4076/5225/4088 4075/5224/4087
f 4076/5225/4088 4117/5300/4129 4119/5301/4131 4074/5222/4086
f 4063/5210/4075 4123/5298/4135 4124/5302/4136 4064/5211/4076
f 3321/4297/3331 4064/5211/4076 4067/5214/4079 3318/4294/3328
f 3861/4976/3871 4125/5303/4137 4114/5289/4126 3862/4977/3872
f 4126/5304/4138 4127/5305/4139 4128/5306/4140 4129/5307/4141
f 4099/5267/4111 4098/5266/4110 4130/5308/4142 4118/5293/4130
f 3350/4327/3360 4061/5208/4073 4039/5179/4051 3351/4328/3361
f 4120/5295/4132 4100/5309/4112 4099/5310/4111 4117/5300/4129
f 4069/5216/4081 4129/5307/4141 4131/5311/4143 4070/5217/4082
f 4129/5307/4141 4128/5306/4140 4132/5312/4144 4131/5311/4143
f 3415/4396/3425 4126/5304/4138 4129/5307/4141 4069/5216/4081
f 4068/5215/4080 4133/5313/4145 4134/5314/4146 3414/4395/3424
f 4064/5211/4076 4124/5302/4136 4068/5215/4080 4067/5214/4079
f 3110/4050/3120 4135/5315/4147 4125/5303/4137 3861/4976/3871
f 3414/4395/3424 4134/5314/4146 4126/5304/4138 3415/4396/3425
f 4119/5294/4131 4118/5293/4130 4136/5316/4148 4122/5297/4134
f 4122/5297/4134 4136/5316/4148 4137/5317/4149 4123/5298/4135
f 4121/5296/4133 3336/4313/3346 4100/5309/4112 4120/5295/4132
f 3353/4330/3363 4081/5234/4093 4083/5237/4095 3960/5096/3970
f 4058/5204/4070 3337/4314/3347 3336/4313/3346 4121/5296/4133
f 4135/5315/4147 3346/4323/3356 3345/4322/3355 4057/5203/4069
f 4125/5303/4137 4135/5315/4147 4057/5203/4069 3745/4814/3755
f 3101/4039/3111 4072/5219/4084 4071/5218/4083 3447/5318/3457
f 4114/5289/4126 4125/5303/4137 3745/4814/3755 3746/4815/3756
f 3447/5318/3457 4071/5218/4083 3126/4068/3136 3129/4071/3139
f 3901/5028/3911 3931/5064/3941 3919/5051/3929 3326/4302/3336
f 3919/5051/3929 3922/5054/3932 3327/4303/3337 3326/4302/3336
f 3327/4303/3337 3922/5054/3932 3927/5059/3937 3152/4096/3162
f 3302/4274/3312 3293/5319/3303 3338/4315/3348 3303/4275/3313
f 3211/5320/3221 3210/5321/3220 4138/5322/4150 4139/5323/4151
f 3210/4164/3220 3147/4091/3157 4140/5324/4152 4138/5325/4150
f 4138/5322/4150 4140/5326/4152 3144/4088/3154 3341/4318/3351
f 4139/5323/4151 4138/5322/4150 3341/4318/3351 3344/4321/3354
f 3269/4236/3279 3262/5327/3272 3293/5319/3303 3302/4274/3312
f 3199/4147/3209 3237/4199/3247 3262/4228/3272 3269/5328/3279
f 4057/5203/4069 3345/4322/3355 3337/4314/3347 4058/5204/4070
f 4140/5326/4152 3250/4214/3260 3141/4085/3151 3144/4088/3154
f 3113/4053/3123 3346/4323/3356 4135/5315/4147 3110/4050/3120
f 4141/5329/4153 4142/5330/4154 4143/5331/4155 4144/5332/4156
f 4145/5333/4157 4146/5334/4158 4147/5335/4159 4148/5336/4160
f 4149/5337/4161 2954/3892/2964 2957/3895/2967 3478/5338/3488
f 4146/5334/4158 4150/5339/4162 4151/5340/4163 4147/5335/4159
f 4089/5253/4101 1304/1558/1302 132/134/128 3034/3972/3044
f 2982/3920/2992 2985/3923/2995 3114/4055/3124 3102/5341/3112
f 4107/5342/4119 4082/5239/4094 3990/5128/4002 3994/5241/4006
f 3964/5100/3974 4152/5343/4164 4153/5344/4165 4154/5345/4166
f 4155/5346/4167 3995/5133/4007 3996/5134/4008 4156/5347/4168
f 4157/5348/4169 4106/5279/4118 3993/5282/4005 3983/5349/3995
f 4158/5350/4170 4023/5163/4035 3967/5103/3977 3966/5102/3976
f 4112/5287/4124 4159/5351/4171 3968/5104/3978 3967/5103/3977
f 4022/5352/4034 4160/5353/4172 4153/5344/4165 4112/5354/4124
f 4161/5355/4173 4025/5165/4037 4024/5164/4036 4155/5346/4167
f 3980/5118/3992 4162/5356/4174 4156/5347/4168 3981/5119/3993
f 4087/5251/4099 4086/5250/4098 4163/5357/4175 4164/5358/4176
f 4158/5350/4170 1318/1577/1316 1158/1363/1156 4011/5151/4023
f 4162/5356/4174 4161/5355/4173 4155/5346/4167 4156/5347/4168
f 4012/5152/4024 4165/5359/4177 4166/5360/4178 4013/5153/4025
f 3996/5134/4008 3997/5135/4009 3981/5119/3993 4156/5347/4168
f 4011/5151/4023 3995/5133/4007 4155/5346/4167 4024/5164/4036
f 3352/4329/3362 3351/4328/3361 2977/3915/2987 2976/3914/2986
f 2964/5361/2974 2967/5362/2977 4167/5363/4179 4168/5364/4180
f 3068/5231/3078 3069/4056/3079 3104/4044/3114 4060/5206/4072
f 4169/5365/4181 4107/5280/4119 4106/5279/4118 4170/5366/4182
f 4083/5237/4095 4082/5236/4094 4107/5280/4119 4169/5365/4181
f 1097/1297/1093 1325/1586/1323 3966/5102/3976 3959/5094/3969
f 4171/5367/4183 4157/5348/4169 4159/5368/4171 4152/5343/4164
f 4022/5352/4034 4025/5369/4037 4172/5370/4184 4160/5353/4172
f 4173/5371/4185 2968/3906/2978 2971/3909/2981 4174/5372/4186
f 2955/3893/2965 4048/5373/4060 3056/3994/3066 2956/3894/2966
f 4154/5345/4166 4175/5374/4187 4176/5375/4188 4177/5376/4189
f 4172/5370/4184 4025/5369/4037 4161/5377/4173 4178/5378/4190
f 4179/5379/4191 4162/5380/4174 3980/5381/3992 4165/5359/4177
f 4178/5378/4190 4161/5377/4173 4162/5380/4174 4179/5379/4191
f 3997/5135/4009 4180/5382/4192 3982/5120/3994 3981/5119/3993
f 4053/5199/4065 4056/5202/4068 4181/5383/4193 4182/5384/4194
f 4183/5385/4195 4179/5379/4191 4165/5359/4177 4012/5152/4024
f 3971/5107/3981 4178/5378/4190 4179/5379/4191 4183/5385/4195
f 3970/5106/3980 4172/5370/4184 4178/5378/4190 3971/5107/3981
f 4176/5375/4188 3976/5114/3988 3987/5125/3999 4177/5376/4189
f 4177/5376/4189 3987/5125/3999 3986/5124/3998 3965/5101/3975
f 3963/5099/3973 4171/5367/4183 4152/5343/4164 3964/5100/3974
f 4086/5250/4098 4169/5365/4181 4170/5366/4182 4163/5357/4175
f 3960/5096/3970 4083/5237/4095 4169/5365/4181 4086/5250/4098
f 1262/1502/1260 1131/1334/1129 3988/5126/4000 4080/5233/4092
f 3068/4006/3078 4079/5238/4091 3352/4329/3362 2976/3914/2986
f 4087/5251/4099 4184/5386/4196 4062/5209/4074 3961/5097/3971
f 3231/4400/3241 3055/3993/3065 3388/4366/3398 3417/4401/3427
f 3069/4056/3079 2985/3923/2995 2984/3922/2994 3104/4044/3114
f 2958/3896/2968 2954/3892/2964 4149/5337/4161 4185/5387/4197
f 4186/5388/4198 4168/5364/4180 4187/5389/4199 4188/5390/4200
f 4188/5390/4200 4034/5174/4046 4035/5175/4047 4186/5388/4198
f 4188/5390/4200 4187/5389/4199 4189/5391/4201 3085/4023/3095
f 4190/5392/4202 4191/5393/4203 4192/5394/4204 4193/5395/4205
f 4194/5396/4206 4195/5397/4207 4196/5398/4208 4197/5399/4209
f 4198/5400/4210 4055/5201/4067 4014/5154/4026 4013/5153/4025
f 4013/5153/4025 4166/5360/4178 4199/5401/4211 4198/5400/4210
f 4193/5395/4205 4192/5394/4204 4195/5397/4207 4194/5396/4206
f 2972/3910/2982 2973/3911/2983 4173/5371/4185 4174/5372/4186
f 4200/5402/4212 4201/5403/4213 4202/5404/4214 4203/5405/4215
f 4193/5395/4205 4194/5396/4206 4204/5406/4216 2974/3912/2984
f 4174/5372/4186 2971/3909/2981 4191/5393/4203 4190/5392/4202
f 4205/5407/4217 4206/5408/4218 4207/5409/4219 4208/5410/4220
f 4174/5372/4186 4190/5392/4202 2975/3913/2985 2972/3910/2982
f 4209/5411/4221 4210/5412/4222 4167/5413/4179 4211/5414/4223
f 4187/5389/4199 4210/5415/4222 4207/5416/4219 4189/5391/4201
f 4168/5364/4180 4167/5363/4179 4210/5415/4222 4187/5389/4199
f 4212/5417/4224 2970/5418/2980 2969/5419/2979 4213/5420/4225
f 2973/3911/2983 3083/4021/3093 3082/4020/3092 4173/5371/4185
f 4214/5421/4226 4215/5422/4227 4216/5423/4228 4217/5424/4229
f 4218/5425/4230 4219/5426/4231 4220/5427/4232 4221/5428/4233
f 3979/5429/3991 4222/5430/4234 4199/5401/4211 4166/5360/4178
f 4223/5431/4235 4224/5432/4236 4225/5433/4237 4226/5434/4238
f 4055/5201/4067 4054/5200/4066 4015/5155/4027 4014/5154/4026
f 4212/5417/4224 4217/5424/4229 4216/5423/4228 2970/5418/2980
f 3972/5108/3982 3971/5107/3981 4183/5385/4195 4227/5435/4239
f 4228/5436/4240 3978/5116/3990 3977/5115/3989 4229/5437/4241
f 4228/5436/4240 4230/5438/4242 4231/5439/4243 4020/5160/4032
f 3977/5115/3989 3969/5105/3979 3972/5108/3982 4229/5437/4241
f 4118/5293/4130 4130/5308/4142 4232/5440/4244 4136/5316/4148
f 3397/4376/3407 4233/5441/4245 3430/4417/3440 3403/4383/3413
f 4141/5329/4153 4234/5442/4246 4235/5443/4247 4142/5330/4154
f 4015/5155/4027 4054/5200/4066 4236/5444/4248 4227/5435/4239
f 4227/5435/4239 4236/5444/4248 4229/5437/4241 3972/5108/3982
f 4159/5368/4171 4112/5354/4124 4153/5344/4165 4152/5343/4164
f 3962/5098/3972 4237/5445/4249 4238/5446/4250 4164/5358/4176
f 4238/5446/4250 4184/5386/4196 4087/5251/4099 4164/5358/4176
f 4175/5374/4187 4160/5353/4172 4172/5370/4184 3970/5106/3980
f 4227/5435/4239 4183/5385/4195 4012/5152/4024 4015/5155/4027
f 4180/5447/4192 4239/5448/4251 4240/5449/4252 3982/5450/3994
f 4158/5350/4170 4011/5151/4023 4024/5164/4036 4023/5163/4035
f 2959/4042/2969 3059/3997/3069 4048/5192/4060 2955/5451/2965
f 4208/5410/4220 4207/5409/4219 4210/5412/4222 4209/5411/4221
f 4041/5181/4053 3290/4262/3300 3292/4264/3302 4095/5261/4107
f 4133/5313/4145 4241/5452/4253 4242/5453/4254 4134/5314/4146
f 4243/5454/4255 4244/5455/4256 4141/5329/4153 4144/5332/4156
f 2960/3898/2970 2989/3927/2999 4245/5456/4257 2961/3899/2971
f 3407/5197/3417 3386/4482/3396 3171/4115/3181 3420/4404/3430
f 4246/5457/4258 4247/5458/4259 4248/5459/4260 4249/5460/4261
f 4240/5449/4252 4222/5461/4234 3979/5462/3991 3982/5450/3994
f 3974/5112/3986 3973/5111/3985 4250/5463/4262 4251/5464/4263
f 3479/4473/3489 4252/5465/4264 3404/5466/3414 2953/3891/2963
f 4189/5391/4201 4207/5416/4219 4206/5467/4218 4253/5468/4265
f 4222/5430/4234 4254/5469/4266 4255/5470/4267 4199/5401/4211
f 4199/5401/4211 4255/5470/4267 4256/5471/4268 4198/5400/4210
f 4088/5252/4100 4257/5472/4269 1413/1693/1411 1412/1692/1410
f 4208/5410/4220 4258/5473/4270 4259/5474/4271 4205/5407/4217
f 4205/5407/4217 4213/5420/4225 2969/5419/2979 4206/5408/4218
f 4054/5200/4066 4053/5199/4065 4260/5475/4272 4236/5444/4248
f 1418/1698/1416 4261/5476/4273 4239/5448/4251 1419/1699/1417
f 4236/5444/4248 4260/5475/4272 4228/5436/4240 4229/5437/4241
f 3985/5123/3997 3984/5122/3996 4262/5477/4274 4263/5478/4275
f 4237/5445/4249 4264/5479/4276 4265/5480/4277 4238/5446/4250
f 4184/5386/4196 4266/5481/4278 4036/5176/4048 4062/5209/4074
f 2962/3900/2972 4267/5482/4279 3038/5483/3048 3056/5191/3066
f 3038/5483/3048 4267/5482/4279 3419/5484/3429 3039/5485/3049
f 3977/5115/3989 3976/5114/3988 4176/5375/4188 3969/5105/3979
f 4268/5486/4280 4269/5487/4281 4270/5488/4282 4271/5489/4283
f 3478/4472/3488 2957/5490/2967 4252/5465/4264 3479/4473/3489
f 4272/5491/4284 4185/5387/4197 4149/5337/4161 4273/5492/4285
f 3401/4381/3411 3042/3980/3052 4146/5334/4158 4145/5333/4157
f 4124/5302/4136 4274/5493/4286 4133/5313/4145 4068/5215/4080
f 4103/5275/4115 3375/5276/3385 3116/4058/3126 4275/5494/4287
f 4276/5495/4288 4277/5496/4289 4278/5497/4290 4279/5498/4291
f 4277/5496/4289 3485/5499/3495 3951/5500/3961 4278/5497/4290
f 4278/5501/4290 3951/5085/3961 3953/5087/3963 4280/5502/4292
f 4279/5498/4291 4278/5497/4290 4280/5503/4292 4281/5504/4293
f 4151/5340/4163 4150/5339/4162 3949/5083/3959 4282/5505/4294
f 4150/5339/4162 3041/3979/3051 3941/5075/3951 3949/5083/3959
f 3949/5083/3959 3948/5082/3958 4283/5506/4295 4282/5505/4294
f 4284/5507/4296 4285/5508/4297 4286/5509/4298 4287/5510/4299
f 3791/4883/3801 4116/5291/4128 4288/5511/4300 3856/4971/3866
f 4116/5291/4128 3836/5512/3846 3838/5513/3848 4288/5511/4300
f 4288/5514/4300 3838/4947/3848 3016/3954/3026 4289/5515/4301
f 3856/5516/3866 4288/5514/4300 4289/5515/4301 3448/4435/3458
f 3465/4455/3475 4290/5517/4302 4291/5518/4303 3460/4450/3470
f 4290/5517/4302 3855/4969/3865 3633/4644/3643 4291/5518/4303
f 4291/5518/4303 3633/4644/3643 3634/4645/3644 4115/5290/4127
f 3460/4450/3470 4291/5518/4303 4115/5290/4127 3459/4449/3469
f 4276/5495/4288 4272/5491/4284 4273/5492/4285 4277/5496/4289
f 4273/5492/4285 4149/5337/4161 3478/5338/3488 3477/5519/3487
f 4292/5520/4304 3420/5521/3430 3419/5484/3429 4267/5482/4279
f 4277/5496/4289 4273/5492/4285 3477/5519/3487 3485/5499/3495
f 3029/5522/3039 3471/5523/3481 4293/5524/4305 4294/5525/4306
f 3471/5523/3481 3472/4464/3482 3474/4467/3484 4293/5524/4305
f 4293/5524/4305 3474/4467/3484 3024/3962/3034 3023/3961/3033
f 4294/5525/4306 4293/5524/4305 3023/3961/3033 3022/3960/3032
f 4295/5526/4307 3472/5527/3482 3471/5528/3481 3470/5529/3480
f 4137/5317/4149 4296/5530/4308 4297/5531/4309 4274/5493/4286
f 3448/4435/3458 4289/5515/4301 4298/5532/4310 3449/4436/3459
f 4289/5515/4301 3016/3954/3026 3019/3957/3029 4298/5532/4310
f 4298/5532/4310 3019/3957/3029 3024/3962/3034 3476/4470/3486
f 3449/4436/3459 4298/5532/4310 3476/4470/3486 3451/4438/3461
f 3634/4645/3644 3836/5512/3846 4116/5291/4128 4115/5290/4127
f 4299/5533/4311 3846/4960/3856 3849/4963/3859 4300/5534/4312
f 3042/3980/3052 3041/3979/3051 4150/5339/4162 4146/5334/4158
f 4147/5335/4159 4151/5340/4163 3858/4973/3868 4049/5193/4061
f 4245/5535/4257 4102/5536/4114 4051/5195/4063 4050/5194/4062
f 4301/5537/4313 4302/5538/4314 4303/5539/4315 4304/5540/4316
f 4267/5482/4279 2962/3900/2972 2961/3899/2971 4292/5520/4304
f 4252/5541/4264 3037/3975/3047 3040/3978/3050 3404/4384/3414
f 2957/3895/2967 2956/3894/2966 3037/3975/3047 4252/5541/4264
f 4205/5407/4217 4259/5474/4271 4305/5542/4317 4213/5420/4225
f 4300/5534/4312 3849/4963/3859 3850/4964/3860 4306/5543/4318
f 3499/4617/3509 4307/5544/4319 4308/5545/4320 3607/4618/3617
f 4309/5546/4321 4310/5547/4322 4311/5548/4323 4312/5549/4324
f 4310/5547/4322 4299/5533/4311 4300/5534/4312 4311/5548/4323
f 4311/5548/4323 4300/5534/4312 4306/5543/4318 4313/5550/4325
f 4312/5549/4324 4311/5548/4323 4313/5550/4325 4314/5551/4326
f 4309/5546/4321 4312/5549/4324 4315/5552/4327 4316/5553/4328
f 4312/5549/4324 4314/5551/4326 4317/5554/4329 4315/5552/4327
f 4315/5552/4327 4317/5554/4329 4318/5555/4330 4319/5556/4331
f 4316/5553/4328 4315/5552/4327 4319/5556/4331 4320/5557/4332
f 3802/4897/3812 3607/4618/3617 4308/5545/4320 4321/5558/4333
f 4322/5559/4334 4323/5560/4335 4299/5533/4311 4310/5547/4322
f 4324/5561/4336 4322/5559/4334 4310/5547/4322 4309/5546/4321
f 4323/5562/4335 4325/5563/4337 3846/5564/3856 4299/5565/4311
f 3611/4622/3621 3613/4624/3623 4306/5566/4318 3850/5567/3860
f 3499/4497/3509 3498/4496/3508 4326/5568/4338 4307/5569/4319
f 3498/4494/3508 3497/4493/3507 4327/5570/4339 4326/5571/4338
f 4328/5572/4340 4329/5573/4341 3840/4951/3850 3847/4961/3857
f 4325/5563/4337 4328/5574/4340 3847/5575/3857 3846/5564/3856
f 3497/4493/3507 3523/4526/3533 4330/5576/4342 4327/5570/4339
f 3523/4525/3533 3514/4513/3524 3491/4487/3501 4330/5577/4342
f 4331/5578/4343 3490/4486/3500 3844/4956/3854 3841/4955/3851
f 4329/5573/4341 4331/5579/4343 3841/4952/3851 3840/4951/3850
f 4257/5472/4269 3845/4957/3855 3844/4956/3854 4332/5580/4344
f 2974/3912/2984 2975/3913/2985 4190/5392/4202 4193/5395/4205
f 3803/4898/3813 4333/5581/4345 4334/5582/4346 4335/5583/4347
f 4324/5561/4336 4309/5546/4321 4316/5553/4328 4336/5584/4348
f 4336/5584/4348 4316/5553/4328 4320/5557/4332 4337/5585/4349
f 4335/5583/4347 4334/5582/4346 4338/5586/4350 4339/5587/4351
f 3795/4900/3805 3804/4899/3814 4340/5588/4352 4341/5589/4353
f 3804/4899/3814 3803/4898/3813 4335/5583/4347 4340/5588/4352
f 4340/5588/4352 4335/5583/4347 4339/5587/4351 4342/5590/4354
f 4341/5591/4353 4340/5592/4352 4342/5593/4354 3530/4533/3540
f 3639/4652/3649 3796/4888/3806 4343/5594/4355 3640/4653/3650
f 3796/4888/3806 3795/4887/3805 4341/5591/4353 4343/5594/4355
f 4343/5594/4355 4341/5591/4353 3530/4533/3540 3529/4532/3539
f 3640/4653/3650 4343/5594/4355 3529/4532/3539 3528/4531/3538
f 3690/5595/3700 4344/5596/4356 4345/5597/4357 3786/4874/3796
f 4344/5596/4356 3699/4747/3709 3790/4881/3800 4345/5597/4357
f 4345/5597/4357 3790/4881/3800 3738/4806/3748 3737/4805/3747
f 3786/4874/3796 4345/5597/4357 3737/4805/3747 3782/4865/3792
f 3810/5598/3820 3816/5599/3826 4346/5600/4358 3811/5601/3821
f 3816/5599/3826 3524/4527/3534 3527/4530/3537 4346/5600/4358
f 4346/5600/4358 3527/4530/3537 3532/4535/3542 4347/5602/4359
f 3811/4907/3821 4346/5603/4358 4347/5604/4359 3812/4908/3822
f 3532/5605/3542 4348/5606/4360 4349/5607/4361 4347/5604/4359
f 4348/5606/4360 4350/5608/4362 4351/5609/4363 4349/5607/4361
f 4349/5607/4361 4351/5609/4363 3821/4923/3831 3820/4922/3830
f 4347/5604/4359 4349/5607/4361 3820/4922/3830 3812/4908/3822
f 3821/4923/3831 4351/5609/4363 4352/5610/4364 3825/4927/3835
f 3825/4927/3835 4352/5610/4364 3236/4198/3246 3235/4197/3245
f 3232/4194/3242 4353/5611/4365 4354/5612/4366 3233/4195/3243
f 4353/5611/4365 4350/5608/4362 4355/5613/4367 4354/5612/4366
f 4354/5612/4366 4355/5613/4367 3938/5071/3948 3937/5070/3947
f 3233/4195/3243 4354/5612/4366 3937/5070/3947 3234/4196/3244
f 3530/4533/3540 4342/5593/4354 4356/5614/4368 3531/4534/3541
f 4342/5593/4354 4339/5615/4351 4357/5616/4369 4356/5614/4368
f 4356/5614/4368 4357/5616/4369 4358/5617/4370 4359/5618/4371
f 3531/4534/3541 4356/5614/4368 4359/5618/4371 3532/4535/3542
f 4337/5585/4349 4360/5619/4372 4361/5620/4373 4338/5586/4350
f 4360/5619/4372 4362/5621/4374 4363/5622/4375 4361/5620/4373
f 4361/5620/4373 4363/5622/4375 4358/5623/4370 4357/5624/4369
f 4338/5586/4350 4361/5620/4373 4357/5624/4369 4339/5587/4351
f 3871/4986/3881 3869/4984/3879 4364/5625/4376 4365/5626/4377
f 3000/3938/3010 3871/4986/3881 4365/5626/4377 3939/5073/3949
f 3225/4179/3235 3938/5071/3948 4366/5627/4378 3748/4820/3758
f 3868/4983/3878 4367/5628/4379 4364/5625/4376 3869/4984/3879
f 4368/5629/4380 4369/5630/4381 4370/5631/4382 4371/5632/4383
f 3613/4624/3623 3618/4629/3628 4313/5633/4325 4306/5566/4318
f 4313/5633/4325 3618/4629/3628 3620/4631/3630 4314/5634/4326
f 4372/5635/4384 3828/4934/3838 3608/4619/3618 3939/5073/3949
f 3532/5605/3542 4359/5636/4371 4373/5637/4385 4348/5606/4360
f 4359/5636/4371 4358/5638/4370 4374/5639/4386 4373/5637/4385
f 4373/5637/4385 4374/5639/4386 3938/5071/3948 4355/5613/4367
f 4348/5606/4360 4373/5637/4385 4355/5613/4367 4350/5608/4362
f 4367/5628/4379 4366/5627/4378 4375/5640/4387 4376/5641/4388
f 4366/5627/4378 3938/5071/3948 4374/5639/4386 4375/5640/4387
f 4375/5640/4387 4374/5639/4386 4358/5638/4370 4363/5642/4375
f 4376/5641/4388 4375/5640/4387 4363/5642/4375 4362/5643/4374
f 3939/5073/3949 4365/5626/4377 4377/5644/4389 4372/5635/4384
f 4365/5626/4377 4364/5625/4376 4378/5645/4390 4377/5644/4389
f 4377/5644/4389 4378/5645/4390 4318/5646/4330 4317/5647/4329
f 4372/5635/4384 4377/5644/4389 4317/5647/4329 4314/5634/4326
f 3620/4631/3630 3828/4934/3838 4372/5635/4384 4314/5634/4326
f 3863/4978/3873 3862/4977/3872 3925/5057/3935 3917/5048/3927
f 4136/5316/4148 4232/5440/4244 4296/5530/4308 4137/5317/4149
f 4095/5261/4107 3370/4347/3380 3369/4346/3379 4093/5259/4105
f 4137/5317/4149 4274/5493/4286 4124/5302/4136 4123/5298/4135
f 4379/5648/4391 4380/5649/4392 4381/5650/4393 4382/5651/4394
f 4130/5308/4142 4098/5266/4110 4383/5652/4395 4384/5653/4396
f 4232/5440/4244 4130/5308/4142 4384/5653/4396 4385/5654/4397
f 4274/5493/4286 4297/5531/4309 4241/5452/4253 4133/5313/4145
f 2993/3931/3003 4038/5178/4050 3292/4264/3302 2990/3928/3000
f 4386/5655/4398 4387/5656/4399 4388/5657/4400 4389/5658/4401
f 4390/5659/4402 4391/5660/4403 4392/5661/4404 4301/5662/4313
f 4393/5663/4405 4394/5664/4406 4395/5665/4407 4396/5666/4408
f 4397/5667/4409 4398/5668/4410 4399/5669/4411 4400/5670/4412
f 4271/5489/4283 4401/5671/4413 4402/5672/4414 4268/5486/4280
f 4403/5673/4415 4218/5425/4230 4404/5674/4416 4405/5675/4417
f 4218/5425/4230 4221/5428/4233 4406/5676/4418 4404/5674/4416
f 4407/5677/4419 4408/5678/4420 4409/5679/4421 4410/5680/4422
f 4411/5681/4423 4412/5682/4424 4413/5683/4425 4414/5684/4426
f 4414/5684/4426 4413/5683/4425 4415/5685/4427 4416/5686/4428
f 4221/5428/4233 4417/5687/4429 3074/4012/3084 4406/5676/4418
f 4406/5676/4418 3074/4012/3084 3077/4015/3087 4418/5688/4430
f 4404/5674/4416 4406/5676/4418 4418/5688/4430 4419/5689/4431
f 4182/5384/4194 4420/5690/4432 4421/5691/4433 4422/5692/4434
f 4302/5693/4314 4423/5694/4435 4424/5695/4436 4303/5696/4315
f 4425/5697/4437 4426/5698/4438 4427/5699/4439 4408/5678/4420
f 4428/5700/4440 4429/5701/4441 4430/5702/4442 4431/5703/4443
f 4029/5169/4041 4028/5168/4040 4432/5704/4444 4433/5705/4445
f 4408/5678/4420 4427/5699/4439 4434/5706/4446 4409/5679/4421
f 4302/5693/4314 4435/5707/4447 4436/5708/4448 4423/5694/4435
f 4437/5709/4449 4438/5710/4450 4386/5711/4398 4389/5712/4401
f 4439/5713/4451 4425/5697/4437 4408/5678/4420 4407/5677/4419
f 4440/5714/4452 4441/5715/4453 4442/5716/4454 4443/5717/4455
f 4444/5718/4456 4445/5719/4457 4438/5710/4450 4437/5709/4449
f 4446/5720/4458 4447/5721/4459 4448/5722/4460 4449/5723/4461
f 4450/5724/4462 4451/5725/4463 4447/5721/4459 4446/5720/4458
f 4452/5726/4464 4453/5727/4465 4454/5728/4466 4455/5729/4467
f 4456/5730/4468 4457/5731/4469 4453/5732/4465 4452/5733/4464
f 4458/5734/4470 4459/5735/4471 4460/5736/4472 4461/5737/4473
f 4462/5738/4474 4436/5739/4448 4435/5740/4447 4392/5661/4404
f 4463/5741/4475 4464/5742/4476 4465/5743/4477 4466/5744/4478
f 4467/5745/4479 4437/5709/4449 4389/5712/4401 4468/5746/4480
f 4469/5747/4481 4470/5748/4482 4471/5749/4483 4472/5750/4484
f 4473/5751/4485 4444/5718/4456 4437/5709/4449 4467/5745/4479
f 4461/5737/4473 4460/5736/4472 4474/5752/4486 4475/5753/4487
f 4476/5754/4488 4477/5755/4489 4478/5756/4490 4479/5757/4491
f 4480/5758/4492 4465/5743/4477 4464/5742/4476 4481/5759/4493
f 4482/5760/4494 4483/5761/4495 4464/5742/4476 4463/5741/4475
f 4484/5762/4496 4485/5763/4497 4450/5724/4462 4486/5764/4498
f 4481/5759/4493 4464/5742/4476 4483/5761/4495 4487/5765/4499
f 4478/5756/4490 4488/5766/4500 4489/5767/4501 4490/5768/4502
f 4491/5769/4503 4492/5770/4504 4426/5698/4438 4425/5697/4437
f 4493/5771/4505 4494/5772/4506 4492/5770/4504 4491/5769/4503
f 4495/5773/4507 4496/5774/4508 4497/5775/4509 4498/5776/4510
f 4499/5777/4511 4500/5778/4512 4501/5779/4513 4502/5780/4514
f 4500/5778/4512 4458/5734/4470 4503/5781/4515 4501/5779/4513
f 4502/5780/4514 4501/5779/4513 4504/5782/4516 4494/5783/4506
f 4431/5703/4443 4430/5702/4442 4026/5166/4038 4029/5169/4041
f 4429/5701/4441 4505/5784/4517 4506/5785/4518 4430/5702/4442
f 4430/5702/4442 4506/5785/4518 4507/5786/4519 4026/5166/4038
f 4508/5787/4520 4509/5788/4521 4510/5789/4522 4511/5790/4523
f 4512/5791/4524 4513/5792/4525 4514/5793/4526 4515/5794/4527
f 4516/5795/4528 4517/5796/4529 4441/5797/4453 4440/5798/4452
f 4495/5773/4507 4493/5799/4505 4491/5800/4503 4518/5801/4530
f 4519/5802/4531 4411/5803/4423 4414/5804/4426 4520/5805/4532
f 4520/5805/4532 4521/5806/4533 4522/5807/4534 4519/5802/4531
f 4523/5808/4535 4524/5809/4536 4525/5810/4537 4521/5806/4533
f 4521/5806/4533 4525/5810/4537 4526/5811/4538 4522/5807/4534
f 4527/5812/4539 4528/5813/4540 4470/5748/4482 4469/5747/4481
f 4529/5814/4541 4510/5815/4522 4509/5816/4521 4530/5817/4542
f 4429/5701/4441 4428/5700/4440 4509/5788/4521 4508/5787/4520
f 4531/5818/4543 4532/5819/4544 4533/5820/4545 4534/5821/4546
f 4530/5822/4542 4509/5788/4521 4428/5700/4440 4535/5823/4547
f 4483/5761/4495 4482/5760/4494 4511/5824/4523 4536/5825/4548
f 4498/5826/4510 4497/5827/4509 4537/5828/4549 4449/5723/4461
f 4427/5699/4439 4426/5698/4438 4538/5829/4550 4539/5830/4551
f 4493/5799/4505 4540/5831/4552 4502/5780/4514 4494/5783/4506
f 4434/5706/4446 4427/5699/4439 4539/5830/4551 4541/5832/4553
f 4539/5830/4551 4538/5829/4550 3999/5137/4011 3998/5136/4010
f 4542/5833/4554 4518/5834/4530 4439/5713/4451 4407/5677/4419
f 4541/5832/4553 4539/5830/4551 3998/5136/4010 3161/4105/3171
f 4502/5780/4514 4540/5831/4552 4543/5835/4555 4499/5777/4511
f 4544/5836/4556 4535/5837/4547 4545/5838/4557 4462/5839/4474
f 4546/5840/4558 4547/5841/4559 4517/5796/4529 4516/5795/4528
f 4532/5819/4544 4548/5842/4560 4549/5843/4561 4533/5820/4545
f 4534/5844/4546 4550/5845/4562 4551/5846/4563 4531/5847/4543
f 4533/5820/4545 4549/5843/4561 4552/5848/4564 4553/5849/4565
f 4554/5850/4566 4555/5851/4567 4556/5852/4568 4557/5853/4569
f 4558/5854/4570 4559/5855/4571 4560/5856/4572 4561/5857/4573
f 4520/5805/4532 4414/5804/4426 4416/5858/4428 4562/5859/4574
f 4495/5773/4507 4498/5776/4510 4540/5831/4552 4493/5799/4505
f 4563/5860/4575 4446/5720/4458 4449/5723/4461 4537/5828/4549
f 4426/5698/4438 4492/5770/4504 4564/5861/4576 4538/5829/4550
f 4492/5770/4504 4494/5772/4506 4504/5862/4516 4564/5861/4576
f 4538/5829/4550 4564/5861/4576 4565/5863/4577 3999/5137/4011
f 4566/5864/4578 4567/5865/4579 4568/5866/4580 4569/5867/4581
f 3160/4104/3170 4570/5868/4582 4541/5832/4553 3161/4105/3171
f 3167/4111/3177 3166/4110/3176 4555/5851/4567 4554/5850/4566
f 4571/5869/4583 3168/5870/3178 4546/5871/4558 4552/5872/4564
f 4453/5873/4465 4467/5745/4479 4468/5746/4480 4454/5874/4466
f 3999/5137/4011 4565/5863/4577 4572/5875/4584 4000/5138/4012
f 4565/5863/4577 4573/5876/4585 4574/5877/4586 4572/5875/4584
f 4572/5878/4584 4574/5879/4586 4575/5880/4587 4576/5881/4588
f 4000/5138/4012 4572/5875/4584 4576/5882/4588 4466/5744/4478
f 4577/5883/4589 4578/5884/4590 4579/5885/4591 4487/5765/4499
f 4566/5864/4578 4580/5886/4592 4558/5854/4570 4581/5887/4593
f 4457/5888/4469 4473/5751/4485 4467/5745/4479 4453/5873/4465
f 4451/5725/4463 4450/5724/4462 4485/5763/4497 4582/5889/4594
f 4540/5890/4552 4498/5826/4510 4449/5723/4461 4543/5891/4555
f 4449/5723/4461 4448/5722/4460 4583/5892/4595 4543/5891/4555
f 4582/5889/4594 4485/5763/4497 4584/5893/4596 4585/5894/4597
f 4499/5777/4511 4586/5895/4598 4587/5896/4599 4500/5778/4512
f 4500/5778/4512 4587/5896/4599 4459/5735/4471 4458/5734/4470
f 4588/5897/4600 4589/5898/4601 4528/5813/4540 4590/5899/4602
f 4589/5898/4601 4591/5900/4603 4470/5748/4482 4528/5813/4540
f 4515/5794/4527 4590/5899/4602 4528/5813/4540 4527/5812/4539
f 4592/5901/4604 4593/5902/4605 4588/5903/4600 4594/5904/4606
f 4543/5835/4555 4583/5905/4595 4586/5895/4598 4499/5777/4511
f 4595/5906/4607 4551/5846/4563 4550/5845/4562 4596/5907/4608
f 4519/5802/4531 4522/5807/4534 4551/5846/4563 4595/5906/4607
f 4597/5908/4609 4598/5909/4610 4599/5910/4611 4600/5911/4612
f 4601/5912/4613 4424/5695/4436 4423/5694/4435 4602/5913/4614
f 4557/5914/4569 4603/5915/4615 4604/5916/4616 4605/5917/4617
f 4005/5143/4017 4606/5918/4618 4607/5919/4619 4002/5140/4014
f 4608/5920/4620 4592/5901/4604 4594/5904/4606 4609/5921/4621
f 4610/5922/4622 4611/5923/4623 4597/5908/4609 4600/5911/4612
f 4606/5924/4618 4005/5144/4017 4007/5147/4019 4010/5150/4022
f 4612/5925/4624 4613/5926/4625 4593/5902/4605 4592/5901/4604
f 4614/5927/4626 4612/5925/4624 4592/5901/4604 4608/5920/4620
f 4609/5928/4621 4594/5929/4606 4615/5930/4627 4616/5931/4628
f 4617/5932/4629 4549/5933/4561 4548/5934/4560 4578/5935/4590
f 4510/5815/4522 4618/5936/4630 4536/5825/4548 4511/5824/4523
f 4578/5884/4590 4548/5842/4560 4619/5937/4631 4579/5885/4591
f 4477/5938/4489 4387/5656/4399 4386/5655/4398 4478/5939/4490
f 4496/5774/4508 4600/5940/4612 4599/5941/4611 4497/5775/4509
f 4620/5942/4632 4484/5762/4496 4486/5764/4498 4621/5943/4633
f 3163/4107/3173 4622/5944/4634 4623/5945/4635 3164/4108/3174
f 4622/5946/4634 4524/5809/4536 4624/5947/4636 4623/5948/4635
f 4623/5948/4635 4624/5947/4636 4591/5900/4603 4625/5949/4637
f 3164/4108/3174 4623/5945/4635 4625/5950/4637 3165/4109/3175
f 4626/5951/4638 4627/5952/4639 4628/5953/4640 4629/5954/4641
f 4580/5886/4592 4247/5955/4259 4559/5855/4571 4558/5854/4570
f 4292/5956/4304 4050/5194/4062 3407/5197/3417 3420/4404/3430
f 4495/5773/4507 4518/5801/4530 4542/5957/4554 4496/5774/4508
f 4407/5677/4419 4410/5680/4422 4610/5922/4622 4542/5833/4554
f 4542/5833/4554 4610/5922/4622 4600/5911/4612 4496/5958/4508
f 4486/5764/4498 4450/5724/4462 4446/5720/4458 4563/5860/4575
f 4002/5140/4014 4607/5919/4619 4630/5959/4642 4631/5960/4643
f 4581/5961/4593 4631/5960/4643 4630/5959/4642 4632/5962/4644
f 4590/5899/4602 4515/5794/4527 4514/5793/4526 4615/5963/4627
f 4594/5929/4606 4588/5964/4600 4590/5965/4602 4615/5930/4627
f 4621/5943/4633 4486/5764/4498 4563/5860/4575 4633/5966/4645
f 4633/5966/4645 4563/5860/4575 4537/5828/4549 4634/5967/4646
f 4462/5839/4474 4545/5838/4557 4433/5968/4445 4635/5969/4647
f 3169/4113/3179 4636/5970/4648 4637/5971/4649 4398/5668/4410
f 4441/5972/4453 4517/5973/4529 4638/5974/4650 4639/5975/4651
f 4517/5796/4529 4547/5841/4559 4640/5976/4652 4638/5977/4650
f 4638/5977/4650 4640/5976/4652 4605/5978/4617 4568/5979/4580
f 4639/5975/4651 4638/5974/4650 4568/5980/4580 4567/5981/4579
f 4630/5959/4642 4641/5982/4653 4642/5983/4654 4632/5962/4644
f 4442/5984/4454 4441/5972/4453 4639/5975/4651 4642/5983/4654
f 4643/5985/4655 4031/5171/4043 4644/5986/4656 4645/5987/4657
f 4618/5936/4630 4510/5815/4522 4529/5814/4541 4637/5971/4649
f 4397/5667/4409 4400/5670/4412 4646/5988/4658 4647/5989/4659
f 4648/5990/4660 4618/5936/4630 4637/5971/4649 4636/5970/4648
f 4588/5991/4600 4593/5992/4605 4649/5993/4661 4589/5994/4601
f 4593/5902/4605 4613/5926/4625 4650/5995/4662 4649/5996/4661
f 4649/5996/4661 4650/5995/4662 3165/4109/3175 4625/5950/4637
f 4589/5898/4601 4649/5997/4661 4625/5949/4637 4591/5900/4603
f 4647/5998/4659 4646/5999/4658 4391/5660/4403 4390/5659/4402
f 4568/5979/4580 4605/5978/4617 4604/6000/4616 4569/6001/4581
f 4630/5959/4642 4607/5919/4619 4651/6002/4663 4641/5982/4653
f 3166/4110/3176 4397/5667/4409 4647/5989/4659 4555/5851/4567
f 4555/5851/4567 4647/5989/4659 4390/6003/4402 4556/5852/4568
f 4575/5880/4587 4574/5879/4586 4652/6004/4664 4653/6005/4665
f 4574/5879/4586 4573/6006/4585 4503/5781/4515 4652/6004/4664
f 4652/6004/4664 4503/5781/4515 4458/5734/4470 4461/5737/4473
f 4653/6005/4665 4652/6004/4664 4461/5737/4473 4475/5753/4487
f 4654/6007/4666 4595/5906/4607 4596/5907/4608 4030/5170/4042
f 4655/6008/4667 4656/6009/4668 4657/6010/4669 4658/6011/4670
f 4420/5690/4432 4403/5673/4415 4405/5675/4417 4421/5691/4433
f 4421/5691/4433 4405/5675/4417 4659/6012/4671 4660/6013/4672
f 4422/5692/4434 4421/5691/4433 4660/6013/4672 4230/5438/4242
f 4661/6014/4673 4662/6015/4674 4663/6016/4675 4664/6017/4676
f 4641/5982/4653 4651/6002/4663 4665/6018/4677 4666/6019/4678
f 4006/5146/4018 4262/5477/4274 4008/5148/4020 4007/5147/4019
f 4642/5983/4654 4641/5982/4653 4666/6019/4678 4442/5984/4454
f 4618/5936/4630 4648/5990/4660 4577/5883/4589 4536/5825/4548
f 4030/5170/4042 4596/5907/4608 4644/5986/4656 4031/5171/4043
f 4469/5747/4481 4667/6020/4679 4668/6021/4680 4527/5812/4539
f 4527/5812/4539 4668/6021/4680 4512/5791/4524 4515/5794/4527
f 4669/6022/4681 4670/6023/4682 4671/6024/4683 4513/6025/4525
f 4672/6026/4684 4673/6027/4685 4674/6028/4686 4675/6029/4687
f 4456/5730/4468 4676/6030/4688 4673/6027/4685 4457/5731/4469
f 4677/6031/4689 4678/6032/4690 4679/6033/4691 4656/6009/4668
f 4444/6034/4456 4473/6035/4485 4672/6026/4684 4680/6036/4692
f 4473/6035/4485 4457/5731/4469 4673/6027/4685 4672/6026/4684
f 4681/6037/4693 4032/5172/4044 4031/5171/4043 4643/5985/4655
f 4445/6038/4457 4444/6039/4456 4680/6040/4692 4682/6041/4694
f 4683/6042/4695 4459/5735/4471 4684/6043/4696 4685/6044/4697
f 4405/5675/4417 4404/5674/4416 4419/5689/4431 4659/6012/4671
f 4673/6027/4685 4676/6030/4688 4686/6045/4698 4674/6028/4686
f 4682/6046/4694 4680/6036/4692 4687/6047/4699 4688/6048/4700
f 4680/6036/4692 4672/6026/4684 4675/6029/4687 4687/6047/4699
f 4657/6010/4669 4656/6009/4668 4679/6033/4691 4689/6049/4701
f 4677/6031/4689 4690/6050/4702 4691/6051/4703 4692/6052/4704
f 4432/6053/4444 4693/6054/4705 4694/6055/4706 4695/6056/4707
f 4696/6057/4708 4697/6058/4709 4698/6059/4710 4699/6060/4711
f 4586/5895/4598 4700/6061/4712 4701/6062/4713 4587/5896/4599
f 4700/6061/4712 4702/6063/4714 4393/5663/4405 4701/6062/4713
f 4701/6062/4713 4393/5663/4405 4396/5666/4408 4684/6043/4696
f 4587/5896/4599 4701/6062/4713 4684/6043/4696 4459/5735/4471
f 4702/6063/4714 4703/6064/4715 4394/5664/4406 4393/5663/4405
f 4704/6065/4716 4697/6066/4709 4705/6067/4717 4706/6068/4718
f 4448/5722/4460 4707/6069/4719 4708/6070/4720 4583/5892/4595
f 4709/6071/4721 4710/6072/4722 4711/6073/4723 4712/6074/4724
f 4712/6074/4724 4711/6073/4723 4704/6065/4716 4706/6068/4718
f 4713/6075/4725 4714/6076/4726 4703/6077/4715 4702/6078/4714
f 4583/5905/4595 4708/6079/4720 4700/6061/4712 4586/5895/4598
f 4700/6080/4712 4708/6081/4720 4713/6075/4725 4702/6078/4714
f 4715/6082/4727 4716/6083/4728 4714/6076/4726 4713/6075/4725
f 4705/6084/4717 4697/6058/4709 4696/6057/4708 4717/6085/4729
f 4708/6081/4720 4707/6086/4719 4715/6082/4727 4713/6075/4725
f 4718/6087/4730 4719/6088/4731 4716/6089/4728 4715/6090/4727
f 4585/6091/4597 4709/6071/4721 4712/6074/4724 4720/6092/4732
f 4721/6093/4733 4722/6094/4734 4719/6088/4731 4718/6087/4730
f 4460/5736/4472 4723/6095/4735 4724/6096/4736 4474/5752/4486
f 4722/6094/4734 4725/6097/4737 4726/6098/4738 4719/6088/4731
f 4685/6044/4697 4684/6043/4696 4396/5666/4408 4727/6099/4739
f 4396/5666/4408 4395/5665/4407 4698/6100/4710 4727/6099/4739
f 4706/6068/4718 4705/6067/4717 4728/6101/4740 4729/6102/4741
f 4448/5722/4460 4447/5721/4459 4730/6103/4742 4707/6069/4719
f 4447/5721/4459 4451/5725/4463 4731/6104/4743 4730/6103/4742
f 4730/6105/4742 4731/6106/4743 4721/6093/4733 4718/6087/4730
f 4707/6107/4719 4730/6105/4742 4718/6087/4730 4715/6090/4727
f 4395/5665/4407 4394/5664/4406 4732/6108/4744 4733/6109/4745
f 4734/6110/4746 4735/6111/4747 4736/6112/4748 4732/6113/4744
f 4732/6113/4744 4736/6112/4748 4737/6114/4749 4733/6115/4745
f 4720/6092/4732 4712/6074/4724 4706/6068/4718 4729/6102/4741
f 4738/6116/4750 4739/6117/4751 4722/6094/4734 4721/6093/4733
f 4710/6118/4722 4683/6042/4695 4685/6044/4697 4711/6119/4723
f 4582/5889/4594 4585/5894/4597 4720/6120/4732 4740/6121/4752
f 4740/6122/4752 4720/6123/4732 4729/6124/4741 4738/6116/4750
f 4731/6106/4743 4740/6122/4752 4738/6116/4750 4721/6093/4733
f 4729/6124/4741 4728/6125/4740 4739/6117/4751 4738/6116/4750
f 4727/6099/4739 4698/6100/4710 4697/6126/4709 4704/6127/4716
f 4711/6119/4723 4685/6044/4697 4727/6099/4739 4704/6127/4716
f 4703/6077/4715 4714/6076/4726 4741/6128/4753 4734/6129/4746
f 4728/6130/4740 4742/6131/4754 4743/6132/4755 4739/6133/4751
f 4719/6088/4731 4726/6098/4738 4744/6134/4756 4716/6089/4728
f 4726/6098/4738 4725/6097/4737 4745/6135/4757 4746/6136/4758
f 4744/6137/4756 4726/6138/4738 4746/6139/4758 4747/6140/4759
f 4741/6128/4753 4744/6137/4756 4747/6140/4759 4748/6141/4760
f 4714/6076/4726 4716/6083/4728 4744/6137/4756 4741/6128/4753
f 4705/6084/4717 4717/6085/4729 4742/6131/4754 4728/6130/4740
f 4739/6117/4751 4743/6142/4755 4725/6097/4737 4722/6094/4734
f 4743/6132/4755 4742/6131/4754 4749/6143/4761 4750/6144/4762
f 4725/6145/4737 4743/6132/4755 4750/6144/4762 4745/6146/4757
f 4742/6131/4754 4717/6085/4729 4751/6147/4763 4749/6143/4761
f 4752/6148/4764 4750/6144/4762 4749/6143/4761 4751/6147/4763
f 4734/6129/4746 4741/6128/4753 4748/6141/4760 4735/6149/4747
f 4748/6150/4760 4753/6151/4765 4754/6152/4766 4735/6111/4747
f 4754/6152/4766 4753/6151/4765 4755/6153/4767 4756/6154/4768
f 4703/6077/4715 4734/6129/4746 4732/6155/4744 4394/6156/4406
f 4717/6085/4729 4696/6057/4708 4757/6157/4769 4751/6147/4763
f 4757/6157/4769 4758/6158/4770 4752/6148/4764 4751/6147/4763
f 4755/6153/4767 4745/6146/4757 4750/6144/4762 4752/6148/4764
f 4753/6151/4765 4748/6150/4760 4747/6159/4759 4746/6160/4758
f 4752/6148/4764 4758/6158/4770 4756/6154/4768 4755/6153/4767
f 4038/5178/4050 3370/4347/3380 4095/5261/4107 3292/4264/3302
f 4759/6161/4771 4760/6162/4772 4756/6154/4768 4758/6158/4770
f 4735/6111/4747 4754/6152/4766 4761/6163/4773 4736/6112/4748
f 4756/6154/4768 4760/6162/4772 4761/6163/4773 4754/6152/4766
f 4737/6114/4749 4736/6112/4748 4761/6163/4773 4760/6162/4772
f 4755/6153/4767 4753/6151/4765 4746/6160/4758 4745/6146/4757
f 4416/5858/4428 4762/6164/4774 4472/5750/4484 4562/5859/4574
f 3408/5269/3418 4051/6165/4063 4275/5494/4287 3379/4356/3389
f 4275/5494/4287 3116/4058/3126 3115/4057/3125 3379/4356/3389
f 4763/6166/4775 4764/6167/4776 4765/6168/4777 4766/6169/4778
f 4629/5954/4641 4628/5953/4640 4767/6170/4779 4768/6171/4780
f 4667/6172/4679 4769/6173/4781 4770/6174/4782 4668/6175/4680
f 4417/5687/4429 3078/4016/3088 3075/4013/3085 3074/4012/3084
f 4770/6174/4782 4771/6176/4783 4772/6177/4784 4773/6178/4785
f 4668/6175/4680 4770/6174/4782 4773/6178/4785 4512/6179/4524
f 3085/4023/3095 4189/5391/4201 4253/5468/4265 3082/4020/3092
f 3082/4020/3092 4253/5468/4265 2968/3906/2978 4173/5371/4185
f 3079/4017/3089 4258/5473/4270 4224/5432/4236 4223/5431/4235
f 3078/4016/3088 4259/5474/4271 4258/5473/4270 3079/4017/3089
f 1325/1586/1323 1318/1577/1316 4158/5350/4170 3966/5102/3976
f 4774/6180/4786 4214/5421/4226 4775/6181/4787 4776/6182/4788
f 4417/5687/4429 4305/5542/4317 4259/5474/4271 3078/4016/3088
f 4777/6183/4789 4181/5383/4193 4056/5202/4068 4256/5471/4268
f 4209/5411/4221 4224/5432/4236 4258/5473/4270 4208/5410/4220
f 4774/6180/4786 4776/6182/4788 4181/5383/4193 4777/6183/4789
f 4253/5468/4265 4206/5467/4218 2969/3907/2979 2968/3906/2978
f 4192/5394/4204 4191/5393/4203 4216/6184/4228 4215/6185/4227
f 4196/5398/4208 4778/6186/4790 4255/6187/4267 4254/6188/4266
f 4192/5394/4204 4215/6185/4227 4779/6189/4791 4195/5397/4207
f 4197/5399/4209 4196/5398/4208 4254/6188/4266 4780/6190/4792
f 4182/5384/4194 4181/5383/4193 4776/6182/4788 4420/5690/4432
f 4683/6042/4695 4723/6095/4735 4460/5736/4472 4459/5735/4471
f 4479/5757/4491 4478/5756/4490 4490/5768/4502 4027/5167/4039
f 4781/6191/4793 1942/2417/1940 1941/2416/1939 4204/5406/4216
f 4269/5487/4281 4629/5954/4641 4768/6171/4780 4270/5488/4282
f 2961/3899/2971 4245/5456/4257 4050/6192/4062 4292/5520/4304
f 4782/6193/4794 4783/6194/4795 4784/6195/4796 4785/6196/4797
f 4134/5314/4146 4242/5453/4254 4127/5305/4139 4126/5304/4138
f 4786/6197/4798 4782/6193/4794 4785/6196/4797 4787/6198/4799
f 4093/5259/4105 3369/4346/3379 4037/5177/4049 4096/5262/4108
f 4788/6199/4800 2992/3930/3002 2991/3929/3001 4046/5189/4058
f 3172/4116/3182 3385/4481/3395 3406/6200/3416 3402/4382/3412
f 2993/3931/3003 2992/3930/3002 3060/3998/3070 3063/4001/3073
f 4789/6201/4801 4786/6197/4798 4787/6198/4799 4790/6202/4802
f 4045/5187/4057 3156/4100/3166 3100/4038/3110 3099/4037/3109
f 2986/3924/2996 2989/3927/2999 2960/3898/2970 2981/3919/2991
f 3079/4017/3089 4223/5431/4235 4791/6203/4803 3080/4018/3090
f 4223/5431/4235 4226/5434/4238 4234/5442/4246 4791/6203/4803
f 4791/6203/4803 4234/5442/4246 4141/5329/4153 4244/5455/4256
f 3080/4018/3090 4791/6203/4803 4244/5455/4256 3081/4019/3091
f 3083/4021/3093 1953/2430/1951 1183/1388/1181 3084/4022/3094
f 4792/6204/4804 3081/4019/3091 4244/5455/4256 4243/5454/4255
f 4772/6177/4784 4793/6205/4805 4794/6206/4806 4773/6178/4785
f 4403/5673/4415 4775/6181/4787 4219/5426/4231 4218/5425/4230
f 4165/5359/4177 3980/5381/3992 3979/5429/3991 4166/5360/4178
f 4553/5849/4565 4516/5795/4528 4440/5798/4452 4795/6207/4807
f 4796/6208/4808 4797/6209/4809 4798/6210/4810 4799/6211/4811
f 4018/5158/4030 4800/6212/4812 4801/6213/4813 4802/6214/4814
f 4800/6212/4812 4803/6215/4815 4804/6216/4816 4801/6213/4813
f 4801/6213/4813 4804/6216/4816 4792/6204/4804 4243/5454/4255
f 4802/6214/4814 4801/6213/4813 4243/5454/4255 4144/5332/4156
f 4213/5420/4225 4305/5542/4317 4220/5427/4232 4212/5417/4224
f 4805/6217/4817 4621/5943/4633 4633/5966/4645 3945/5079/3955
f 3945/5079/3955 4633/5966/4645 4634/5967/4646 3946/5080/3956
f 4773/6178/4785 4794/6206/4806 4513/6025/4525 4512/6179/4524
f 4282/5505/4294 3857/4972/3867 3858/4973/3868 4151/5340/4163
f 4266/5481/4278 4806/6218/4818 4037/5177/4049 4036/5176/4048
f 4263/5478/4275 4262/5477/4274 4006/5146/4018 4807/6219/4819
f 4806/6218/4818 4808/6220/4820 4096/5262/4108 4037/5177/4049
f 4772/6177/4784 4771/6176/4783 4809/6221/4821 4810/6222/4822
f 4417/5687/4429 4221/5428/4233 4220/5427/4232 4305/5542/4317
f 4805/6217/4817 4811/6223/4823 4620/5942/4632 4621/5943/4633
f 4810/6222/4822 4812/6224/4824 4793/6205/4805 4772/6177/4784
f 4424/5695/4436 4813/6225/4825 4814/6226/4826 4303/5696/4315
f 4570/5868/4582 3160/4104/3170 3165/4109/3175 4650/5995/4662
f 4815/6227/4827 4570/5868/4582 4650/5995/4662 4613/5926/4625
f 4816/6228/4828 4807/6219/4819 4817/6229/4829 4818/6230/4830
f 4211/5414/4223 4225/5433/4237 4224/5432/4236 4209/5411/4221
f 4021/5161/4033 4819/6231/4831 4820/6232/4832 4821/6233/4833
f 4821/6234/4833 4820/6235/4832 4665/6018/4677 4651/6002/4663
f 4606/5918/4618 4821/6234/4833 4651/6002/4663 4607/5919/4619
f 4217/5424/4229 4219/5426/4231 4775/6181/4787 4214/5421/4226
f 4767/6170/4779 4628/5953/4640 4819/6231/4831 4231/5439/4243
f 3116/4058/3126 3375/5276/3385 3378/6236/3388 3117/4059/3127
f 4822/6237/4834 4823/6238/4835 4763/6166/4775 4766/6169/4778
f 3117/6239/3127 3378/4355/3388 3401/4381/3411 4145/5333/4157
f 3118/6240/3128 3117/6239/3127 4145/5333/4157 4148/5336/4160
f 4818/6230/4830 4817/6229/4829 4561/6241/4573 4560/6242/4572
f 4265/5480/4277 4264/5479/4276 4824/6243/4836 4825/6244/4837
f 4802/6214/4814 4826/6245/4838 4019/5159/4031 4018/5158/4030
f 3987/5125/3999 3976/5114/3988 3975/5113/3987 3984/5122/3996
f 3986/5124/3998 3985/5123/3997 4264/5479/4276 4237/5445/4249
f 4006/5146/4018 4004/5145/4016 4817/6229/4829 4807/6219/4819
f 4611/5923/4623 4610/5922/4622 4410/5680/4422 4827/6246/4839
f 4815/6227/4827 4828/6247/4840 4409/5679/4421 4434/5706/4446
f 4611/5923/4623 4827/6246/4839 4614/5927/4626 4608/5920/4620
f 4597/5908/4609 4611/5923/4623 4608/5920/4620 4609/5921/4621
f 4142/5330/4154 4829/6248/4841 4830/6249/4842 4143/5331/4155
f 4830/6249/4842 4829/6248/4841 4831/6250/4843 4832/6251/4844
f 4833/6252/4845 4834/6253/4846 4835/6254/4847 4836/6255/4848
f 4837/6256/4849 4838/6257/4850 4839/6258/4851 4840/6259/4852
f 4839/6260/4851 4838/6261/4850 4841/6262/4853 4842/6263/4854
f 4474/5752/4486 4476/5754/4488 4843/6264/4855 4475/5753/4487
f 4841/6262/4853 4838/6261/4850 4837/6256/4849 4831/6250/4843 4844/6265/4856 18/6266/4857 13/6267/4858
f 4845/6268/4859 4669/6022/4681 4513/6025/4525 4794/6206/4806
f 4812/6224/4824 4845/6268/4859 4794/6206/4806 4793/6205/4805
f 4416/5686/4428 4415/5685/4427 4846/6269/4860 4762/6270/4774
f 4762/6270/4774 4846/6269/4860 4769/6173/4781 4667/6172/4679
f 4843/6264/4855 4476/5754/4488 4479/5757/4491 4507/5786/4519
f 4841/6262/4853 13/6267/4858 11/6271/4861 4842/6263/4854
f 4144/5332/4156 4143/5331/4155 4826/6245/4838 4802/6214/4814
f 4251/5464/4263 4250/5463/4262 4225/5433/4237 4211/5414/4223
f 4472/5750/4484 4762/6164/4774 4667/6020/4679 4469/5747/4481
f 4643/6272/4655 4645/6273/4657 4666/6019/4678 4665/6018/4677
f 4409/5679/4421 4828/6247/4840 4827/6246/4839 4410/5680/4422
f 4617/6274/4629 4648/5990/4660 4636/5970/4648 4571/6275/4583
f 4081/5234/4093 4079/5238/4091 3066/6276/3076 3065/5235/3075
f 4128/5306/4140 4127/5305/4139 4847/6277/4862 4848/6278/4863
f 4241/5452/4253 4849/6279/4864 4850/6280/4865 4242/5453/4254
f 4242/5453/4254 4850/6280/4865 4847/6277/4862 4127/5305/4139
f 1/6281/2947 4851/6282/4866 4852/6283/4867 7/6284/4868
f 4297/5531/4309 4296/5530/4308 4853/6285/4869 4854/6286/4870
f 4241/5452/4253 4297/5531/4309 4854/6286/4870 4849/6279/4864
f 4383/5652/4395 3332/6287/3342 4855/6288/4871 4856/6289/4872
f 4384/5653/4396 4383/5652/4395 4856/6289/4872 4835/6290/4847
f 4019/5159/4031 4826/6245/4838 4857/6291/4873 4858/6292/4874
f 4826/6245/4838 4143/5331/4155 4830/6249/4842 4857/6291/4873
f 4857/6291/4873 4830/6249/4842 4832/6251/4844 4833/6252/4845
f 4858/6292/4874 4857/6291/4873 4833/6252/4845 4836/6255/4848
f 4832/6251/4844 4840/6259/4852 4834/6253/4846 4833/6252/4845
f 4834/6253/4846 4840/6259/4852 4839/6258/4851 4859/6293/4875
f 4859/6294/4875 4839/6260/4851 4842/6263/4854 4860/6295/4876
f 4861/6296/4877 4859/6293/4875 4860/6297/4876 4862/6298/4878
f 4852/6283/4867 4863/6299/4879 9/6300/4880 7/6284/4868
f 4862/6301/4878 4860/6302/4876 9/6300/4880 4863/6299/4879
f 4842/6263/4854 11/6271/4861 9/6303/4880 4860/6295/4876
f 2952/3890/2962 2951/3889/2961 3096/4034/3106 3437/4424/3447
f 4235/5443/4247 4234/5442/4246 4226/5434/4238 4864/6304/4881
f 4167/5413/4179 2967/3905/2977 4251/5464/4263 4211/5414/4223
f 4831/6250/4843 4829/6248/4841 4865/6305/4882 4844/6265/4856
f 4829/6248/4841 4142/5330/4154 4235/5443/4247 4865/6305/4882
f 4865/6305/4882 4235/5443/4247 4864/6304/4881 4866/6306/4883
f 4844/6265/4856 4865/6305/4882 4866/6306/4883 18/6266/4857
f 4250/5463/4262 4864/6304/4881 4226/5434/4238 4225/5433/4237
f 4186/5388/4198 4867/6307/4884 2964/5361/2974 4168/5364/4180
f 3973/5111/3985 4866/6306/4883 4864/6304/4881 4250/5463/4262
f 3085/4023/3095 3084/4022/3094 4034/5174/4046 4188/5390/4200
f 4868/6308/4885 4869/6309/4886 4870/6310/4887 4871/6311/4888
f 2966/3904/2976 3974/5112/3986 4251/5464/4263 2967/3905/2977
f 4186/5388/4198 4035/5175/4047 4872/6312/4889 4867/6307/4884
f 26/6313/4890 22/5109/3983 3974/5112/3986 2966/3904/2976
f 19/5110/3984 18/6266/4857 4866/6306/4883 3973/5111/3985
f 2964/5361/2974 4867/6307/4884 4873/6314/4891 2965/6315/2975
f 4867/6307/4884 4872/6312/4889 4874/6316/4892 4873/6314/4891
f 4194/5396/4206 4197/5399/4209 4781/6191/4793 4204/5406/4216
f 4856/6317/4872 4855/6318/4871 4836/6255/4848 4835/6254/4847
f 4420/5690/4432 4776/6182/4788 4775/6181/4787 4403/5673/4415
f 4530/5822/4542 4535/5823/4547 4544/6319/4556 4875/6320/4893
f 4817/6229/4829 4004/5145/4016 4003/6321/4015 4561/6241/4573
f 3169/4113/3179 3168/4112/3178 4571/6275/4583 4636/5970/4648
f 4255/5470/4267 4778/6322/4790 4777/6183/4789 4256/5471/4268
f 4777/6183/4789 4778/6322/4790 4779/6323/4791 4774/6180/4786
f 4195/5397/4207 4779/6189/4791 4778/6186/4790 4196/5398/4208
f 4876/6324/4894 4877/6325/4895 4878/6326/4896 4879/6327/4897
f 4820/6235/4832 4681/6328/4693 4643/6272/4655 4665/6018/4677
f 4519/5802/4531 4595/5906/4607 4654/6007/4666 4411/5803/4423
f 4053/5199/4065 4182/5384/4194 4422/5692/4434 4260/5475/4272
f 4260/5475/4272 4422/5692/4434 4230/5438/4242 4228/5436/4240
f 3169/4113/3179 4398/5668/4410 4397/5667/4409 3166/4110/3176
f 4880/6329/4898 4881/6330/4899 4882/6331/4900 4883/6332/4901
f 4552/5848/4564 4546/5840/4558 4516/5795/4528 4553/5849/4565
f 4795/6333/4807 4440/5714/4452 4443/5717/4455 4884/6334/4902
f 4884/6334/4902 4443/5717/4455 4645/5987/4657 4644/5986/4656
f 4027/5167/4039 4490/5768/4502 4885/6335/4903 4028/5168/4040
f 4487/5765/4499 4483/5761/4495 4536/5825/4548 4577/5883/4589
f 4479/5757/4491 4027/5167/4039 4026/5166/4038 4507/5786/4519
f 4487/5765/4499 4579/5885/4591 4886/6336/4904 4481/5759/4493
f 4571/5869/4583 4552/5872/4564 4549/5933/4561 4617/5932/4629
f 4887/6337/4905 3946/5080/3956 4634/5967/4646 4888/6338/4906
f 4596/5907/4608 4550/5845/4562 4884/6334/4902 4644/5986/4656
f 4535/5823/4547 4428/5700/4440 4431/5703/4443 4545/6339/4557
f 4545/6339/4557 4431/5703/4443 4029/5169/4041 4433/5705/4445
f 4889/6340/4907 3395/4374/3405 3394/4373/3404 4890/6341/4908
f 4891/6342/4909 2054/2570/2058 1094/1294/1090 3957/5092/3967
f 4411/5803/4423 4654/6007/4666 4892/6343/4910 4412/6344/4424
f 2965/6345/2975 4873/6346/4891 20/6347/4911 23/6348/4912
f 2966/6349/2976 2965/6345/2975 23/6348/4912 26/6350/4890
f 3396/4375/3406 4893/6351/4913 4233/5441/4245 3397/4376/3407
f 4781/6191/4793 4197/5399/4209 4780/6190/4792 4261/5476/4273
f 4894/6352/4914 4895/6353/4915 4896/6354/4916 4897/6355/4917
f 4233/5441/4245 4898/6356/4918 3387/4365/3397 3430/4417/3440
f 4899/6357/4919 4900/6358/4920 4901/6359/4921 4898/6356/4918
f 4799/6211/4811 4798/6210/4810 4902/6360/4922 4903/6361/4923
f 4382/5651/4394 4904/6362/4924 4905/6363/4925 4379/5648/4391
f 4797/6209/4809 4286/5509/4298 4285/5508/4297 4798/6210/4810
f 4906/6364/4926 4907/6365/4927 4285/5508/4297 4284/5507/4296
f 4908/6366/4928 4909/6367/4929 4910/6368/4930 4911/6369/4931
f 4798/6210/4810 4285/5508/4297 4907/6365/4927 4902/6360/4922
f 3411/4392/3421 4912/6370/4932 4913/6371/4933 3412/4393/3422
f 4368/6372/4380 4914/6373/4934 4915/6374/4935 4916/6375/4936
f 4880/6329/4898 4200/5402/4212 4917/6376/4937 4918/6377/4938
f 4904/6362/4924 4908/6366/4928 4911/6369/4931 4905/6363/4925
f 4919/6378/4939 4920/6379/4940 4909/6367/4929 4908/6366/4928
f 4897/6355/4917 4921/6380/4941 4922/6381/4942 4923/6382/4943
f 4924/6383/4944 4925/6384/4945 4926/6385/4946 4927/6386/4947
f 4928/6387/4948 4796/6208/4808 4799/6211/4811 4929/6388/4949
f 4930/6389/4950 4931/6390/4951 4932/6391/4952 4933/6392/4953
f 4934/6393/4954 4935/6394/4955 4936/6395/4956 4937/6396/4957
f 4938/6397/4958 4939/6398/4959 4940/6399/4960 4941/6400/4961
f 4942/6401/4962 4934/6393/4954 4937/6396/4957 4943/6402/4963
f 4929/6388/4949 4799/6211/4811 4903/6361/4923 4944/6403/4964
f 3412/4393/3422 4913/6371/4933 4945/6404/4965 4044/5186/4056
f 4937/6405/4957 4936/6406/4956 4946/6407/4966 4947/6408/4967
f 4935/6394/4955 4928/6409/4948 4929/6410/4949 4936/6395/4956
f 4936/6406/4956 4929/6388/4949 4944/6403/4964 4946/6407/4966
f 4043/5263/4055 4042/6411/4054 4948/6412/4968 4949/6413/4969
f 4765/6168/4777 4764/6167/4776 4950/6414/4970 4951/6415/4971
f 4907/6365/4927 4906/6364/4926 4920/6416/4940 4919/6417/4939
f 4952/6418/4972 4953/6419/4973 4954/6420/4974 4912/6421/4932
f 4920/6416/4940 4906/6364/4926 4955/6422/4975 4956/6423/4976
f 4909/6367/4929 4920/6379/4940 4956/6424/4976 4957/6425/4977
f 4957/6425/4977 4956/6424/4976 4958/6426/4978 4959/6427/4979
f 4956/6423/4976 4955/6422/4975 4960/6428/4980 4958/6429/4978
f 4958/6429/4978 4960/6428/4980 4961/6430/4981 4962/6431/4982
f 4959/6427/4979 4958/6426/4978 4962/6432/4982 4963/6433/4983
f 4964/6434/4984 4965/6435/4985 4966/6436/4986 4370/5631/4382
f 4967/6437/4987 4968/6438/4988 4969/6439/4989 4970/6440/4990
f 3442/4429/3452 3441/4428/3451 4110/5285/4122 4952/6441/4972
f 4953/6442/4973 4109/5284/4121 4287/5510/4299 4286/5509/4298
f 4111/5286/4123 4110/5285/4122 3441/4428/3451 3445/4432/3455
f 4968/6438/4988 4108/5283/4120 4111/5286/4123 4969/6439/4989
f 4971/6443/4991 4967/6437/4987 4970/6440/4990 4972/6444/4992
f 4969/6439/4989 4111/5286/4123 3445/4432/3455 3860/4975/3870
f 4970/6440/4990 4969/6439/4989 3860/4975/3870 3859/4974/3869
f 4973/6445/4993 4974/6446/4994 4975/6447/4995 4976/6448/4996
f 4972/6444/4992 4970/6440/4990 3859/4974/3869 3626/4637/3636
f 2942/3880/2952 4972/6444/4992 3626/4637/3636 3456/4446/3466
f 4977/6449/4997 4978/6450/4998 4979/6451/4999 4980/6452/5000
f 4981/6453/5001 4982/6454/5002 4983/6455/5003 4984/6456/5004
f 4985/6457/5005 4986/6458/5006 4978/6450/4998 4977/6449/4997
f 2943/3881/2953 2942/3880/2952 3456/4446/3466 3455/4445/3465
f 4943/6459/4963 4937/6405/4957 4947/6408/4967 4987/6460/5007
f 4097/5264/4109 4043/5263/4055 4949/6413/4969 4988/6461/5008
f 4942/6401/4962 4943/6402/4963 4989/6462/5009 4990/6463/5010
f 4974/6446/4994 2940/3878/2950 2943/3881/2953 4975/6447/4995
f 4991/6464/5011 4992/6465/5012 4993/6466/5013 4994/6467/5014
f 4975/6447/4995 2943/3881/2953 3455/4445/3465 3831/4938/3841
f 4976/6448/4996 4975/6447/4995 3831/4938/3841 3467/4459/3477
f 4995/6468/5015 4996/6469/5016 4997/6470/5017 4998/6471/5018
f 4996/6469/5016 4999/6472/5019 5000/6473/5020 4997/6470/5017
f 4997/6470/5017 5000/6473/5020 5001/6474/5021 5002/6475/5022
f 4998/6471/5018 4997/6470/5017 5002/6475/5022 5003/6476/5023
f 4995/6477/5015 5004/6478/5024 5005/6479/5025 4996/6480/5016
f 5004/6478/5024 5006/6481/5026 5007/6482/5027 5005/6479/5025
f 5005/6483/5025 5007/6484/5027 4933/6392/4953 5008/6485/5028
f 4992/6465/5012 4991/6464/5011 3427/4413/3437 3956/5091/3966
f 5009/6486/5029 5006/6481/5026 4994/6467/5014 4993/6466/5013
f 5010/6487/5030 5011/6488/5031 5012/6489/5032 5013/6490/5033
f 5014/6491/5034 5015/6492/5035 5016/6493/5036 5017/6494/5037
f 5013/6490/5033 5012/6489/5032 3436/4423/3446 3435/4422/3445
f 5016/6493/5036 5013/6490/5033 3435/4422/3445 3421/4405/3431
f 5018/6495/5038 5017/6494/5037 3418/4402/3428 3417/4401/3427
f 5019/6496/5039 5014/6491/5034 5017/6494/5037 5018/6495/5038
f 5017/6494/5037 5016/6493/5036 3421/4405/3431 3418/4402/3428
f 3440/4427/3450 3857/4972/3867 3431/4418/3441 3434/4421/3444
f 4901/6359/4921 5018/6495/5038 3417/4401/3427 3388/4366/3398
f 4899/6357/4919 4898/6356/4918 4233/5441/4245 4893/6351/4913
f 4898/6356/4918 4901/6359/4921 3388/4366/3398 3387/4365/3397
f 5020/6497/5040 4889/6498/4907 4890/6499/4908 5021/6500/5041
f 5022/6501/5042 5023/6502/5043 5024/6503/5044 5025/6504/5045
f 5021/6500/5041 4890/6499/4908 3406/4387/3416 3405/4386/3415
f 5026/6505/5046 4951/6415/4971 4950/6414/4970 5027/6506/5047
f 4256/5471/4268 4056/5202/4068 4055/5201/4067 4198/5400/4210
f 5025/6504/5045 5024/6503/5044 5028/6507/5048 4662/6015/4674
f 3403/4383/3413 3402/4382/3412 3394/4373/3404 3397/4376/3407
f 5029/6508/5049 5030/6509/5050 5024/6503/5044 5023/6502/5043
f 5026/6510/5046 4879/6511/4897 5031/6512/5051 5032/6513/5052
f 4990/6514/5010 5029/6515/5049 4889/6498/4907 5020/6497/5040
f 5033/6516/5053 5034/6517/5054 4981/6518/5001 4984/6519/5004 5035/6520/5055
f 5032/6513/5052 5031/6512/5051 5028/6521/5048 5036/6522/5056
f 4890/6341/4908 3394/4373/3404 3402/4382/3412 3406/6200/3416
f 4991/6464/5011 4994/6467/5014 5037/6523/5057 5038/6524/5058
f 5022/6501/5042 5039/6525/5059 4893/6351/4913 3396/4375/3406
f 5040/6526/5060 5036/6522/5056 5030/6527/5050 4989/6528/5009
f 5039/6525/5059 5041/6529/5061 4899/6357/4919 4893/6351/4913
f 5042/6530/5062 5043/6531/5063 5041/6529/5061 5039/6525/5059
f 5041/6529/5061 5044/6532/5064 4900/6358/4920 4899/6357/4919
f 5044/6532/5064 5045/6533/5065 5019/6496/5039 4900/6358/4920
f 5045/6533/5065 5046/6534/5066 5014/6491/5034 5019/6496/5039
f 4895/6353/4915 4878/6535/4896 4877/6536/4895 4896/6354/4916
f 5046/6534/5066 5047/6537/5067 5015/6492/5035 5014/6491/5034
f 5047/6537/5067 5048/6538/5068 5010/6487/5030 5015/6492/5035
f 5048/6538/5068 5049/6539/5069 5011/6488/5031 5010/6487/5030
f 5015/6492/5035 5010/6487/5030 5013/6490/5033 5016/6493/5036
f 4930/6389/4950 4933/6392/4953 5007/6484/5027 5050/6540/5070
f 3429/4416/3439 3428/4414/3438 5038/6524/5058 5051/6541/5071
f 3428/4414/3438 3427/4413/3437 4991/6464/5011 5038/6524/5058
f 5038/6524/5058 5037/6523/5057 5052/6542/5072 5051/6541/5071
f 5051/6543/5071 5052/6544/5072 5053/6545/5073 5054/6546/5074
f 3429/6547/3439 5051/6543/5071 5054/6546/5074 3466/4458/3476
f 5054/6546/5074 5053/6545/5073 4973/6445/4993 4976/6448/4996
f 4988/6461/5008 5055/6548/5075 5020/6549/5040 5021/6550/5041
f 3466/4458/3476 5054/6546/5074 4976/6448/4996 3467/4459/3477
f 5003/6476/5023 5056/6551/5076 4974/6446/4994 4973/6445/4993
f 5056/6551/5076 4980/6452/5000 2940/3878/2950 4974/6446/4994
f 4948/6412/4968 5057/6552/5077 5058/6553/5078 4949/6413/4969
f 4972/6444/4992 2942/3880/2952 2941/3879/2951 4971/6443/4991
f 4097/5264/4109 4988/6461/5008 5021/6550/5041 3405/6554/3415
f 4980/6452/5000 4979/6451/4999 2941/3879/2951 2940/3878/2950
f 4979/6451/4999 5059/6555/5079 4971/6443/4991 2941/3879/2951
f 5059/6555/5079 5060/6556/5080 4967/6437/4987 4971/6443/4991
f 4945/6557/4965 5061/6558/5081 5057/6552/5077 4948/6412/4968
f 5060/6556/5080 5062/6559/5082 4968/6438/4988 4967/6437/4987
f 5062/6559/5082 5063/6560/5083 4108/5283/4120 4968/6438/4988
f 5063/6560/5083 4287/5510/4299 4109/5284/4121 4108/5283/4120
f 4911/6369/4931 4910/6368/4930 4927/6386/4947 4926/6385/4946
f 4900/6358/4920 5019/6496/5039 5018/6495/5038 4901/6359/4921
f 4042/5182/4054 4044/5186/4056 4945/6404/4965 4948/6561/4968
f 4913/6371/4933 5064/6562/5084 5061/6563/5081 4945/6404/4965
f 4110/5285/4122 4109/5284/4121 4953/6442/4973 4952/6441/4972
f 3411/4392/3421 3442/4429/3452 4952/6441/4972 4912/6370/4932
f 4912/6421/4932 4954/6420/4974 5064/6564/5084 4913/6565/4933
f 4992/6465/5012 5065/6566/5085 5066/6567/5086 4993/6466/5013
f 5027/6568/5047 5067/6569/5087 5068/6570/5088 4876/6571/4894
f 5069/6572/5089 4941/6400/4961 5070/6573/5090 5071/6574/5091
f 4876/6575/4894 5068/6576/5088 5072/6577/5092 4877/6578/4895
f 5073/6579/5093 4203/5405/4215 4938/6580/4958 5074/6581/5094
f 4052/5198/4064 3060/3998/3070 2992/3930/3002 4788/6199/4800
f 2238/2810/2244 1419/1699/1417 4239/5448/4251 4180/5447/4192
f 1143/1346/1141 2238/2811/2244 4180/5382/4192 3997/5135/4009
f 5075/6582/5095 4894/6352/4914 4897/6355/4917 4923/6382/4943
f 5076/6583/5096 5075/6582/5095 4923/6382/4943 5077/6584/5097
f 4049/5193/4061 3371/4348/3381 4148/5336/4160 4147/5335/4159
f 4946/6407/4966 5078/6585/5098 5079/6586/5099 4947/6408/4967
f 5080/6587/5100 5076/6583/5096 5077/6584/5097 5081/6588/5101
f 4764/6167/4776 5082/6589/5102 5083/6590/5103 4950/6414/4970
f 4925/6384/4945 5084/6591/5104 5085/6592/5105 5086/6593/5106
f 5087/6594/5107 5080/6595/5100 5081/6596/5101 5088/6597/5108
f 4941/6400/4961 4940/6399/4960 5089/6598/5109 5070/6573/5090
f 4089/5253/4101 3034/3972/3044 3610/6599/3620 3123/5254/3133
f 5090/6600/5110 5091/6601/5111 5092/6602/5112 5093/6603/5113
f 5091/6601/5111 5087/6594/5107 5088/6597/5108 5092/6602/5112
f 5094/6604/5114 5095/6605/5115 5096/6606/5116 5097/6607/5117
f 5098/6608/5118 5099/6609/5119 5100/6610/5120 5101/6611/5121
f 5099/6612/5119 5090/6600/5110 5093/6603/5113 5100/6613/5120
f 5102/6614/5122 5081/6588/5101 5077/6584/5097 5103/6615/5123
f 4938/6397/4958 4941/6400/4961 5069/6572/5089 5074/6616/5094
f 5104/6617/5124 5105/6618/5125 5106/6619/5126 4932/6620/4952
f 5105/6618/5125 5107/6621/5127 5108/6622/5128 5106/6619/5126
f 5106/6623/5126 5108/6624/5128 4999/6472/5019 5008/6485/5028
f 4932/6391/4952 5106/6623/5126 5008/6485/5028 4933/6392/4953
f 5107/6625/5127 5034/6626/5054 5033/6627/5053 5109/6628/5129
f 5109/6629/5129 5033/6630/5053 5110/6631/5130 5111/6632/5131
f 5111/6632/5131 5112/6633/5132 5113/6634/5133 5114/6635/5134
f 5112/6633/5132 4371/6636/4383 5115/6637/5135 5113/6634/5133
f 5113/6634/5133 5115/6637/5135 4985/6457/5005 5116/6638/5136
f 5114/6635/5134 5113/6634/5133 5116/6638/5136 5001/6474/5021
f 4955/6422/4975 4906/6364/4926 4284/5507/4296 5117/6639/5137
f 5117/6639/5137 4284/5507/4296 4287/5510/4299 5063/6560/5083
f 4961/6430/4981 4960/6428/4980 5118/6640/5138 5119/6641/5139
f 4960/6428/4980 4955/6422/4975 5117/6639/5137 5118/6640/5138
f 5118/6640/5138 5117/6639/5137 5063/6560/5083 5062/6559/5082
f 5119/6641/5139 5118/6640/5138 5062/6559/5082 5060/6556/5080
f 4986/6458/5006 5120/6642/5140 5121/6643/5141 4978/6450/4998
f 5120/6642/5140 4961/6430/4981 5119/6641/5139 5121/6643/5141
f 5121/6643/5141 5119/6641/5139 5060/6556/5080 5059/6555/5079
f 4978/6450/4998 5121/6643/5141 5059/6555/5079 4979/6451/4999
f 5001/6474/5021 5116/6638/5136 5122/6644/5142 5002/6475/5022
f 5116/6638/5136 4985/6457/5005 4977/6449/4997 5122/6644/5142
f 5050/6645/5070 5007/6482/5027 5006/6481/5026 5009/6486/5029
f 5123/6646/5143 5124/6647/5144 5125/6648/5145 5126/6649/5146
f 5127/6650/5147 5128/6651/5148 5129/6652/5149 5130/6653/5150
f 5128/6651/5148 5131/6654/5151 5132/6655/5152 5129/6652/5149
f 5129/6652/5149 5132/6655/5152 5049/6539/5069 5048/6538/5068
f 5130/6653/5150 5129/6652/5149 5048/6538/5068 5047/6537/5067
f 5133/6656/5153 5134/6657/5154 5046/6534/5066 5045/6533/5065
f 5135/6658/5155 5127/6650/5147 5130/6653/5150 5134/6657/5154
f 5134/6657/5154 5130/6653/5150 5047/6537/5067 5046/6534/5066
f 5136/6659/5156 5137/6660/5157 5133/6656/5153 5138/6661/5158
f 5138/6661/5158 5133/6656/5153 5045/6533/5065 5044/6532/5064
f 5139/6662/5159 5136/6659/5156 5138/6661/5158 5043/6531/5063
f 5043/6531/5063 5138/6661/5158 5044/6532/5064 5041/6529/5061
f 4661/6014/4673 5139/6662/5159 5043/6531/5063 5042/6530/5062
f 5025/6504/5045 5042/6530/5062 5039/6525/5059 5022/6501/5042
f 4662/6015/4674 4661/6014/4673 5042/6530/5062 5025/6504/5045
f 5103/6615/5123 5077/6584/5097 4923/6382/4943 4922/6381/4942
f 4989/6528/5009 5030/6527/5050 5029/6515/5049 4990/6514/5010
f 5083/6663/5103 5067/6664/5087 5027/6665/5047 4950/6666/4970
f 5023/6502/5043 3395/4374/3405 4889/6340/4907 5029/6508/5049
f 5072/6577/5092 4917/6376/4937 5073/6579/5093 5140/6667/5160
f 4877/6536/4895 5072/6668/5092 5140/6669/5160 4896/6354/4916
f 3396/4375/3406 3395/4374/3405 5023/6502/5043 5022/6501/5042
f 5037/6523/5057 4994/6467/5014 5006/6481/5026 5004/6478/5024
f 5052/6542/5072 5037/6523/5057 5004/6478/5024 4995/6477/5015
f 5052/6544/5072 4995/6468/5015 4998/6471/5018 5053/6545/5073
f 5053/6545/5073 4998/6471/5018 5003/6476/5023 4973/6445/4993
f 5055/6548/5075 5058/6553/5078 4934/6393/4954 4942/6401/4962
f 3355/6670/3365 5141/6671/5161 5142/6672/5162 5143/6673/5163
f 5055/6548/5075 4942/6401/4962 4990/6463/5010 5020/6549/5040
f 4368/5629/4380 4916/6674/4936 5144/6675/5164 4369/5630/4381
f 5058/6553/5078 5057/6552/5077 4935/6394/4955 4934/6393/4954
f 5057/6552/5077 5061/6558/5081 4928/6409/4948 4935/6394/4955
f 5145/6676/5165 5146/6677/5166 5141/6678/5161 5147/6679/5167
f 5061/6558/5081 5064/6680/5084 4796/6681/4808 4928/6409/4948
f 5148/6682/5168 5149/6683/5169 5150/6684/5170 5151/6685/5171
f 4954/6686/4974 4953/6442/4973 4286/5509/4298 4797/6209/4809
f 5064/6564/5084 4954/6420/4974 4797/6687/4809 4796/6688/4808
f 5085/6592/5105 5152/6689/5172 5148/6682/5168 5151/6685/5171
f 4878/6690/4896 4895/6691/4915 4664/6692/4676 4663/6693/4675
f 5153/6694/5173 5154/6695/5174 5155/6696/5175 5156/6697/5176
f 4911/6369/4931 4926/6385/4946 5157/6698/5177 4905/6363/4925
f 4902/6360/4922 5158/6699/5178 5159/6700/5179 4903/6361/4923
f 5160/6701/5180 4369/5630/4381 5144/6675/5164 5161/6702/5181
f 4881/6330/4899 5162/6703/5182 5163/6704/5183 4882/6331/4900
f 4049/5193/4061 3409/4390/3419 3372/4349/3382 3371/4348/3381
f 5088/6597/5108 5164/6705/5184 5165/6706/5185 5092/6602/5112
f 4380/5649/4392 5166/6707/5186 3357/6708/3367 4823/6238/4835
f 5167/6709/5187 5168/6710/5188 5169/6711/5189 5170/6712/5190
f 5170/6712/5190 5169/6711/5189 5171/6713/5191 5172/6714/5192
f 5067/6569/5087 5173/6715/5193 4918/6716/4938 5068/6570/5088
f 5174/6717/5194 5175/6718/5195 5176/6719/5196 5177/6720/5197
f 5178/6721/5198 5124/6647/5144 5123/6646/5143 4983/6455/5003
f 5092/6602/5112 5165/6706/5185 5179/6722/5199 5093/6603/5113
f 5093/6603/5113 5179/6722/5199 5180/6723/5200 5100/6613/5120
f 5181/6724/5201 5170/6712/5190 5172/6714/5192 5182/6725/5202
f 5100/6726/5120 5180/6727/5200 5178/6728/5198 5101/6729/5121
f 5110/6631/5130 5183/6730/5203 4915/6374/4935 4914/6373/4934
f 5027/6506/5047 4876/6731/4894 4879/6732/4897 5026/6505/5046
f 5184/6733/5204 5185/6734/5205 5186/6735/5206 5187/6736/5207
f 2989/3927/2999 2988/3926/2998 4102/5274/4114 4245/5456/4257
f 4084/5240/4096 4059/5205/4071 3103/4043/3113 3119/4061/3129
f 5033/6630/5053 5035/6737/5055 5183/6730/5203 5110/6631/5130
f 5097/6607/5117 5096/6606/5116 5188/6738/5208 5189/6739/5209
f 5190/6740/5210 5191/6741/5211 5125/6648/5145 5124/6647/5144
f 5192/6742/5212 5193/6743/5213 5191/6741/5211 5190/6740/5210
f 5194/6744/5214 5195/6745/5215 5193/6743/5213 5192/6742/5212
f 5172/6714/5192 5171/6713/5191 5160/6701/5180 5161/6702/5181
f 5196/6746/5216 5189/6739/5209 5188/6738/5208 5153/6747/5173
f 5137/6660/5157 5135/6658/5155 5134/6657/5154 5133/6656/5153
f 5094/6748/5114 5197/6749/5217 5198/6750/5218 5095/6751/5115
f 5197/6749/5217 5123/6646/5143 5126/6649/5146 5198/6750/5218
f 5167/6709/5187 4927/6386/4947 4910/6368/4930 5168/6710/5188
f 5199/6752/5219 5200/6753/5220 5156/6697/5176 5201/6754/5221
f 5144/6675/5164 5200/6753/5220 5199/6752/5219 5161/6702/5181
f 4880/6329/4898 4883/6332/4901 4201/5403/4213 4200/5402/4212
f 4947/6408/4967 5079/6586/5099 5202/6755/5222 4987/6460/5007
f 4914/6373/4934 4368/6372/4380 4371/6636/4383 5112/6633/5132
f 5110/6631/5130 4914/6373/4934 5112/6633/5132 5111/6632/5131
f 4999/6472/5019 5108/6624/5128 5203/6756/5223 5000/6473/5020
f 5108/6757/5128 5107/6625/5127 5109/6628/5129 5203/6758/5223
f 5203/6756/5223 5109/6629/5129 5111/6632/5131 5114/6635/5134
f 5000/6473/5020 5203/6756/5223 5114/6635/5134 5001/6474/5021
f 4981/6518/5001 5034/6517/5054 5107/6621/5127 5105/6618/5125
f 4982/6759/5002 4981/6518/5001 5105/6618/5125 5104/6617/5124
f 5204/6760/5224 5131/6654/5151 5205/6761/5225 5206/6762/5226
f 5206/6762/5226 5205/6761/5225 5090/6763/5110 5099/6609/5119
f 5131/6654/5151 5128/6651/5148 5207/6764/5227 5205/6761/5225
f 5128/6651/5148 5127/6650/5147 5208/6765/5228 5207/6764/5227
f 5207/6764/5227 5208/6765/5228 5087/6766/5107 5091/6767/5111
f 5205/6761/5225 5207/6764/5227 5091/6767/5111 5090/6763/5110
f 5127/6650/5147 5135/6658/5155 5209/6768/5229 5208/6765/5228
f 5209/6768/5229 5210/6769/5230 5076/6770/5096 5080/6771/5100
f 5136/6659/5156 5211/6772/5231 5210/6769/5230 5137/6660/5157
f 5208/6765/5228 5209/6768/5229 5080/6771/5100 5087/6766/5107
f 5210/6769/5230 5211/6772/5231 5075/6773/5095 5076/6770/5096
f 5139/6662/5159 5212/6774/5232 5211/6772/5231 5136/6659/5156
f 5211/6775/5231 5212/6776/5232 4894/6352/4914 5075/6582/5095
f 5212/6776/5232 4664/6777/4676 4895/6353/4915 4894/6352/4914
f 4212/5417/4224 4220/5427/4232 4219/5426/4231 4217/5424/4229
f 5031/6778/5051 4663/6016/4675 4662/6015/4674 5028/6507/5048
f 3389/4367/3399 2978/3916/2988 3062/4000/3072 3061/3999/3071
f 5031/6778/5051 4879/6779/4897 4878/6780/4896 4663/6016/4675
f 4191/5393/4203 2971/3909/2981 2970/3908/2980 4216/6184/4228
f 5032/6781/5052 5213/6782/5233 4951/6415/4971 5026/6505/5046
f 5069/6572/5089 5071/6574/5091 5103/6615/5123 4922/6381/4942
f 4371/5632/4383 4370/5631/4382 4966/6436/4986 5115/6783/5135
f 4926/6385/4946 4925/6384/4945 5086/6593/5106 5157/6698/5177
f 5214/6784/5234 5215/6785/5235 5195/6745/5215 5194/6744/5214
f 5160/6701/5180 4964/6434/4984 4370/5631/4382 4369/5630/4381
f 5216/6786/5236 5217/6787/5237 5215/6788/5235 5214/6789/5234
f 5168/6710/5188 4957/6425/4977 4959/6427/4979 5169/6711/5189
f 5169/6711/5189 4959/6427/4979 4963/6433/4983 5171/6713/5191
f 4910/6368/4930 4909/6367/4929 4957/6425/4977 5168/6710/5188
f 3156/4100/3166 4045/5187/4057 3383/4361/3393 4104/5277/4116
f 5079/6790/5099 4766/6169/4778 4765/6168/4777 5202/6791/5222
f 4763/6166/4775 3356/6792/3366 5082/6589/5102 4764/6167/4776
f 5202/6791/5222 4765/6168/4777 4951/6415/4971 5213/6782/5233
f 4987/6460/5007 5202/6755/5222 5213/6793/5233 5040/6526/5060
f 5078/6794/5098 4822/6237/4834 4766/6169/4778 5079/6790/5099
f 3175/4119/3185 4040/5180/4052 4090/5256/4102 3176/4120/3186
f 4382/5651/4394 4381/5650/4393 5218/6795/5238 5159/6796/5179
f 4902/6360/4922 4907/6365/4927 4919/6417/4939 5158/6699/5178
f 5158/6797/5178 4919/6378/4939 4908/6366/4928 4904/6362/4924
f 5159/6796/5179 5158/6797/5178 4904/6362/4924 4382/5651/4394
f 5083/6798/5103 5219/6799/5239 5173/6715/5193 5067/6569/5087
f 4932/6620/4952 4931/6800/4951 5098/6608/5118 5104/6617/5124
f 5098/6608/5118 5101/6611/5121 4982/6759/5002 5104/6617/5124
f 5184/6733/5204 5220/6801/5240 5221/6802/5241 5185/6734/5205
f 5131/6654/5151 5204/6760/5224 5222/6803/5242 5132/6655/5152
f 5204/6760/5224 4930/6804/4950 5050/6645/5070 5222/6803/5242
f 5222/6803/5242 5050/6645/5070 5009/6486/5029 5223/6805/5243
f 5132/6655/5152 5222/6803/5242 5223/6805/5243 5049/6539/5069
f 4982/6454/5002 5101/6806/5121 5178/6721/5198 4983/6455/5003
f 5224/6807/5244 5150/6684/5170 5147/6679/5167 3358/6808/3368
f 5036/6522/5056 5028/6521/5048 5024/6809/5044 5030/6527/5050
f 5049/6539/5069 5223/6805/5243 5066/6567/5086 5011/6488/5031
f 5223/6805/5243 5009/6486/5029 4993/6466/5013 5066/6567/5086
f 5066/6567/5086 5065/6566/5085 5012/6489/5032 5011/6488/5031
f 5058/6553/5078 5055/6548/5075 4988/6461/5008 4949/6413/4969
f 5065/6566/5085 4992/6465/5012 3956/5091/3966 3955/5090/3965
f 5012/6489/5032 5065/6566/5085 3955/5090/3965 3436/4423/3446
f 4281/6810/4293 4280/5502/4292 5225/6811/5245 5226/6812/5246
f 4280/5502/4292 3953/5087/3963 5227/6813/5247 5225/6811/5245
f 5225/6811/5245 5227/6813/5247 4295/5526/4307 3470/5529/3480
f 5226/6812/5246 5225/6811/5245 3470/5529/3480 3032/6814/3042
f 3422/4408/3432 3936/5069/3946 3956/5091/3966 3427/4413/3437
f 136/138/132 2392/3045/2398 3031/3969/3041 3030/3968/3040
f 3953/5087/3963 3952/5086/3962 5228/6815/5248 5227/6813/5247
f 3952/5086/3962 3439/4426/3449 5229/6816/5249 5228/6815/5248
f 5228/6815/5248 5229/6816/5249 3028/3966/3038 3469/4461/3479
f 5227/6813/5247 5228/6815/5248 3469/4461/3479 4295/5526/4307
f 2395/3048/2401 5230/6817/5250 5231/6818/5251 2396/3049/2402
f 3934/5067/3944 3025/3963/3035 3028/3966/3038 5229/6816/5249
f 3426/4412/3436 3934/5067/3944 5229/6816/5249 3439/4426/3449
f 4787/6198/4799 4785/6196/4797 5232/6819/5252 5233/6820/5253
f 3392/4371/3402 3212/4166/3222 5234/6821/5254 5235/6822/5255
f 2403/3056/2409 2406/3059/2412 5236/6823/5256 5237/6824/5257
f 5238/6825/5258 5239/6826/5259 5240/6827/5260 5241/6828/5261
f 5239/6826/5259 5242/6829/5262 5243/6830/5263 5240/6827/5260
f 5240/6827/5260 5243/6830/5263 5244/6831/5264 5245/6832/5265
f 5241/6828/5261 5240/6827/5260 5245/6832/5265 5246/6833/5266
f 5247/6834/5267 5248/6835/5268 5249/6836/5269 5250/6837/5270
f 5248/6835/5268 5238/6825/5258 5241/6828/5261 5249/6836/5269
f 5249/6836/5269 5241/6828/5261 5246/6833/5266 5251/6838/5271
f 5250/6837/5270 5249/6836/5269 5251/6838/5271 5252/6839/5272
f 5253/6840/5273 5254/6841/5274 5255/6842/5275 5256/6843/5276
f 5254/6841/5274 5257/6844/5277 5258/6845/5278 5255/6842/5275
f 5255/6842/5275 5258/6845/5278 5259/6846/5279 5260/6847/5280
f 5256/6843/5276 5255/6842/5275 5260/6847/5280 5261/6848/5281
f 5242/6829/5262 5262/6849/5282 5263/6850/5283 5243/6830/5263
f 5262/6849/5282 5264/6851/5284 5265/6852/5285 5263/6850/5283
f 5263/6850/5283 5265/6852/5285 5266/6853/5286 5267/6854/5287
f 5243/6830/5263 5263/6850/5283 5267/6854/5287 5244/6831/5264
f 5268/6855/5288 5269/6856/5289 5270/6857/5290 5271/6858/5291
f 5269/6856/5289 5253/6840/5273 5256/6843/5276 5270/6857/5290
f 5270/6857/5290 5256/6843/5276 5261/6848/5281 5272/6859/5292
f 5271/6858/5291 5270/6857/5290 5272/6859/5292 5273/6860/5293
f 4785/6196/4797 4784/6195/4796 5274/6861/5294 5232/6819/5252
f 3212/4166/3222 3211/4165/3221 5275/6862/5295 5234/6821/5254
f 5177/6720/5197 5176/6719/5196 5276/6863/5296 5277/6864/5297
f 5175/6718/5195 4789/6201/4801 4790/6202/4802 5176/6719/5196
f 5176/6719/5196 4790/6202/4802 5278/6865/5298 5276/6863/5296
f 3625/4824/3635 5279/6866/5299 5280/6867/5300 3622/6868/3632
f 5281/6869/5301 5250/6837/5270 5252/6839/5272 5282/6870/5302
f 3715/6871/3725 3714/6872/3724 5283/6873/5303 5284/6874/5304
f 4869/6309/4886 5285/6875/5305 5286/6876/5306 4870/6310/4887
f 5285/6875/5305 5268/6855/5288 5271/6858/5291 5286/6876/5306
f 5286/6876/5306 5271/6858/5291 5273/6860/5293 5287/6877/5307
f 4870/6310/4887 5286/6876/5306 5287/6877/5307 5288/6878/5308
f 5257/6844/5277 5289/6879/5309 5290/6880/5310 5258/6845/5278
f 5289/6879/5309 5291/6881/5311 5292/6882/5312 5290/6880/5310
f 5290/6880/5310 5292/6882/5312 5293/6883/5313 5294/6884/5314
f 5258/6845/5278 5290/6880/5310 5294/6884/5314 5259/6846/5279
f 5291/6881/5311 5295/6885/5315 5296/6886/5316 5292/6882/5312
f 5295/6885/5315 5297/6887/5317 5298/6888/5318 5296/6886/5316
f 5296/6886/5316 5298/6888/5318 5299/6889/5319 5300/6890/5320
f 5292/6882/5312 5296/6886/5316 5300/6890/5320 5293/6883/5313
f 4783/6891/4795 5301/6892/5321 5302/6893/5322 4784/6894/4796
f 5302/6893/5322 4871/6311/4888 5303/6895/5323 5304/6896/5324
f 4784/6897/4796 5302/6898/5322 5304/6899/5324 5274/6900/5294
f 5297/6887/5317 5305/6901/5325 5306/6902/5326 5298/6888/5318
f 5305/6901/5325 2477/3139/2483 2476/3138/2482 5306/6902/5326
f 5306/6902/5326 2476/3138/2482 2479/3141/2485 5307/6903/5327
f 5298/6888/5318 5306/6902/5326 5307/6903/5327 5299/6889/5319
f 4871/6311/4888 4870/6310/4887 5288/6878/5308 5303/6895/5323
f 3344/4321/3354 3343/4320/3353 5308/6904/5328 5309/6905/5329
f 5264/6851/5284 5174/6717/5194 5177/6720/5197 5265/6852/5285
f 5265/6852/5285 5177/6720/5197 5277/6864/5297 5266/6853/5286
f 4790/6202/4802 4787/6198/4799 5233/6820/5253 5278/6865/5298
f 3393/4372/3403 3392/4371/3402 5235/6822/5255 5310/6906/5330
f 5311/6907/5331 5312/6908/5332 5313/6909/5333 5230/6817/5250
f 5312/6908/5332 5314/6910/5334 5281/6869/5301 5313/6909/5333
f 5313/6909/5333 5281/6869/5301 5282/6870/5302 5315/6911/5335
f 5230/6817/5250 5313/6909/5333 5315/6911/5335 5231/6818/5251
f 3732/4800/3742 3735/4803/3745 5316/6912/5336 5317/6913/5337
f 3735/4803/3745 3715/4775/3725 5284/6914/5304 5316/6912/5336
f 5316/6915/5336 5284/6874/5304 5314/6910/5334 5312/6908/5332
f 5317/6916/5337 5316/6915/5336 5312/6908/5332 5311/6907/5331
f 5310/6906/5330 5235/6822/5255 4786/6197/4798 4789/6201/4801
f 3760/6917/3770 3622/6868/3632 5280/6867/5300 5318/6918/5338
f 5280/6867/5300 5279/6866/5299 5175/6718/5195 5174/6717/5194
f 5319/6919/5339 5320/6920/5340 5321/6921/5341 5322/6922/5342
f 5318/6918/5338 5280/6867/5300 5174/6717/5194 5264/6851/5284
f 5309/6905/5329 5308/6904/5328 4869/6309/4886 4868/6308/4885
f 5323/6923/5343 5324/6924/5344 5325/6925/5345 5326/6926/5346
f 3774/6927/3784 3776/6928/3786 5327/6929/5347 5328/6930/5348
f 3776/6928/3786 909/3170/905 2501/3169/2507 5327/6929/5347
f 5327/6929/5347 2501/3169/2507 2477/3139/2483 5305/6901/5325
f 5328/6930/5348 5327/6929/5347 5305/6901/5325 5297/6887/5317
f 3211/5320/3221 4139/5323/4151 5329/6931/5349 5275/6932/5295
f 4139/5323/4151 3344/4321/3354 5309/6905/5329 5329/6931/5349
f 5329/6931/5349 5309/6905/5329 4868/6308/4885 5301/6892/5321
f 5275/6932/5295 5329/6931/5349 5301/6892/5321 4783/6891/4795
f 3769/4849/3779 3772/4852/3782 5330/6933/5350 5331/6934/5351
f 3772/4852/3782 3774/6927/3784 5328/6930/5348 5330/6933/5350
f 5330/6933/5350 5328/6930/5348 5297/6887/5317 5295/6885/5315
f 5331/6934/5351 5330/6933/5350 5295/6885/5315 5291/6881/5311
f 3881/5004/3891 3883/5007/3893 5332/6935/5352 5333/6936/5353
f 3883/5007/3893 3769/4849/3779 5331/6934/5351 5332/6935/5352
f 5332/6935/5352 5331/6934/5351 5291/6881/5311 5289/6879/5309
f 5333/6936/5353 5332/6935/5352 5289/6879/5309 5257/6844/5277
f 3343/4320/3353 3764/4840/3774 5334/6937/5354 5308/6904/5328
f 3764/4840/3774 3766/4844/3776 5335/6938/5355 5334/6937/5354
f 5334/6937/5354 5335/6938/5355 5268/6855/5288 5285/6875/5305
f 5308/6904/5328 5334/6937/5354 5285/6875/5305 4869/6309/4886
f 5284/6874/5304 5283/6873/5303 5247/6834/5267 5314/6910/5334
f 5336/6939/5356 5337/6940/5357 5338/6941/5358 5339/6942/5359
f 3625/4824/3635 3393/4372/3403 5310/6906/5330 5279/6866/5299
f 5279/6866/5299 5310/6906/5330 4789/6201/4801 5175/6718/5195
f 5234/6821/5254 5275/6862/5295 4783/6194/4795 4782/6193/4794
f 3766/4844/3776 3893/5020/3903 5340/6943/5360 5335/6938/5355
f 3893/5020/3903 3740/4808/3750 5341/6944/5361 5340/6943/5360
f 5340/6943/5360 5341/6944/5361 5253/6840/5273 5269/6856/5289
f 5335/6938/5355 5340/6943/5360 5269/6856/5289 5268/6855/5288
f 3758/6945/3768 3760/6917/3770 5318/6918/5338 5342/6946/5362
f 5342/6946/5362 5318/6918/5338 5264/6851/5284 5262/6849/5282
f 5343/6947/5363 5342/6946/5362 5262/6849/5282 5242/6829/5262
f 5341/6944/5361 5344/6948/5364 5254/6841/5274 5253/6840/5273
f 3714/6872/3724 3806/6949/3816 5345/6950/5365 5283/6873/5303
f 5345/6950/5365 5346/6951/5366 5238/6825/5258 5248/6835/5268
f 5283/6873/5303 5345/6950/5365 5248/6835/5268 5247/6834/5267
f 3750/6952/3760 3753/6953/3763 5347/6954/5367 5346/6951/5366
f 3753/6953/3763 3756/6955/3766 5343/6947/5363 5347/6954/5367
f 5347/6954/5367 5343/6947/5363 5242/6829/5262 5239/6826/5259
f 5346/6951/5366 5347/6954/5367 5239/6826/5259 5238/6825/5258
f 3732/4800/3742 5317/6913/5337 2522/3197/2528 2521/3196/2527
f 5235/6822/5255 5234/6821/5254 4782/6193/4794 4786/6197/4798
f 4474/5752/4486 4724/6096/4736 4477/5755/4489 4476/5754/4488
f 4505/5784/4517 5348/6956/5368 5349/6957/5369 4506/5785/4518
f 5348/6956/5368 4575/5880/4587 4653/6005/4665 5349/6957/5369
f 5349/6957/5369 4653/6005/4665 4475/5753/4487 4843/6264/4855
f 4506/5785/4518 5349/6957/5369 4843/6264/4855 4507/5786/4519
f 5350/6958/5370 4526/5811/4538 4525/5810/4537 5351/6959/5371
f 5351/6959/5371 4525/5810/4537 4524/5809/4536 4622/5946/4634
f 5352/6960/5372 5351/6961/5371 4622/5944/4634 3163/4107/3173
f 4472/5750/4484 4471/5749/4483 4523/5808/4535 4562/5859/4574
f 4470/5748/4482 4591/5900/4603 4624/5947/4636 4471/5749/4483
f 4471/5749/4483 4624/5947/4636 4524/5809/4536 4523/5808/4535
f 4562/5859/4574 4523/5808/4535 4521/5806/4533 4520/5805/4532
f 3161/4105/3171 3998/5136/4010 4001/5139/4013 3158/4102/3168
f 4001/5139/4013 4000/5138/4012 4466/5744/4478 4465/5743/4477
f 4301/5662/4313 4392/5661/4404 4435/5740/4447 4302/6962/4314
f 3158/4102/3168 4001/5139/4013 4465/5743/4477 4480/5758/4492
f 4518/5834/4530 4491/5769/4503 4425/5697/4437 4439/5713/4451
f 4481/5759/4493 4886/6336/4904 3162/4106/3172 4480/5758/4492
f 4579/5885/4591 4619/5937/4631 5352/6960/5372 4886/6336/4904
f 4886/6336/4904 5352/6960/5372 3163/4107/3173 3162/4106/3172
f 5353/6963/5373 5354/6964/5374 4455/5729/4467 4454/5728/4466
f 5355/6965/5375 5353/6966/5373 4454/5874/4466 4468/5746/4480
f 4388/5657/4400 5355/6967/5375 4468/6968/4480 4389/5658/4401
f 4648/5990/4660 4617/6274/4629 4578/5884/4590 4577/5883/4589
f 5356/6969/5376 4569/6001/4581 4604/6000/4616 5357/6970/5377
f 4478/5939/4490 4386/5655/4398 4438/6971/4450 4488/6972/4500
f 4434/5706/4446 4541/5832/4553 4570/5868/4582 4815/6227/4827
f 5358/6973/5378 4488/6974/4500 4438/5710/4450 4445/5719/4457
f 4529/5814/4541 4530/5817/4542 4875/6975/4893 4399/5669/4411
f 4637/5971/4649 4529/5814/4541 4399/5669/4411 4398/5668/4410
f 4580/5886/4592 4566/5864/4578 4569/5867/4581 5356/6976/5376
f 4646/5999/4658 4875/6320/4893 4544/6319/4556 4391/5660/4403
f 4505/5784/4517 5359/6977/5379 5360/6978/5380 5348/6956/5368
f 5359/6977/5379 4482/6979/4494 4463/6980/4475 5360/6978/5380
f 5360/6981/5380 4463/5741/4475 4466/5744/4478 4576/5882/4588
f 5348/6956/5368 5360/6978/5380 4576/5881/4588 4575/5880/4587
f 4505/5784/4517 4429/5701/4441 4508/5787/4520 5359/6977/5379
f 5359/6977/5379 4508/5787/4520 4511/5790/4523 4482/6979/4494
f 5361/6982/5381 5362/6983/5382 5353/6984/5373 5355/6967/5375
f 4400/5670/4412 4399/5669/4411 4875/6975/4893 4646/5988/4658
f 4814/6226/4826 4813/6225/4825 5363/6985/5383 5357/6970/5377
f 5364/6986/5384 5361/6982/5381 5355/6967/5375 4388/5657/4400
f 4645/5987/4657 4443/5717/4455 4442/5716/4454 4666/6987/4678
f 4827/6246/4839 4828/6247/4840 4612/5925/4624 4614/5927/4626
f 5362/6983/5382 5365/6988/5385 5354/6989/5374 5353/6984/5373
f 5366/6990/5386 4559/6991/4571 4247/5458/4259 4246/5457/4258
f 5367/6992/5387 4813/6225/4825 4424/5695/4436 4601/5912/4613
f 4944/6403/4964 5218/6993/5238 5078/6585/5098 4946/6407/4966
f 5218/6795/5238 4381/5650/4393 4822/6237/4834 5078/6794/5098
f 4381/5650/4393 4380/5649/4392 4823/6238/4835 4822/6237/4834
f 5368/6994/5388 5369/6995/5389 5201/6754/5221 5370/6996/5390
f 4628/5953/4640 4681/6997/4693 4820/6232/4832 4819/6231/4831
f 4612/5925/4624 4828/6247/4840 4815/6227/4827 4613/5926/4625
f 4304/5540/4316 4603/5915/4615 4557/5914/4569 4556/6998/4568
f 3168/6999/3178 3167/7000/3177 4547/7001/4559 4546/7002/4558
f 4632/5962/4644 4567/5981/4579 4566/7003/4578 4581/5961/4593
f 4303/5539/4315 4814/7004/4826 4603/5915/4615 4304/5540/4316
f 4547/7001/4559 3167/7000/3177 4554/7005/4566 4640/7006/4652
f 4640/7006/4652 4554/7005/4566 4557/5914/4569 4605/5917/4617
f 4603/5915/4615 4814/7004/4826 5357/7007/5377 4604/5916/4616
f 4585/6091/4597 5371/7008/5391 5372/7009/5392 4709/6071/4721
f 4580/7010/4592 5356/6969/5376 4248/5459/4260 4247/5458/4259
f 4105/5278/4117 2983/3921/2993 4185/5387/4197 4272/5491/4284
f 5373/7011/5393 5374/7012/5394 5375/7013/5395 5376/7014/5396
f 5377/7015/5397 5378/7016/5398 5373/7017/5393 5379/7018/5399
f 3156/4100/3166 4104/5277/4116 3174/4118/3184 3157/4101/3167
f 5141/7019/5161 5146/7020/5166 5380/7021/5400 5142/7022/5162
f 4148/5336/4160 3371/4348/3381 3374/4351/3384 3118/6240/3128
f 5381/7023/5401 5377/7015/5397 5379/7018/5399 5382/7024/5402
f 4249/5460/4261 4248/5459/4260 5363/6985/5383 5383/7025/5403
f 4248/5459/4260 5356/6969/5376 5357/6970/5377 5363/6985/5383
f 4584/5893/4596 5384/7026/5404 5385/7027/5405 5386/7028/5406
f 5386/7028/5406 5385/7027/5405 5365/6988/5385 5362/6983/5382
f 4584/5893/4596 5386/7028/5406 5371/7029/5391 4585/5894/4597
f 5371/7029/5391 5386/7028/5406 5362/6983/5382 5361/6982/5381
f 5372/7009/5392 5387/7030/5407 4710/6072/4722 4709/6071/4721
f 5372/7031/5392 5371/7029/5391 5361/6982/5381 5364/6986/5384
f 5387/7032/5407 4723/6095/4735 4683/6042/4695 4710/6118/4722
f 5388/7033/5408 4724/6096/4736 4723/6095/4735 5387/7032/5407
f 5388/7034/5408 4387/5656/4399 4477/5938/4489 4724/7035/4736
f 5364/6986/5384 5388/7034/5408 5387/7036/5407 5372/7031/5392
f 4388/5657/4400 4387/5656/4399 5388/7034/5408 5364/6986/5384
f 5324/6924/5344 5389/7037/5409 5390/7038/5410 5325/6925/5345
f 5389/7037/5409 5391/7039/5411 5392/7040/5412 5390/7038/5410
f 5390/7038/5410 5392/7040/5412 5393/7041/5413 5394/7042/5414
f 5325/6925/5345 5390/7038/5410 5394/7042/5414 5395/7043/5415
f 3718/4779/3728 5396/7044/5416 5397/7045/5417 3717/4778/3727
f 5396/7044/5416 5336/6939/5356 5339/6942/5359 5397/7045/5417
f 5397/7045/5417 5339/6942/5359 5398/7046/5418 5399/7047/5419
f 3717/4778/3727 5397/7045/5417 5399/7047/5419 5236/7048/5256
f 5400/7049/5420 5401/7050/5421 5402/7051/5422 5403/7052/5423
f 5401/7050/5421 5404/7053/5424 5405/7054/5425 5402/7051/5422
f 5402/7051/5422 5405/7054/5425 5406/7055/5426 5407/7056/5427
f 5403/7052/5423 5402/7051/5422 5407/7056/5427 5408/7057/5428
f 5337/6940/5357 5409/7058/5429 5410/7059/5430 5338/6941/5358
f 5409/7058/5429 5411/7060/5431 5412/7061/5432 5410/7059/5430
f 5410/7062/5430 5412/7063/5432 5413/7064/5433 5414/7065/5434
f 5338/7066/5358 5410/7062/5430 5414/7065/5434 5415/7067/5435
f 5404/7053/5424 5416/7068/5436 5417/7069/5437 5405/7054/5425
f 5416/7068/5436 2594/3313/2600 2593/3312/2599 5417/7069/5437
f 5417/7069/5437 2593/3312/2599 2596/3315/2602 5418/7070/5438
f 5405/7054/5425 5417/7069/5437 5418/7070/5438 5406/7055/5426
f 5391/7039/5411 5419/7071/5439 5420/7072/5440 5392/7040/5412
f 5419/7071/5439 5421/7073/5441 5422/7074/5442 5420/7072/5440
f 5420/7072/5440 5422/7074/5442 5423/7075/5443 5424/7076/5444
f 5392/7040/5412 5420/7072/5440 5424/7076/5444 5393/7041/5413
f 5322/6922/5342 5321/6921/5341 5425/7077/5445 5426/7078/5446
f 5320/6920/5340 5381/7023/5401 5382/7024/5402 5321/6921/5341
f 5321/6921/5341 5382/7024/5402 5427/7079/5447 5425/7077/5445
f 5276/6863/5296 5428/7080/5448 5429/7081/5449 5277/6864/5297
f 5430/7082/5450 5431/7083/5451 5432/7084/5452 5433/7085/5453
f 5434/7086/5454 5319/7087/5339 5322/7088/5342 5435/7089/5455
f 5435/7090/5455 5322/6922/5342 5426/7078/5446 5436/7091/5456
f 5382/7024/5402 5379/7018/5399 5437/7092/5457 5427/7079/5447
f 5381/7093/5401 5438/7094/5458 5439/7095/5459 5377/7096/5397
f 5411/7060/5431 5440/7097/5460 5441/7098/5461 5412/7061/5432
f 5440/7097/5460 5442/7099/5462 5443/7100/5463 5441/7098/5461
f 5441/7101/5461 5443/7102/5463 5444/7103/5464 5445/7104/5465
f 5412/7063/5432 5441/7101/5461 5445/7104/5465 5413/7064/5433
f 5379/7018/5399 5373/7017/5393 5376/7105/5396 5437/7092/5457
f 5377/7096/5397 5439/7095/5459 5446/7106/5466 5378/7107/5398
f 5326/6926/5346 5325/6925/5345 5395/7043/5415 5447/7108/5467
f 5288/7109/5308 5448/7110/5468 5449/7111/5469 5303/7112/5323
f 5442/7099/5462 5450/7113/5470 5451/7114/5471 5443/7100/5463
f 5450/7113/5470 5434/7086/5454 5435/7089/5455 5451/7114/5471
f 5451/7115/5471 5435/7090/5455 5436/7091/5456 5452/7116/5472
f 5443/7102/5463 5451/7115/5471 5452/7116/5472 5444/7103/5464
f 5453/7117/5473 5323/6923/5343 5326/6926/5346 5454/7118/5474
f 5454/7118/5474 5326/6926/5346 5447/7108/5467 5455/7119/5475
f 5374/7120/5394 5454/7118/5474 5455/7119/5475 5375/7121/5395
f 5421/7073/5441 5456/7122/5476 5457/7123/5477 5422/7074/5442
f 5456/7122/5476 5458/7124/5478 5459/7125/5479 5457/7123/5477
f 5457/7123/5477 5459/7125/5479 5460/7126/5480 5461/7127/5481
f 5422/7074/5442 5457/7123/5477 5461/7127/5481 5423/7075/5443
f 5376/7014/5396 5375/7013/5395 5462/7128/5482 5463/7129/5483
f 5464/7130/5484 5465/7131/5485 5466/7132/5486 5467/7133/5487
f 5458/7124/5478 5468/7134/5488 5469/7135/5489 5459/7125/5479
f 5468/7134/5488 5400/7049/5420 5403/7052/5423 5469/7135/5489
f 5469/7135/5489 5403/7052/5423 5408/7057/5428 5470/7136/5490
f 5459/7125/5479 5469/7135/5489 5470/7136/5490 5460/7126/5480
f 5339/7137/5359 5338/7066/5358 5415/7067/5435 5398/7138/5418
f 5337/6940/5357 5336/6939/5356 5471/7139/5491 5472/7140/5492
f 5473/7141/5493 5474/7142/5494 5267/6854/5287 5266/6853/5286
f 5415/7067/5435 5475/7143/5495 5476/7144/5496 5398/7138/5418
f 5259/7145/5279 5294/7146/5314 5477/7147/5497 5478/7148/5498
f 5294/7146/5314 5293/7149/5313 5479/7150/5499 5477/7147/5497
f 5477/7147/5497 5479/7150/5499 5400/7049/5420 5468/7134/5488
f 5478/7148/5498 5477/7147/5497 5468/7134/5488 5458/7124/5478
f 5261/6848/5281 5260/6847/5280 5480/7151/5500 5481/7152/5501
f 5260/7153/5280 5259/7145/5279 5478/7148/5498 5480/7154/5500
f 5480/7154/5500 5478/7148/5498 5458/7124/5478 5456/7122/5476
f 5481/7155/5501 5480/7154/5500 5456/7122/5476 5421/7073/5441
f 5376/7105/5396 5463/7156/5483 5482/7157/5502 5437/7092/5457
f 5474/7142/5494 5450/7113/5470 5442/7099/5462 5483/7158/5503
f 5449/7111/5469 5448/7110/5468 5324/6924/5344 5323/6923/5343
f 5395/7043/5415 5484/7159/5504 5485/7160/5505 5447/7108/5467
f 5483/7158/5503 5442/7099/5462 5440/7097/5460 5486/7161/5506
f 5437/7092/5457 5482/7157/5502 5487/7162/5507 5427/7079/5447
f 5486/7161/5506 5440/7097/5460 5411/7060/5431 5488/7163/5508
f 5320/7164/5340 5319/7087/5339 5429/7081/5449 5428/7080/5448
f 2667/3410/2673 5311/6907/5331 5230/6817/5250 2395/3048/2401
f 5429/7081/5449 5319/7087/5339 5434/7086/5454 5473/7141/5493
f 5438/7094/5458 5381/7093/5401 5320/7164/5340 5428/7080/5448
f 5488/7163/5508 5411/7060/5431 5409/7058/5429 5489/7165/5509
f 5426/7078/5446 5425/7077/5445 5490/7166/5510 5491/7167/5511
f 5273/6860/5293 5272/6859/5292 5492/7168/5512 5493/7169/5513
f 5272/6859/5292 5261/6848/5281 5481/7152/5501 5492/7168/5512
f 5492/7170/5512 5481/7155/5501 5421/7073/5441 5419/7071/5439
f 5493/7171/5513 5492/7170/5512 5419/7071/5439 5391/7039/5411
f 5299/7172/5319 5307/7173/5327 5494/7174/5514 5495/7175/5515
f 5307/6903/5327 2479/3141/2485 2675/3423/2681 5494/7176/5514
f 5494/7174/5514 2675/3424/2681 2594/3313/2600 5416/7068/5436
f 5495/7175/5515 5494/7174/5514 5416/7068/5436 5404/7053/5424
f 5471/7139/5491 5336/6939/5356 5396/7044/5416 5496/7177/5516
f 5489/7165/5509 5409/7058/5429 5337/6940/5357 5472/7140/5492
f 5293/7149/5313 5300/7178/5320 5497/7179/5517 5479/7150/5499
f 5300/7178/5320 5299/7172/5319 5495/7175/5515 5497/7179/5517
f 5497/7179/5517 5495/7175/5515 5404/7053/5424 5401/7050/5421
f 5479/7150/5499 5497/7179/5517 5401/7050/5421 5400/7049/5420
f 5496/7177/5516 5396/7044/5416 3718/4779/3728 5498/7180/5518
f 5288/7109/5308 5287/7181/5307 5499/7182/5519 5448/7110/5468
f 5287/7181/5307 5273/7183/5293 5493/7171/5513 5499/7182/5519
f 5499/7182/5519 5493/7171/5513 5391/7039/5411 5389/7037/5409
f 5448/7110/5468 5499/7182/5519 5389/7037/5409 5324/6924/5344
f 5406/7055/5426 5418/7070/5438 5500/7184/5520 5501/7185/5521
f 5418/7070/5438 2596/3315/2602 2682/3434/2688 5500/7184/5520
f 5500/7186/5520 2682/3438/2688 2684/3437/2690 5502/7187/5522
f 5501/7188/5521 5500/7186/5520 5502/7187/5522 5503/7189/5523
f 5393/7190/5413 5424/7191/5444 5504/7192/5524 5505/7193/5525
f 5424/7191/5444 5423/7194/5443 5506/7195/5526 5504/7192/5524
f 5504/7192/5524 5506/7195/5526 5507/7196/5527 5508/7197/5528
f 5505/7193/5525 5504/7192/5524 5508/7197/5528 5509/7198/5529
f 5510/7199/5530 5511/7200/5531 5512/7201/5532 5491/7167/5511 5513/7202/5533 5514/7203/5534
f 5425/7077/5445 5427/7079/5447 5487/7162/5507 5490/7166/5510
f 5515/7204/5535 5516/7205/5536 5517/7206/5537 5518/7207/5538
f 5519/7208/5539 5520/7209/5540 5510/7199/5530 5514/7203/5534 5521/7210/5541
f 5522/7211/5542 2706/3464/2712 2705/3463/2711 5432/7084/5452
f 5436/7091/5456 5426/7078/5446 5491/7167/5511 5512/7201/5532
f 5523/7212/5543 5515/7204/5535 5518/7207/5538 5513/7202/5533
f 5487/7162/5507 5482/7157/5502 5524/7213/5544 5523/7212/5543
f 5524/7213/5544 5525/7214/5545 5515/7204/5535 5523/7212/5543
f 5413/7064/5433 5445/7104/5465 5520/7209/5540 5519/7208/5539
f 5445/7104/5465 5444/7103/5464 5510/7199/5530 5520/7209/5540
f 5482/7215/5502 5463/7129/5483 5526/7216/5546 5524/7217/5544
f 5526/7216/5546 5464/7130/5484 5525/7218/5545 5524/7217/5544
f 5485/7219/5505 5484/7220/5504 5527/7221/5547 5528/7222/5548
f 5527/7221/5547 5529/7223/5549 5530/7224/5550 5531/7225/5551 5528/7222/5548
f 5444/7103/5464 5452/7116/5472 5511/7200/5531 5510/7199/5530
f 5452/7116/5472 5436/7091/5456 5512/7201/5532 5511/7200/5531
f 5532/7226/5552 5476/7144/5496 5475/7143/5495 5533/7227/5553 5534/7228/5554
f 5375/7121/5395 5455/7119/5475 5535/7229/5555 5462/7230/5482
f 5455/7119/5475 5447/7108/5467 5485/7160/5505 5535/7229/5555
f 5535/7231/5555 5485/7219/5505 5528/7222/5548 5536/7232/5556
f 5462/7128/5482 5535/7233/5555 5536/7234/5556 5537/7235/5557
f 5461/7236/5481 5460/7237/5480 5538/7238/5558 5539/7239/5559
f 5539/7239/5559 5538/7238/5558 5540/7240/5560 5541/7241/5561
f 5460/7237/5480 5470/7242/5490 5542/7243/5562 5538/7238/5558
f 5470/7242/5490 5408/7244/5428 5543/7245/5563 5542/7243/5562
f 5542/7243/5562 5543/7245/5563 5544/7246/5564 5545/7247/5565
f 5538/7238/5558 5542/7243/5562 5545/7247/5565 5540/7240/5560
f 5475/7143/5495 5546/7248/5566 5519/7208/5539 5521/7210/5541 5533/7227/5553
f 5533/7227/5553 5521/7210/5541 5547/7249/5567 5548/7250/5568
f 5394/7251/5414 5393/7190/5413 5505/7193/5525 5549/7252/5569
f 5549/7252/5569 5505/7193/5525 5509/7198/5529 5550/7253/5570
f 5484/7220/5504 5549/7252/5569 5550/7253/5570 5527/7221/5547
f 5236/6823/5256 5399/7254/5419 5532/7226/5552 5237/6824/5257
f 5399/7254/5419 5398/7138/5418 5476/7144/5496 5532/7226/5552
f 5408/7244/5428 5407/7255/5427 5551/7256/5571 5543/7245/5563
f 5407/7255/5427 5406/7257/5426 5501/7188/5521 5551/7256/5571
f 5551/7256/5571 5501/7188/5521 5503/7189/5523 5552/7258/5572
f 5543/7245/5563 5551/7256/5571 5552/7258/5572 5544/7246/5564
f 5415/7067/5435 5414/7065/5434 5546/7248/5566 5475/7143/5495
f 5414/7065/5434 5413/7064/5433 5519/7208/5539 5546/7248/5566
f 5534/7228/5554 5553/7259/5573 2738/3513/2744 2737/3512/2743
f 5530/7224/5550 5554/7260/5574 5555/7261/5575 5556/7262/5576
f 5554/7260/5574 5557/7263/5577 5558/7264/5578 5555/7261/5575
f 5559/7265/5579 5560/7266/5580 5561/7267/5581 5562/7268/5582
f 5556/7262/5576 5555/7261/5575 5563/7269/5583 5564/7270/5584
f 2738/3513/2744 5553/7259/5573 5433/7085/5453 2751/3526/2757
f 5503/7189/5523 5565/7271/5585 5561/7267/5581 5552/7258/5572
f 5562/7268/5582 5566/7272/5586 5567/7273/5587 5568/7274/5588
f 5559/7265/5579 5562/7268/5582 5568/7274/5588 5569/7275/5589
f 5507/7196/5527 5541/7241/5561 5570/7276/5590 5571/7277/5591
f 5572/7278/5592 5518/7207/5538 5517/7206/5537 5430/7082/5450
f 5566/7272/5586 2761/3536/2767 2760/3535/2766 5567/7273/5587
f 5557/7263/5577 5573/7279/5593 5574/7280/5594 5558/7264/5578
f 5575/7281/5595 5559/7265/5579 5573/7279/5593 5570/7276/5590
f 5576/7282/5596 5577/7283/5597 5578/7284/5598 5579/7285/5599
f 848/974/844 2769/3544/2775 5498/7180/5518 3718/4779/3728
f 5579/7285/5599 5431/7083/5451 5430/7082/5450 5517/7206/5537
f 5516/7205/5536 5576/7282/5596 5579/7285/5599 5517/7206/5537
f 5515/7286/5535 5525/7218/5545 5580/7287/5600 5516/7288/5536
f 5580/7287/5600 5581/7289/5601 5576/7290/5596 5516/7288/5536
f 5525/7218/5545 5464/7130/5484 5467/7133/5487 5580/7287/5600
f 5467/7133/5487 5582/7291/5602 5581/7289/5601 5580/7287/5600
f 1185/1390/1183 2773/3551/2779 4872/6312/4889 4035/5175/4047
f 5531/7225/5551 5530/7224/5550 5556/7262/5576 5583/7292/5603
f 5432/7084/5452 5431/7083/5451 5584/7293/5604 5522/7211/5542
f 5537/7235/5557 5536/7234/5556 5585/7294/5605 5465/7131/5485
f 5536/7234/5556 5528/7295/5548 5531/7296/5551 5585/7294/5605
f 5585/7294/5605 5531/7296/5551 5583/7297/5603 5586/7298/5606
f 5465/7131/5485 5585/7294/5605 5586/7298/5606 5466/7132/5486
f 5573/7279/5593 5559/7265/5579 5569/7275/5589 5574/7280/5594
f 5587/7299/5607 5564/7300/5584 5588/7301/5608 5589/7302/5609
f 5467/7133/5487 5466/7132/5486 5590/7303/5610 5582/7291/5602
f 5582/7291/5602 5590/7303/5610 5591/7304/5611 5592/7305/5612
f 5522/7306/5542 5584/7307/5604 5593/7308/5613 5594/7309/5614
f 5595/7310/5615 5596/7311/5616 5597/7312/5617 5598/7313/5618
f 5598/7313/5618 5597/7312/5617 5599/7314/5619 5600/7315/5620
f 5598/7313/5618 5600/7315/5620 5601/7316/5621 5602/7317/5622
f 5555/7261/5575 5558/7264/5578 5603/7318/5623 5563/7269/5583
f 5433/7085/5453 5432/7084/5452 2705/3463/2711 2751/3526/2757
f 2795/3579/2801 5594/7309/5614 5604/7319/5624 2796/3580/2802
f 5605/7320/5625 5606/7321/5626 5607/7322/5627 5608/7323/5628
f 5563/7324/5583 5603/7325/5623 5602/7317/5622 5606/7321/5626
f 5608/7323/5628 5607/7322/5627 5609/7326/5629 5610/7327/5630
f 5611/7328/5631 5612/7329/5632 5596/7311/5616 5595/7310/5615
f 5431/7083/5451 5579/7285/5599 5578/7284/5598 5584/7293/5604
f 5567/7330/5587 2760/3594/2766 2806/3593/2812 5596/7311/5616
f 5611/7328/5631 5613/7331/5633 5574/7332/5594 5569/7333/5589
f 5606/7321/5626 5602/7317/5622 5601/7316/5621 5607/7322/5627
f 5553/7259/5573 5534/7228/5554 5533/7227/5553 5548/7250/5568
f 5614/7334/5634 5615/7335/5635 5616/7336/5636 5617/7337/5637
f 5593/7308/5613 5614/7334/5634 5617/7337/5637 5618/7338/5638
f 5576/7290/5596 5581/7289/5601 5619/7339/5639 5577/7340/5597
f 5619/7339/5639 5620/7341/5640 5615/7342/5635 5577/7340/5597
f 5593/7308/5613 5584/7307/5604 5578/7343/5598 5614/7334/5634
f 5581/7289/5601 5582/7291/5602 5592/7305/5612 5619/7339/5639
f 5592/7305/5612 5621/7344/5641 5620/7341/5640 5619/7339/5639
f 5583/7292/5603 5556/7262/5576 5564/7270/5584 5587/7345/5607
f 5545/7247/5565 5544/7246/5564 5560/7266/5580 5559/7265/5579
f 5514/7203/5534 5513/7202/5533 5518/7207/5538 5622/7346/5642
f 5466/7132/5486 5586/7298/5606 5623/7347/5643 5590/7303/5610
f 5586/7298/5606 5583/7297/5603 5587/7299/5607 5623/7347/5643
f 5605/7348/5625 5608/7349/5628 5624/7350/5644 5591/7304/5611
f 5589/7351/5609 5588/7352/5608 5606/7321/5626 5605/7320/5625
f 5592/7305/5612 5591/7304/5611 5624/7350/5644 5621/7344/5641
f 5621/7344/5641 5624/7350/5644 5625/7353/5645 5626/7354/5646
f 5522/7306/5542 5594/7309/5614 2795/3579/2801 2706/3619/2712
f 5615/7342/5635 5620/7341/5640 5627/7355/5647 5616/7356/5636
f 5622/7346/5642 5547/7249/5567 5521/7210/5541 5514/7203/5534
f 5548/7250/5568 5547/7249/5567 5572/7278/5592 5553/7259/5573
f 3431/4418/3441 3857/4972/3867 4282/5505/4294 4283/5506/4295
f 5577/7357/5597 5615/7335/5635 5614/7334/5634 5578/7343/5598
f 5594/7309/5614 5593/7308/5613 5618/7338/5638 5604/7319/5624
f 5601/7316/5621 5600/7315/5620 5628/7358/5648 5629/7359/5649
f 5558/7360/5578 5574/7332/5594 5613/7331/5633 5603/7325/5623
f 5607/7322/5627 5601/7316/5621 5629/7359/5649 5609/7326/5629
f 5600/7315/5620 5599/7314/5619 5630/7361/5650 5628/7358/5648
f 5603/7325/5623 5595/7310/5615 5598/7313/5618 5602/7317/5622
f 5599/7314/5619 2826/3628/2832 2825/3627/2831 5630/7361/5650
f 5518/7207/5538 5572/7278/5592 5547/7249/5567 5622/7346/5642
f 5603/7325/5623 5613/7331/5633 5611/7328/5631 5595/7310/5615
f 5590/7303/5610 5623/7347/5643 5631/7362/5651 5591/7304/5611
f 5471/7139/5491 5282/6870/5302 5252/6839/5272 5472/7140/5492
f 5596/7311/5616 5612/7329/5632 5568/7363/5588 5567/7330/5587
f 5530/7224/5550 5529/7223/5549 5632/7364/5652 5554/7260/5574
f 5624/7350/5644 5608/7349/5628 5610/7365/5630 5625/7353/5645
f 5589/7302/5609 5631/7362/5651 5623/7347/5643 5587/7299/5607
f 5572/7278/5592 5430/7082/5450 5433/7085/5453 5553/7259/5573
f 5591/7304/5611 5631/7362/5651 5589/7302/5609 5605/7348/5625
f 5490/7166/5510 5487/7162/5507 5523/7212/5543 5513/7202/5533 5491/7167/5511
f 5565/7271/5585 5503/7189/5523 5502/7187/5522 5566/7272/5586
f 5606/7321/5626 5588/7352/5608 5564/7366/5584 5563/7324/5583
f 5620/7341/5640 5621/7344/5641 5626/7354/5646 5627/7355/5647
f 3092/4030/3102 3009/3947/3019 3008/3946/3018 3835/4943/3845
f 4261/5476/4273 4780/6190/4792 4240/5449/4252 4239/5448/4251
f 5233/6820/5253 5439/7095/5459 5438/7094/5458 5278/6865/5298
f 5232/6819/5252 5446/7106/5466 5439/7095/5459 5233/6820/5253
f 5633/7367/5653 5446/7106/5466 5232/6819/5252 5274/6861/5294
f 5634/7368/5654 5374/7369/5394 5373/7370/5393 5378/7107/5398
f 5635/7371/5655 5633/7372/5653 5274/6900/5294 5304/6899/5324
f 5633/7367/5653 5634/7368/5654 5378/7107/5398 5446/7106/5466
f 5526/7216/5546 5537/7235/5557 5465/7131/5485 5464/7130/5484
f 5315/6911/5335 5496/7177/5516 5498/7180/5518 5231/6818/5251
f 5251/6838/5271 5489/7165/5509 5472/7140/5492 5252/6839/5272
f 5282/6870/5302 5471/7139/5491 5496/7177/5516 5315/6911/5335
f 5246/6833/5266 5488/7163/5508 5489/7165/5509 5251/6838/5271
f 5278/6865/5298 5438/7094/5458 5428/7080/5448 5276/6863/5296
f 5277/6864/5297 5429/7081/5449 5473/7141/5493 5266/6853/5286
f 5245/6832/5265 5486/7161/5506 5488/7163/5508 5246/6833/5266
f 5244/6831/5264 5483/7158/5503 5486/7161/5506 5245/6832/5265
f 5267/6854/5287 5474/7142/5494 5483/7158/5503 5244/6831/5264
f 5434/7086/5454 5450/7113/5470 5474/7142/5494 5473/7141/5493
f 5449/7111/5469 5323/6923/5343 5453/7117/5473 5635/7371/5655
f 5303/7112/5323 5449/7111/5469 5635/7371/5655 5304/6899/5324
f 5463/7129/5483 5462/7128/5482 5537/7235/5557 5526/7216/5546
f 5453/7117/5473 5454/7118/5474 5374/7120/5394 5634/7373/5654
f 3940/5074/3950 3004/3942/3014 3007/3945/3017 3851/4965/3861
f 3146/4157/3156 3203/4156/3213 3251/4215/3261 3250/4214/3260
f 3808/4904/3818 3217/4171/3227 3220/4174/3230 3754/4830/3764
f 3754/4830/3764 3220/4174/3230 3205/4159/3215 3213/4167/3223
f 3256/4221/3266 3255/4220/3265 372/402/368 374/404/370
f 3731/4799/3741 3458/4448/3468 3457/4447/3467 3723/4791/3733
f 3338/7374/3348 3293/4265/3303 3294/4266/3304 3296/4268/3306
f 4924/6383/4944 5221/6802/5241 5084/6591/5104 4925/6384/4945
f 4283/5506/4295 5636/7375/5656 3432/4419/3442 3431/4418/3441
f 3461/4451/3471 3013/3951/3023 3626/4637/3636 3859/4974/3869
f 3855/4969/3865 3629/4640/3639 3632/4643/3642 3633/4644/3643
f 3632/4643/3642 3631/4642/3641 3008/3946/3018 3011/3949/3021
f 3810/4906/3820 3652/4677/3662 3653/4678/3663 3654/4679/3664
f 3693/4734/3703 3699/4747/3709 4344/5596/4356 3694/4735/3704
f 3694/4735/3704 4344/5596/4356 3690/5595/3700 3685/7376/3695
f 3259/4224/3269 3184/4128/3194 3731/4799/3741 3723/4791/3733
f 3743/4811/3753 3742/4810/3752 3744/5005/3754 3881/5004/3891
f 3751/4827/3761 3808/4904/3818 3754/4830/3764 3752/4828/3762
f 3677/4757/3687 3705/4755/3715 3779/4862/3789 3781/4864/3791
f 3816/4916/3826 3810/4906/3820 3654/4679/3664 3817/4917/3827
f 3512/4511/3522 3819/4921/3829 3822/4924/3832 3505/4504/3515
f 3739/4882/3749 3787/4875/3797 3826/4928/3836 3781/7377/3791
f 3781/4864/3791 3826/7378/3836 3678/7379/3688 3677/4757/3687
f 3862/4977/3872 4114/5289/4126 3926/5058/3936 3925/5057/3935
f 3879/5003/3889 3873/4991/3883 3257/4222/3267 3309/4285/3319
f 3889/5014/3899 3877/4995/3887 3880/4998/3890 3890/5015/3900
f 3338/4315/3348 3296/7380/3306 5637/7381/5657 3339/4316/3349
f 3296/7380/3306 3297/5243/3307 4085/5244/4097 5637/7381/5657
f 5636/7375/5656 3933/5066/3943 3829/4936/3839 3432/4419/3442
f 3031/3969/3041 2392/3045/2398 2054/2570/2058 4891/6342/4909
f 3924/5056/3934 3484/5046/3494 3917/5048/3927 3925/5057/3935
f 223/229/219 1263/1503/1261 4084/5240/4096 3119/4061/3129
f 3147/4091/3157 3146/4090/3156 3250/7382/3260 4140/5324/4152
f 3367/4344/3377 4039/5179/4051 4061/5208/4073 3368/4345/3378
f 4238/5446/4250 4265/5480/4277 4266/5481/4278 4184/5386/4196
f 4779/6323/4791 4215/5422/4227 4214/5421/4226 4774/6180/4786
f 5636/7375/5656 5638/7383/5658 5639/7384/5659 3933/5066/3943
f 5638/7383/5658 3851/4965/3861 3853/4967/3863 5639/7384/5659
f 5639/7384/5659 3853/4967/3863 3855/4969/3865 4290/5517/4302
f 3933/5066/3943 5639/7384/5659 4290/5517/4302 3465/4455/3475
f 3948/5082/3958 3940/5074/3950 3851/4965/3861 5638/7383/5658
f 4283/5506/4295 3948/5082/3958 5638/7383/5658 5636/7375/5656
f 3803/4898/3813 3802/4897/3812 4321/5558/4333 4333/5581/4345
f 4351/5609/4363 4350/5608/4362 4353/5611/4365 4352/5610/4364
f 4352/5610/4364 4353/5611/4365 3232/4194/3242 3236/4198/3246
f 4088/5252/4100 1412/1692/1410 1304/1558/1302 4089/5253/4101
f 4098/5266/4110 3333/5265/3343 3332/6287/3342 4383/5652/4395
f 4296/5530/4308 4232/5440/4244 4385/5654/4397 4853/6285/4869
f 4501/5779/4513 4503/5781/4515 4573/6006/4585 4504/5782/4516
f 4534/5821/4546 4533/5820/4545 4553/5849/4565 4795/6207/4807
f 4564/5861/4576 4504/5862/4516 4573/5876/4585 4565/5863/4577
f 4531/5847/4543 4551/5846/4563 4522/5807/4534 4526/5811/4538
f 4642/5983/4654 4639/5975/4651 4567/5981/4579 4632/5962/4644
f 4451/5725/4463 4582/5889/4594 4740/6121/4752 4731/6104/4743
f 4051/6165/4063 4102/5274/4114 4103/5275/4115 4275/5494/4287
f 68/70/64 1953/2430/1951 3083/4021/3093 2973/3911/2983
f 4231/5439/4243 4819/6231/4831 4021/5161/4033 4020/5160/4032
f 5640/7385/5660 5641/7386/5661 4848/7387/4863 4847/7388/4862
f 4132/5312/4144 4128/5306/4140 4848/6278/4863 5642/7389/5662
f 4835/6254/4847 4834/6253/4846 4859/6293/4875 4861/6296/4877
f 4795/6333/4807 4884/6334/4902 4550/5845/4562 4534/5844/4546
f 4526/5811/4538 5350/6958/5370 4532/7390/4544 4531/5847/4543
f 5350/7391/5370 4619/5937/4631 4548/5842/4560 4532/5819/4544
f 5081/6588/5101 5102/6614/5122 5164/7392/5184 5088/7393/5108
f 4963/6433/4983 4962/6432/4982 4965/6435/4985 4964/6434/4984
f 4962/6431/4982 4961/6430/4981 5120/6642/5140 4965/7394/4985
f 4965/7394/4985 5120/6642/5140 4986/6458/5006 4966/7395/4986
f 4943/6459/4963 4987/6460/5007 5040/6526/5060 4989/6528/5009
f 4996/6469/5016 5005/6483/5025 5008/6485/5028 4999/6472/5019
f 4047/5190/4059 4104/5277/4116 3383/4361/3393 3382/4360/3392
f 5122/6644/5142 4977/6449/4997 4980/6452/5000 5056/6551/5076
f 5002/6475/5022 5122/6644/5142 5056/6551/5076 5003/6476/5023
f 5143/7396/5163 5142/7022/5162 5162/7397/5182 5219/6799/5239
f 4930/6804/4950 5204/6760/5224 5206/6762/5226 4931/6800/4951
f 4931/6800/4951 5206/6762/5226 5099/6609/5119 5098/6608/5118
f 5171/6713/5191 4963/6433/4983 4964/6434/4984 5160/6701/5180
f 3716/4777/3726 2839/3665/2845 674/742/670 3551/4554/3561
f 5301/6892/5321 4868/6308/4885 4871/6311/4888 5302/6893/5322
f 3756/6955/3766 3758/6945/3768 5342/6946/5362 5343/6947/5363
f 3740/4808/3750 3743/4811/3753 5344/6948/5364 5341/6944/5361
f 3743/4811/3753 3881/5004/3891 5333/6936/5353 5344/6948/5364
f 5344/6948/5364 5333/6936/5353 5257/6844/5277 5254/6841/5274
f 3806/6949/3816 3750/6952/3760 5346/6951/5366 5345/6950/5365
f 4619/5937/4631 5350/7391/5370 5351/6961/5371 5352/6960/5372
f 5423/7194/5443 5461/7236/5481 5539/7239/5559 5506/7195/5526
f 5506/7195/5526 5539/7239/5559 5541/7241/5561 5507/7196/5527
f 5395/7398/5415 5394/7251/5414 5549/7252/5569 5484/7220/5504
f 5502/7187/5522 2684/3437/2690 2761/3536/2767 5566/7272/5586
f 5596/7311/5616 2806/3593/2812 2840/3667/2846 5597/7312/5617
f 5597/7312/5617 2840/3667/2846 2826/3628/2832 5599/7314/5619
f 5561/7267/5581 5565/7271/5585 5566/7272/5586 5562/7268/5582
f 5561/7267/5581 5560/7266/5580 5544/7246/5564 5552/7258/5572
f 5635/7371/5655 5453/7117/5473 5634/7373/5654 5633/7372/5653
f 3628/7399/3638 3610/6599/3620 3034/3972/3044 3033/3971/3043
f 3559/4562/3569 3716/4777/3726 3551/4554/3561 3711/4768/3721
f 3032/3970/3042 3031/3969/3041 4891/6342/4909 5226/7400/5246
f 3469/4461/3479 3468/4460/3478 3472/5527/3482 4295/5526/4307
f 72/74/68 69/71/65 2972/3910/2982 2975/3913/2985
f 5226/7400/5246 4891/6342/4909 3957/5092/3967 4281/5504/4293
f 1941/2416/1939 73/75/69 2974/3912/2984 4204/5406/4216
f 1418/1698/1416 1942/2417/1940 4781/6191/4793 4261/5476/4273
f 2841/3670/2847 4874/6316/4892 4872/6312/4889 2773/3551/2779
f 4402/5672/4414 4401/5671/4413 4809/6221/4821 4771/6176/4783
f 1413/1693/1411 4257/5472/4269 4332/5580/4344 2842/3671/2848
f 3122/5255/3132 3845/4957/3855 4257/5472/4269 4088/5252/4100
f 3863/4978/3873 3917/5048/3927 3127/4069/3137 3126/4068/3136
f 1130/1333/1128 1137/3672/1135 3991/5242/4003 3989/5127/4001
f 4281/5504/4293 3957/5092/3967 3777/4860/3787 4279/5498/4291
f 4279/5498/4291 3777/4860/3787 2945/3883/2955 4276/5495/4288
f 3722/4790/3732 3182/4126/3192 3259/4224/3269 3723/4791/3733
f 717/790/713 3589/4597/3599 3359/4789/3369 2843/3673/2849
f 2844/3674/2850 2839/3665/2845 3716/4777/3726 3552/4776/3562
f 3514/4513/3524 3522/4524/3532 3589/4597/3599 3515/4514/3525
f 3565/4571/3575 3564/4570/3574 3488/4484/3498 3487/4483/3497
f 687/758/683 715/788/711 3564/4570/3574 3563/4569/3573
f 3518/4517/3528 3517/4516/3527 3563/4569/3573 3566/4572/3576
f 288/3675/284 2844/3674/2850 3552/4776/3562 3181/7401/3191
f 3711/4768/3721 3551/4554/3561 3516/4515/3526 3519/4518/3529
f 673/741/669 688/759/684 3517/4516/3527 3516/4515/3526
f 2845/3677/2851 3492/4488/3502 3515/4514/3525 716/789/712
f 2846/3678/2852 3489/4485/3499 3492/4488/3502 2845/3677/2851
f 2847/3679/2853 3362/4339/3372 3488/4484/3498 714/787/710
f 2843/3680/2849 3359/4336/3369 3362/4339/3372 2847/3679/2853
f 3367/4344/3377 3370/4347/3380 4038/5178/4050 3762/4838/3772
f 3731/4799/3741 3184/4128/3194 3120/4062/3130 3730/4798/3740
f 3728/4796/3738 3121/4063/3131 3181/4125/3191 3554/4557/3564
f 3730/4798/3740 3120/4062/3130 3121/4063/3131 3728/4796/3738
f 3154/4184/3164 3153/4226/3163 3131/4073/3141 3130/4072/3140
f 3150/4094/3160 3329/4305/3339 4075/5224/4087 3280/4252/3290
f 3022/7402/3032 3036/3974/3046 3035/3973/3045 4294/7403/4306
f 4294/7403/4306 3035/3973/3045 3030/3968/3040 3029/3967/3039
f 3732/4800/3742 2521/3196/2527 2848/3683/2854 3733/4801/3743
f 2522/3197/2528 5317/6913/5337 5311/7404/5331 2667/3684/2673
f 5187/6736/5207 5186/6735/5206 5369/6995/5389 5368/6994/5388
f 4269/5487/4281 5643/7405/5663 4626/5951/4638 4629/5954/4641
f 4626/5951/4638 5643/7405/5663 4892/7406/4910 4033/7407/4045
f 4654/6007/4666 4030/5170/4042 4033/5173/4045 4892/6343/4910
f 4892/7406/4910 5643/7405/5663 5644/7408/5664 4412/5682/4424
f 4412/5682/4424 5644/7408/5664 4268/5486/4280 4413/5683/4425
f 4268/5486/4280 5644/7408/5664 5643/7405/5663 4269/5487/4281
f 4846/6269/4860 4415/5685/4427 5645/7409/5665 5646/7410/5666
f 4413/5683/4425 4268/5486/4280 5645/7409/5665 4415/5685/4427
f 4268/5486/4280 4402/5672/4414 5646/7410/5666 5645/7409/5665
f 5646/7410/5666 5647/7411/5667 4769/6173/4781 4846/6269/4860
f 4769/6173/4781 5647/7411/5667 4771/6176/4783 4770/6174/4782
f 5647/7411/5667 5646/7410/5666 4402/5672/4414 4771/6176/4783
f 4606/5924/4618 4010/5150/4022 4021/5161/4033 4821/6233/4833
f 5135/6658/5155 5137/6660/5157 5210/6769/5230 5209/6768/5229
f 5648/7412/5668 5151/6685/5171 5150/6684/5170 5224/6807/5244
f 5173/7413/5193 4881/6330/4899 4880/6329/4898 4918/6377/4938
f 5649/7414/5669 5167/6709/5187 5170/6712/5190 5181/6724/5201
f 5070/6573/5090 5089/6598/5109 5650/7415/5670 5217/6787/5237
f 5196/7416/5216 5153/6694/5173 5156/6697/5176 5200/6753/5220
f 4881/7417/4899 5173/6715/5193 5219/6799/5239 5162/7397/5182
f 5086/6593/5106 5085/6592/5105 5151/6685/5171 5648/7412/5668
f 4915/6374/4935 5189/6739/5209 5196/6746/5216 4916/6375/4936
f 5082/7418/5102 5143/7419/5163 5219/7420/5239 5083/7421/5103
f 5125/6648/5145 5651/7422/5671 5652/7423/5672 5126/6649/5146
f 5649/7414/5669 4924/6383/4944 4927/6386/4947 5167/6709/5187
f 5159/6700/5179 5218/6993/5238 4944/6403/4964 4903/6361/4923
f 5166/6707/5186 5224/6807/5244 3358/6808/3368 3357/6708/3367
f 5141/6678/5161 3355/7424/3365 3358/6808/3368 5147/6679/5167
f 5102/6614/5122 5216/6786/5236 5214/6789/5234 5164/7392/5184
f 5314/6910/5334 5247/6834/5267 5250/6837/5270 5281/6869/5301
f 5164/6705/5184 5214/6784/5234 5194/6744/5214 5165/6706/5185
f 5221/6802/5241 5220/6801/5240 5653/7425/5673 5084/6591/5104
f 4780/6190/4792 4254/6188/4266 4222/5461/4234 4240/5449/4252
f 4661/7426/4673 4664/6777/4676 5212/6776/5232 5139/7427/5159
f 4203/5405/4215 4202/5404/4214 4939/7428/4959 4938/6580/4958
f 5182/6725/5202 5172/6714/5192 5161/6702/5181 5199/6752/5219
f 4983/6455/5003 5123/6646/5143 5197/6749/5217 4984/6456/5004
f 4984/6456/5004 5197/6749/5217 5094/6748/5114 5035/7429/5055
f 5071/6574/5091 5216/6786/5236 5102/6614/5122 5103/6615/5123
f 5165/6706/5185 5194/6744/5214 5192/6742/5212 5179/6722/5199
f 5073/7430/5093 5074/6616/5094 4921/6380/4941 5140/6669/5160
f 4896/6354/4916 5140/6669/5160 4921/6380/4941 4897/6355/4917
f 5179/6722/5199 5192/6742/5212 5190/6740/5210 5180/6723/5200
f 5180/6723/5200 5190/6740/5210 5124/6647/5144 5178/6721/5198
f 5183/6730/5203 5097/6607/5117 5189/6739/5209 4915/6374/4935
f 5648/7412/5668 5224/6807/5244 5166/6707/5186 5654/7431/5674
f 5068/6576/5088 4918/6377/4938 4917/6376/4937 5072/6577/5092
f 5196/7416/5216 5200/6753/5220 5144/6675/5164 4916/6674/4936
f 5086/6593/5106 5648/7412/5668 5654/7431/5674 5157/6698/5177
f 5095/6751/5115 5655/7432/5675 5656/7433/5676 5096/7434/5116
f 4905/6363/4925 5157/6698/5177 5654/7431/5674 4379/5648/4391
f 5036/6522/5056 5040/6526/5060 5213/6793/5233 5032/6513/5052
f 5115/6637/5135 4966/7395/4986 4986/6458/5006 4985/6457/5005
f 5084/6591/5104 5653/7425/5673 5152/6689/5172 5085/6592/5105
f 5142/7022/5162 5380/7021/5400 5163/7435/5183 5162/7397/5182
f 3355/4332/3365 5143/7436/5163 5082/7437/5102 3356/4333/3366
f 5071/6574/5091 5070/6573/5090 5217/6787/5237 5216/6786/5236
f 5166/6707/5186 4380/5649/4392 4379/5648/4391 5654/7431/5674
f 5191/6741/5211 5657/7438/5677 5651/7422/5671 5125/6648/5145
f 5035/6737/5055 5094/6604/5114 5097/6607/5117 5183/6730/5203
f 5193/6743/5213 5658/7439/5678 5657/7438/5677 5191/6741/5211
f 5195/6745/5215 5659/7440/5679 5658/7439/5678 5193/6743/5213
f 4921/6380/4941 5074/6616/5094 5069/6572/5089 4922/6381/4942
f 5215/6785/5235 5660/7441/5680 5659/7440/5679 5195/6745/5215
f 5217/7442/5237 5650/7443/5670 5660/7441/5680 5215/6785/5235
f 5153/7444/5173 5188/7445/5208 5661/7446/5681 5154/7447/5174
f 5198/6750/5218 5126/6649/5146 5652/7423/5672 5662/7448/5682
f 5095/6751/5115 5198/6750/5218 5662/7448/5682 5655/7432/5675
f 5201/6754/5221 5156/6697/5176 5155/6696/5175 5370/6996/5390
f 4823/6238/4835 3357/6708/3367 3356/6792/3366 4763/6166/4775
f 5150/6684/5170 5149/6683/5169 5145/6676/5165 5147/6679/5167
f 5096/7434/5116 5656/7433/5676 5661/7446/5681 5188/7445/5208
f 5186/6735/5206 5181/6724/5201 5182/6725/5202 5369/6995/5389
f 5185/6734/5205 5649/7414/5669 5181/6724/5201 5186/6735/5206
f 5369/6995/5389 5182/6725/5202 5199/6752/5219 5201/6754/5221
f 5185/6734/5205 5221/6802/5241 4924/6383/4944 5649/7414/5669
f 4917/6376/4937 4200/5402/4212 4203/5405/4215 5073/6579/5093
f 3011/3949/3021 3010/3948/3020 3836/5512/3846 3634/4645/3644
f 3052/4193/3062 2950/4192/2960 2953/7449/2963 3404/4384/3414
f 4100/5309/4112 3336/4313/3346 3334/4311/3344 3333/4310/3343
f 3022/7402/3032 3628/7399/3638 3033/3971/3043 3036/3974/3046
f 3093/4031/3103 3092/4030/3102 3835/4943/3845 3612/4623/3622
f 4040/5180/4052 4113/5288/4125 4091/5257/4103 4090/5256/4102
f 3105/4045/3115 2984/3922/2994 2983/3921/2993 4105/5278/4117
f 2981/3919/2991 4052/5198/4064 4788/6199/4800 2986/3924/2996
f 3398/5188/3408 4045/5187/4057 3099/4037/3109 3399/7450/3409
f 2986/3924/2996 4788/6199/4800 4046/5189/4058 2987/3925/2997
f 2958/3896/2968 2982/3920/2992 3102/5341/3112 2959/3897/2969
f 3447/4434/3457 3446/4433/3456 3932/5065/3942 2999/3937/3009
f 3944/5078/3954 3943/5077/3953 4113/5288/4125 4094/5260/4106
f 2980/3918/2990 3058/3996/3068 4052/5198/4064 2981/3919/2991
f 2987/3925/2997 4046/5189/4058 3382/4360/3392 3381/4359/3391
f 3947/5081/3957 3932/5065/3942 3865/4980/3875 3005/3943/3015
f 3005/3943/3015 3865/4980/3875 3086/4024/3096 3006/3944/3016
f 3630/4641/3640 3073/4011/3083 3834/4942/3844 3631/4642/3641
f 3631/4642/3641 3834/4942/3844 3835/4943/3845 3008/3946/3018
f 3020/3958/3030 3091/4941/3101 3627/4638/3637 3021/3959/3031
f 3021/3959/3031 3627/4638/3637 3628/4639/3638 3022/3960/3032
f 3114/4368/3124 3389/4367/3399 3057/3995/3067 3102/4041/3112
f 3399/4379/3409 3099/7451/3109 2998/3936/3008 2994/3932/3004
f 3009/3947/3019 3092/4030/3102 3088/4026/3098 3839/4948/3849
f 3839/4950/3849 3088/7452/3098 3091/4941/3101 3020/3958/3030
f 3006/3944/3016 3086/4024/3096 3070/4008/3080 3854/4968/3864
f 3854/4968/3864 3070/4008/3080 3073/4011/3083 3630/4641/3640
f 3389/4367/3399 3061/3999/3071 3058/3996/3068 3057/3995/3067
f 139/141/135 3036/3974/3046 3033/3971/3043 131/133/127
f 3101/7453/3111 3447/4434/3457 2999/3937/3009 2998/3936/3008
f 2958/3896/2968 4185/5387/4197 2983/3921/2993 2982/3920/2992
f 4276/5495/4288 2945/3883/2955 4105/5278/4117 4272/5491/4284
f 3717/4778/3727 5236/7048/5256 2406/3735/2412 849/975/845
f 2769/3544/2775 2396/3049/2402 5231/6818/5251 5498/7180/5518
f 3733/4801/3743 2848/3683/2854 291/299/287 3183/4127/3193
f 3722/4790/3732 3733/4801/3743 3183/4127/3193 3182/4126/3192
f 5237/6824/5257 5532/7226/5552 5534/7228/5554 2737/3512/2743 2403/3056/2409
f 5509/7198/5529 5663/7454/5683 5632/7364/5652 5550/7253/5570
f 5540/7240/5560 5545/7247/5565 5559/7265/5579 5575/7281/5595
f 5575/7281/5595 5570/7276/5590 5541/7241/5561 5540/7240/5560
f 5571/7277/5591 5570/7276/5590 5573/7279/5593 5557/7263/5577
f 5507/7196/5527 5571/7277/5591 5557/7263/5577 5508/7197/5528
f 5632/7364/5652 5663/7454/5683 5557/7263/5577 5554/7260/5574
f 5663/7454/5683 5509/7198/5529 5508/7197/5528 5557/7263/5577
f 5632/7364/5652 5529/7223/5549 5527/7221/5547 5550/7253/5570
f 4836/6255/4848 4855/6318/4871 5664/7455/5684 4858/6292/4874
f 3245/4207/3255 3244/4206/3254 4017/5157/4029 4016/5156/4028
f 4018/5158/4030 4017/5157/4029 5665/7456/5685 4800/6212/4812
f 4800/6212/4812 5665/7456/5685 5666/7457/5686 4803/6215/4815
f 5664/7455/5684 4016/5156/4028 4019/5159/4031 4858/6292/4874
f 3348/4325/3358 3354/4331/3364 5666/7457/5686 5665/7456/5685
f 3244/4206/3254 3348/4325/3358 5665/7456/5685 4017/5157/4029
f 3335/4312/3345 3245/4207/3255 4016/5156/4028 5664/7455/5684
f 3332/4309/3342 3335/4312/3345 5664/7455/5684 4855/6318/4871
f 4831/6250/4843 4837/6256/4849 4840/6259/4852 4832/6251/4844
f 4385/7458/4397 4384/7459/4396 4835/6254/4847 4861/6296/4877
f 4853/6285/4869 4385/5654/4397 4861/7460/4877 4862/6301/4878
f 4854/6286/4870 4853/6285/4869 4862/6301/4878 4863/6299/4879
f 4849/6279/4864 4854/6286/4870 4863/6299/4879 4852/6283/4867
f 4850/6280/4865 4849/6279/4864 4852/6283/4867 4851/6282/4866
f 5642/7461/5662 4848/7387/4863 5641/7386/5661 5667/7462/5687
f 5640/7385/5660 4847/7388/4862 4850/7463/4865 4851/7464/4866
f 4851/7464/4866 1/3875/2947 2938/3874/2946 5640/7385/5660
f 5667/7462/5687 5641/7386/5661 2939/3877/2949 3/3876/2948
f 5641/7386/5661 5640/7385/5660 2938/3874/2946 2939/3877/2949
f 3746/4815/3756 3149/4093/3159 3152/4096/3162 3927/5059/3937
f 4581/5961/4593 4558/7465/4570 4561/7466/4573 4003/5141/4015
f 4631/5960/4643 4581/5961/4593 4003/5141/4015 4002/5140/4014
f 4556/7467/4568 4390/5659/4402 4301/5662/4313 4304/7468/4316
f 4635/5969/4647 4433/5968/4445 4432/6053/4444 4695/6056/4707
f 4627/5952/4639 4032/7469/4044 4681/6997/4693 4628/5953/4640
f 4033/7407/4045 4032/7469/4044 4627/5952/4639 4626/5951/4638
f 3159/4103/3169 3158/4102/3168 4480/5758/4492 3162/4106/3172
f 4760/6162/4772 4759/6161/4771 5668/7470/5688 4737/6114/4749
f 4758/6158/4770 4757/6157/4769 5668/7470/5688 4759/6161/4771
f 5668/7470/5688 4757/6157/4769 4696/6057/4708 4699/6060/4711
f 4737/6114/4749 5668/7470/5688 4699/6060/4711 4733/6115/4745
f 4698/6100/4710 4395/5665/4407 4733/6109/4745 4699/7471/4711
f 4028/5168/4040 4885/6335/4903 4693/7472/4705 4432/5704/4444
f 4674/6028/4686 4686/6045/4698 5669/7473/5689 5670/7474/5690
f 5670/7474/5690 5669/7473/5689 4678/7475/4690 5671/7476/5691
f 4678/7475/4690 5669/7473/5689 4689/7477/4701 4679/7478/4691
f 4687/6047/4699 4675/6029/4687 4674/6028/4686 5670/7474/5690
f 4688/6048/4700 4687/6047/4699 5670/7474/5690 5671/7476/5691
f 5672/7479/5692 4436/7480/4448 4462/5839/4474 4635/5969/4647
f 5671/7476/5691 4678/7475/4690 4677/7481/4689 4692/7482/4704
f 4462/5738/4474 4392/5661/4404 4391/5660/4403 4544/6319/4556
f 4655/6008/4667 4658/6011/4670 4602/7483/4614 5672/7479/5692
f 5672/7484/5692 4602/5913/4614 4423/5694/4435 4436/5708/4448
f 4655/6008/4667 5672/7479/5692 4635/5969/4647 4695/6056/4707
f 4690/6050/4702 4677/6031/4689 4656/6009/4668 4655/6008/4667
f 4695/6056/4707 4694/6055/4706 4690/6050/4702 4655/6008/4667
f 4693/7472/4705 4885/6335/4903 5673/7485/5693 4694/7486/4706
f 4690/7487/4702 4694/7486/4706 5673/7485/5693 4691/7488/4703
f 4490/5768/4502 4489/5767/4501 5673/7485/5693 4885/6335/4903
f 4488/5766/4500 5358/7489/5378 5674/7490/5694 4489/5767/4501
f 4691/7488/4703 5673/7485/5693 4489/5767/4501 5674/7490/5694
f 5674/7490/5694 5358/7489/5378 4445/6038/4457 4682/6041/4694
f 4692/7491/4704 4691/7488/4703 5674/7490/5694 4682/6041/4694
f 5671/7476/5691 4692/7482/4704 4682/6046/4694 4688/6048/4700
f 4401/5671/4413 4271/5489/4283 4418/5688/4430 3077/4015/3087
f 4809/6221/4821 4401/5671/4413 3077/4015/3087 3076/4014/3086
f 4419/5689/4431 4418/5688/4430 4271/5489/4283 4270/5488/4282
f 4659/6012/4671 4419/5689/4431 4270/5488/4282 4768/6171/4780
f 4810/6222/4822 4809/6221/4821 3076/4014/3086 3081/4019/3091
f 4812/6224/4824 4810/6222/4822 3081/4019/3091 4792/6204/4804
f 4845/6268/4859 4812/6224/4824 4792/6204/4804 4804/6216/4816
f 4669/6022/4681 4845/6268/4859 4804/6216/4816 4803/6215/4815
f 4670/6023/4682 4669/6022/4681 4803/6215/4815 5666/7457/5686
f 4660/6013/4672 4659/6012/4671 4768/6171/4780 4767/6170/4779
f 4230/5438/4242 4660/6013/4672 4767/6170/4779 4231/5439/4243
f 4153/5344/4165 4160/5353/4172 4175/5374/4187 4154/5345/4166
f 4176/5375/4188 4175/5374/4187 3970/5106/3980 3969/5105/3979
f 3978/5116/3990 4228/5436/4240 4020/5160/4032 4009/5149/4021
f 3975/5113/3987 3978/5116/3990 4009/5149/4021 4008/5148/4020
f 3984/5122/3996 3975/5113/3987 4008/5148/4020 4262/5477/4274
f 3964/5100/3974 4154/5345/4166 4177/5376/4189 3965/5101/3975
f 4264/5479/4276 3985/5123/3997 4263/5478/4275 4824/6243/4836
f 4806/6218/4818 4266/5481/4278 4265/5480/4277 4825/6244/4837
f 4808/6220/4820 4806/6218/4818 4825/6244/4837 5675/7492/5695
f 3354/4331/3364 5676/7493/5696 4670/6023/4682 5666/7457/5686
f 3118/4060/3128 3374/7494/3384 3380/4357/3390 3115/4057/3125
f 5384/7026/5404 4584/5893/4596 4485/5763/4497 4484/5762/4496
f 4813/6225/4825 5367/6992/5387 5383/7025/5403 5363/6985/5383
f 4096/5262/4108 4808/6220/4820 4811/6223/4823 4805/6217/4817
f 3944/5078/3954 4096/5262/4108 4805/6217/4817 3945/5079/3955
f 3175/4119/3185 3174/4118/3184 3291/4263/3301 3290/4262/3300
f 4092/5258/4104 3943/5077/3953 3946/5080/3956 4887/6337/4905
f 5676/7493/5696 3354/4331/3364 4092/5258/4104 4887/6337/4905
f 4670/6023/4682 5676/7493/5696 4887/6337/4905 4888/6338/4906
f 4824/6243/4836 4263/5478/4275 4807/6219/4819 4816/6228/4828
f 3965/5101/3975 3986/5124/3998 4237/5445/4249 3962/5098/3972
f 4163/5357/4175 4170/5366/4182 4171/5367/4183 3963/5099/3973
f 4170/5366/4182 4106/5279/4118 4157/5348/4169 4171/5367/4183
f 4159/5351/4171 4157/7495/4169 3983/5121/3995 3968/5104/3978
f 3993/5131/4005 3992/5130/4004 3958/5093/3968 3983/5121/3995
f 4164/5358/4176 4163/5357/4175 3963/5099/3973 3962/5098/3972
f 3992/5130/4004 1136/1339/1134 1098/1298/1094 3958/5093/3968
f 4825/6244/4837 4824/6243/4836 4816/6228/4828 5675/7492/5695
f 5675/7492/5695 4816/6228/4828 4818/6230/4830 5677/7496/5697
f 4808/6220/4820 5675/7492/5695 5677/7496/5697 4811/6223/4823
f 5678/7497/5698 5677/7496/5697 4818/6230/4830 4560/6242/4572
f 4620/5942/4632 5678/7497/5698 5366/6990/5386 4484/5762/4496
f 4811/6223/4823 5677/7496/5697 5678/7497/5698 4620/5942/4632
f 5366/6990/5386 5678/7497/5698 4560/6242/4572 4559/6991/4571
f 5384/7026/5404 4484/5762/4496 5366/6990/5386 4246/5457/4258
f 5385/7027/5405 5384/7026/5404 4246/5457/4258 4249/5460/4261
f 5365/6988/5385 5385/7027/5405 4249/5460/4261 5383/7025/5403
f 5354/6989/5374 5365/6988/5385 5383/7025/5403 5367/6992/5387
f 4455/7498/4467 5354/6989/5374 5367/6992/5387 4601/5912/4613
f 4452/7499/4464 4455/7498/4467 4601/5912/4613 4602/5913/4614
f 4456/7500/4468 4452/7501/4464 4602/7483/4614 4658/6011/4670
f 4676/7502/4688 4456/7500/4468 4658/6011/4670 4657/6010/4669
f 4686/6045/4698 4676/6030/4688 4657/7503/4669 4689/7477/4701
f 4686/6045/4698 4689/7477/4701 5669/7473/5689
f 3601/4611/3611 3603/4613/3613 3648/7504/3658 3602/4612/3612
f 2842/3671/2848 4332/5580/4344 3489/4485/3499 2846/3678/2852
f 4078/5230/4090 3887/7505/3897 3877/4995/3887 3889/5014/3899
f 4378/5645/4390 4376/5641/4388 4362/5643/4374 4318/5646/4330
f 4364/5625/4376 4367/5628/4379 4376/5641/4388 4378/5645/4390
f 3748/4820/3758 4366/5627/4378 4367/5628/4379 3868/4983/3878
f 4319/5556/4331 4318/5555/4330 4362/5621/4374 4360/5619/4372
f 4320/5557/4332 4319/5556/4331 4360/5619/4372 4337/5585/4349
f 4334/5582/4346 4336/5584/4348 4337/5585/4349 4338/5586/4350
f 4333/5581/4345 4324/5561/4336 4336/5584/4348 4334/5582/4346
f 4327/5570/4339 4330/5576/4342 4331/5579/4343 4329/5573/4341
f 4330/5577/4342 3491/4487/3501 3490/4486/3500 4331/5578/4343
f 4307/5569/4319 4326/5568/4338 4328/5574/4340 4325/5563/4337
f 4326/5571/4338 4327/5570/4339 4329/5573/4341 4328/5572/4340
f 4308/7506/4320 4307/5569/4319 4325/5563/4337 4323/5562/4335
f 4333/5581/4345 4321/5558/4333 4322/5559/4334 4324/5561/4336
f 4321/5558/4333 4308/5545/4320 4323/5560/4335 4322/5559/4334
f 3340/4317/3350 3339/4316/3349 3931/5064/3941 3901/5028/3911
f 4085/5244/4097 3918/5050/3928 3928/5245/3938 3930/5063/3940
f 3339/4316/3349 5637/7381/5657 3929/5062/3939 3931/5064/3941
f 5637/7381/5657 4085/5244/4097 3930/5063/3940 3929/5062/3939
f 3918/5050/3928 3139/4081/3149 3138/4080/3148 3928/5245/3938
f 3911/7507/3921 3913/5042/3923 3888/5013/3898 3891/5016/3901
f 3906/5033/3916 3905/5032/3915 3913/5042/3923 3911/7507/3921
f 3910/5038/3920 3909/5037/3919 3905/5032/3915 3903/5030/3913
f 3322/4298/3332 3910/5038/3920 3903/5030/3913 3902/5029/3912
f 3899/5026/3909 3898/5025/3908 3900/5027/3910 3902/5029/3912
f 3898/5025/3908 3340/4317/3350 3901/5028/3911 3900/5027/3910
f 3914/5043/3924 4078/5230/4090 3889/5014/3899 3888/5013/3898
f 3886/5011/3896 3286/4258/3296 3875/4993/3885 3878/4999/3888
f 3887/5012/3897 3886/5011/3896 3878/4999/3888 3877/7508/3887
f 3874/7509/3884 3876/4994/3886 1011/1194/1007 1012/3792/1008
f 3873/5000/3883 3875/4993/3885 3876/4994/3886 3874/7509/3884
f 3749/4990/3759 3867/7510/3877 3137/4079/3147 3140/4082/3150
f 3749/4821/3759 3748/4820/3758 3868/4983/3878 3867/4982/3877
f 4332/5580/4344 3844/4956/3854 3490/4486/3500 3489/4485/3499
f 3866/4981/3876 3482/4476/3492 3138/5061/3148 3137/4988/3147
f 4615/5930/4627 4514/7511/4526 5679/7512/5699 4616/5931/4628
f 5679/7512/5699 4514/7511/4526 4513/7513/4525 4671/7514/4683
f 4598/5909/4610 4597/5908/4609 4609/5921/4621 4616/7515/4628
f 4598/5909/4610 4616/7515/4628 5679/7516/5699 5680/7517/5700
f 4599/5910/4611 4598/5909/4610 5680/7517/5700 5681/7518/5701
f 4671/7514/4683 5682/7519/5702 5680/7520/5700 5679/7512/5699
f 5682/7521/5702 5683/7522/5703 5681/7523/5701 5680/7524/5700
f 4670/6023/4682 4888/6338/4906 5682/7525/5702 4671/6024/4683
f 5681/7523/5701 5683/7522/5703 4497/5775/4509 4599/5941/4611
f 5683/7526/5703 5682/7525/5702 4888/6338/4906 4634/5967/4646
f 4497/5827/4509 5683/7526/5703 4634/5967/4646 4537/5828/4549
f 4873/6314/4891 4874/6316/4892 25/7527/5704 20/7528/4911
f 3026/3964/3036 3025/3963/3035 3936/5069/3946 3422/4408/3432
f 3186/4144/3196 3196/4143/3206 3189/4134/3199 3187/4133/3197
f 25/7527/5704 4874/6316/4892 2841/3670/2847 14/3812/2897
f 5568/7363/5588 5612/7329/5632 5611/7328/5631 5569/7333/5589
f 5684/7529/5705 5685/7530/5706 5686/7531/5707 5687/7532/5708
f 5628/7358/5648 5688/7533/5709 5689/7534/5710 5629/7359/5649
f 5690/7535/5711 5689/7534/5710 5691/7536/5712 5692/7537/5713
f 2899/3822/2907 5693/7538/5714 5630/7361/5650 2825/3627/2831
f 5694/7539/5715 5690/7540/5711 5692/7541/5713 5695/7542/5716
f 5627/7355/5647 5626/7354/5646 5694/7539/5715 5696/7543/5717
f 2796/3580/2802 5604/7319/5624 5684/7529/5705 2904/3829/2912
f 5685/7544/5706 5696/7543/5717 5697/7545/5718 5686/7546/5707
f 5698/7547/5719 5617/7337/5637 5616/7336/5636 5699/7548/5720
f 5700/7549/5721 5701/7550/5722 5625/7353/5645 5610/7365/5630
f 5702/7551/5723 5703/7552/5724 5704/7553/5725 5705/7554/5726
f 5699/7555/5720 5696/7543/5717 5685/7544/5706 5698/7556/5719
f 5696/7543/5717 5694/7539/5715 5695/7542/5716 5697/7545/5718
f 5706/7557/5727 5702/7558/5723 5705/7559/5726 5707/7560/5728
f 5708/7561/5729 5709/7562/5730 5710/7563/5731 5711/7564/5732
f 5709/7565/5730 5712/7566/5733 5713/7567/5734 5710/7568/5731
f 5712/7566/5733 2923/3856/2931 2922/3855/2930 5713/7567/5734
f 2904/3829/2912 5684/7529/5705 5687/7532/5708 2924/3857/2932
f 5694/7539/5715 5701/7550/5722 5700/7549/5721 5690/7540/5711
f 5710/7563/5731 5714/7569/5735 5715/7570/5736 5711/7564/5732
f 5630/7361/5650 5693/7538/5714 5688/7533/5709 5628/7358/5648
f 5710/7568/5731 5713/7567/5734 5716/7571/5737 5714/7572/5735
f 5707/7560/5728 5705/7559/5726 5717/7573/5738 5718/7574/5739
f 5713/7567/5734 2922/3855/2930 2930/3864/2938 5716/7571/5737
f 2931/3865/2939 5706/7557/5727 5707/7560/5728 2932/3866/2940
f 5689/7534/5710 5719/7575/5740 5609/7326/5629 5629/7359/5649
f 5705/7554/5726 5704/7553/5725 5720/7576/5741 5717/7577/5738
f 5698/7547/5719 5721/7578/5742 5618/7338/5638 5617/7337/5637
f 5703/7552/5724 5708/7561/5729 5711/7564/5732 5704/7553/5725
f 5610/7327/5630 5609/7326/5629 5719/7575/5740 5700/7579/5721
f 5689/7534/5710 5688/7533/5709 5693/7538/5714 2899/3822/2907
f 2932/3866/2940 5707/7560/5728 5718/7574/5739 2936/3872/2944
f 5625/7353/5645 5701/7550/5722 5694/7539/5715 5626/7354/5646
f 5684/7529/5705 5721/7578/5742 5698/7547/5719 5685/7530/5706
f 5704/7553/5725 5711/7564/5732 5715/7570/5736 5720/7576/5741
f 5616/7356/5636 5627/7355/5647 5696/7543/5717 5699/7555/5720
f 5689/7534/5710 2899/3822/2907 2937/3873/2945 5691/7536/5712
f 5700/7579/5721 5719/7575/5740 5689/7534/5710 5690/7535/5711
f 5604/7319/5624 5618/7338/5638 5721/7578/5742 5684/7529/5705
f 5697/7545/5718 5695/7542/5716 5708/7561/5729 5703/7552/5724
f 2924/3857/2932 5687/7532/5708 5706/7557/5727 2931/3865/2939
f 5691/7536/5712 2937/3873/2945 2923/3856/2931 5712/7566/5733
f 5692/7537/5713 5691/7536/5712 5712/7566/5733 5709/7565/5730
f 5695/7542/5716 5692/7541/5713 5709/7562/5730 5708/7561/5729
f 5687/7532/5708 5686/7531/5707 5702/7558/5723 5706/7557/5727
f 5686/7546/5707 5697/7545/5718 5703/7552/5724 5702/7551/5723
f 2838/3656/2844 1284/1529/1282 5722/7580/5743 5723/7581/5744
f 1283/1528/1281 1219/1431/1217 5724/7582/5745 5725/7583/5746
f 1219/1431/1217 1215/1427/1213 5726/7584/5747 5724/7582/5745
f 4066/5213/4078 4070/5217/4082 5727/7585/5748 5728/7586/5749
f 5642/7461/5662 5667/7462/5687 5729/7587/5750 5730/7588/5744
f 4070/5217/4082 4131/5311/4143 5731/7589/5751 5727/7585/5748
f 4132/5312/4144 5642/7389/5662 5730/7590/5744 5732/7591/5752
f 5/32/26 2873/3744/2879 5733/7592/5753 4/7593/5754
f 4131/5311/4143 4132/5312/4144 5732/7591/5752 5731/7589/5751
f 1215/1427/1213 430/471/426 5734/7594/5755 5726/7584/5747
f 430/471/426 4066/5213/4078 5728/7586/5749 5734/7594/5755
f 5667/7462/5687 3/3876/2948 2/7595/5756 5729/7587/5750
f 1284/1529/1282 1283/1528/1281 5725/7583/5746 5722/7580/5743
f 2873/3744/2879 2838/3743/2844 5723/7596/5744 5733/7592/5753
f 4/7593/5754 5733/7592/5753 5723/7581/5744 5722/7580/5743 5725/7583/5746 5724/7582/5745 5726/7584/5747 5734/7594/5755 5728/7586/5749 5727/7585/5748 5731/7589/5751 5732/7591/5752 5730/7588/5744 5729/7587/5750 2/7595/5756
